Copyright 1986-2022 Xilinx, Inc. All Rights Reserved. Copyright 2022-2024 Advanced Micro Devices, Inc. All Rights Reserved.
-------------------------------------------------------------------------------------------------------------------------------------------------------------------------------------------------------------
| Tool Version      : Vivado v.2024.1 (lin64) Build 5076996 Wed May 22 18:36:09 MDT 2024
| Date              : Mon Mar  2 12:39:13 2026
| Host              : localhost.localdomain running 64-bit unknown
| Command           : report_timing_summary -max_paths 10 -report_unconstrained -file phys_opt_report_timing_summary_0.rpt -pb phys_opt_report_timing_summary_0.pb -rpx phys_opt_report_timing_summary_0.rpx
| Design            : thz_pipeline_top_wrapper
| Device            : xczu7ev-ffvc1156
| Speed File        : -2  PRODUCTION 1.30 05-15-2022
| Design State      : Physopt postPlace
| Temperature Grade : E
-------------------------------------------------------------------------------------------------------------------------------------------------------------------------------------------------------------

Timing Summary Report

------------------------------------------------------------------------------------------------
| Timer Settings
| --------------
------------------------------------------------------------------------------------------------

  Enable Multi Corner Analysis               :  Yes
  Enable Pessimism Removal                   :  Yes
  Pessimism Removal Resolution               :  Nearest Common Node
  Enable Input Delay Default Clock           :  No
  Enable Preset / Clear Arcs                 :  No
  Disable Flight Delays                      :  No
  Ignore I/O Paths                           :  No
  Timing Early Launch at Borrowing Latches   :  No
  Borrow Time for Max Delay Exceptions       :  Yes
  Merge Timing Exceptions                    :  Yes
  Inter-SLR Compensation                     :  Conservative

  Corner  Analyze    Analyze    
  Name    Max Paths  Min Paths  
  ------  ---------  ---------  
  Slow    Yes        Yes        
  Fast    Yes        Yes        


------------------------------------------------------------------------------------------------
| Report Methodology
| ------------------
------------------------------------------------------------------------------------------------

Rule     Severity  Description                                                  Violations  
-------  --------  -----------------------------------------------------------  ----------  
NTCN-11  Warning   CLOCK_DEDICATED_ROUTE net not driven by global clock buffer  1           

Note: This report is based on the most recent report_methodology run and may not be up-to-date. Run report_methodology on the current design for the latest report.



check_timing report

Table of Contents
-----------------
1. checking no_clock (0)
2. checking constant_clock (0)
3. checking pulse_width_clock (0)
4. checking unconstrained_internal_endpoints (0)
5. checking no_input_delay (0)
6. checking no_output_delay (0)
7. checking multiple_clock (0)
8. checking generated_clocks (0)
9. checking loops (0)
10. checking partial_input_delay (0)
11. checking partial_output_delay (0)
12. checking latch_loops (0)

1. checking no_clock (0)
------------------------
 There are 0 register/latch pins with no clock.


2. checking constant_clock (0)
------------------------------
 There are 0 register/latch pins with constant_clock.


3. checking pulse_width_clock (0)
---------------------------------
 There are 0 register/latch pins which need pulse_width check


4. checking unconstrained_internal_endpoints (0)
------------------------------------------------
 There are 0 pins that are not constrained for maximum delay.

 There are 0 pins that are not constrained for maximum delay due to constant clock.


5. checking no_input_delay (0)
------------------------------
 There are 0 input ports with no input delay specified.

 There are 0 input ports with no input delay but user has a false path constraint.


6. checking no_output_delay (0)
-------------------------------
 There are 0 ports with no output delay specified.

 There are 0 ports with no output delay but user has a false path constraint

 There are 0 ports with no output delay but with a timing clock defined on it or propagating through it


7. checking multiple_clock (0)
------------------------------
 There are 0 register/latch pins with multiple clocks.


8. checking generated_clocks (0)
--------------------------------
 There are 0 generated clocks that are not connected to a clock source.


9. checking loops (0)
---------------------
 There are 0 combinational loops in the design.


10. checking partial_input_delay (0)
------------------------------------
 There are 0 input ports with partial input delay specified.


11. checking partial_output_delay (0)
-------------------------------------
 There are 0 ports with partial output delay specified.


12. checking latch_loops (0)
----------------------------
 There are 0 combinational latch loops in the design through latch input



------------------------------------------------------------------------------------------------
| Design Timing Summary
| ---------------------
------------------------------------------------------------------------------------------------

    WNS(ns)      TNS(ns)  TNS Failing Endpoints  TNS Total Endpoints      WHS(ns)      THS(ns)  THS Failing Endpoints  THS Total Endpoints     WPWS(ns)     TPWS(ns)  TPWS Failing Endpoints  TPWS Total Endpoints  
    -------      -------  ---------------------  -------------------      -------      -------  ---------------------  -------------------     --------     --------  ----------------------  --------------------  
      0.572        0.000                      0                88950       -0.158      -47.096                   1773                88950        0.166        0.000                       0                 30245  


Timing constraints are not met.


------------------------------------------------------------------------------------------------
| Clock Summary
| -------------
------------------------------------------------------------------------------------------------

Clock     Waveform(ns)         Period(ns)      Frequency(MHz)
-----     ------------         ----------      --------------
clk_pl_0  {0.000 1.666}        3.333           300.030         


------------------------------------------------------------------------------------------------
| Intra Clock Table
| -----------------
------------------------------------------------------------------------------------------------

Clock             WNS(ns)      TNS(ns)  TNS Failing Endpoints  TNS Total Endpoints      WHS(ns)      THS(ns)  THS Failing Endpoints  THS Total Endpoints     WPWS(ns)     TPWS(ns)  TPWS Failing Endpoints  TPWS Total Endpoints  
-----             -------      -------  ---------------------  -------------------      -------      -------  ---------------------  -------------------     --------     --------  ----------------------  --------------------  
clk_pl_0            0.572        0.000                      0                88950       -0.158      -47.096                   1773                88950        0.166        0.000                       0                 30245  


------------------------------------------------------------------------------------------------
| Inter Clock Table
| -----------------
------------------------------------------------------------------------------------------------

From Clock    To Clock          WNS(ns)      TNS(ns)  TNS Failing Endpoints  TNS Total Endpoints      WHS(ns)      THS(ns)  THS Failing Endpoints  THS Total Endpoints  
----------    --------          -------      -------  ---------------------  -------------------      -------      -------  ---------------------  -------------------  


------------------------------------------------------------------------------------------------
| Other Path Groups Table
| -----------------------
------------------------------------------------------------------------------------------------

Path Group    From Clock    To Clock          WNS(ns)      TNS(ns)  TNS Failing Endpoints  TNS Total Endpoints      WHS(ns)      THS(ns)  THS Failing Endpoints  THS Total Endpoints  
----------    ----------    --------          -------      -------  ---------------------  -------------------      -------      -------  ---------------------  -------------------  


------------------------------------------------------------------------------------------------
| User Ignored Path Table
| -----------------------
------------------------------------------------------------------------------------------------

Path Group    From Clock    To Clock    
----------    ----------    --------    
(none)                      clk_pl_0      
(none)        clk_pl_0      clk_pl_0      


------------------------------------------------------------------------------------------------
| Unconstrained Path Table
| ------------------------
------------------------------------------------------------------------------------------------

Path Group    From Clock    To Clock    
----------    ----------    --------    
(none)                      clk_pl_0      


------------------------------------------------------------------------------------------------
| Timing Details
| --------------
------------------------------------------------------------------------------------------------


---------------------------------------------------------------------------------------------------
From Clock:  clk_pl_0
  To Clock:  clk_pl_0

Setup :            0  Failing Endpoints,  Worst Slack        0.572ns,  Total Violation        0.000ns
Hold  :         1773  Failing Endpoints,  Worst Slack       -0.158ns,  Total Violation      -47.096ns
PW    :            0  Failing Endpoints,  Worst Slack        0.166ns,  Total Violation        0.000ns
---------------------------------------------------------------------------------------------------


Max Delay Paths
--------------------------------------------------------------------------------------
Slack (MET) :             0.572ns  (required time - arrival time)
  Source:                 thz_pipeline_top_i/axi_smc/inst/s01_nodes/s01_w_node/inst/inst_si_handler/arb_stall_r_reg/C
                            (rising edge-triggered cell FDSE clocked by clk_pl_0  {rise@0.000ns fall@1.666ns period=3.333ns})
  Destination:            thz_pipeline_top_i/axi_smc/inst/s01_entry_pipeline/s01_mmu/inst/w_sreg/m_vector_i_reg[1045]/CE
                            (rising edge-triggered cell FDRE clocked by clk_pl_0  {rise@0.000ns fall@1.666ns period=3.333ns})
  Path Group:             clk_pl_0
  Path Type:              Setup (Max at Slow Process Corner)
  Requirement:            3.333ns  (clk_pl_0 rise@3.333ns - clk_pl_0 rise@0.000ns)
  Data Path Delay:        2.383ns  (logic 0.422ns (17.709%)  route 1.961ns (82.291%))
  Logic Levels:           3  (LUT2=1 LUT4=1 LUT5=1)
  Clock Path Skew:        -0.214ns (DCD - SCD + CPR)
    Destination Clock Delay (DCD):    1.727ns = ( 5.060 - 3.333 ) 
    Source Clock Delay      (SCD):    2.042ns
    Clock Pessimism Removal (CPR):    0.101ns
  Clock Uncertainty:      0.104ns  ((TSJ^2 + DJ^2)^1/2) / 2 + PE
    Total System Jitter     (TSJ):    0.071ns
    Discrete Jitter          (DJ):    0.195ns
    Phase Error              (PE):    0.000ns
  Clock Net Delay (Source):      1.834ns (routing 0.616ns, distribution 1.218ns)
  Clock Net Delay (Destination): 1.559ns (routing 0.555ns, distribution 1.004ns)

    Location             Delay type                Incr(ns)  Path(ns)    Netlist Resource(s)
  -------------------------------------------------------------------    -------------------
                         (clock clk_pl_0 rise edge)
                                                      0.000     0.000 r  
    PS8_X0Y0             PS8                          0.000     0.000 r  thz_pipeline_top_i/zynq_ultra_ps_e_0/inst/PS8_i/PLCLK[0]
                         net (fo=1, estimated)        0.180     0.180    thz_pipeline_top_i/zynq_ultra_ps_e_0/inst/pl_clk_unbuffered[0]
    BUFG_PS_X0Y80        BUFG_PS (Prop_BUFG_PS_I_O)
                                                      0.028     0.208 r  thz_pipeline_top_i/zynq_ultra_ps_e_0/inst/buffer_pl_clk_0.PL_CLK_0_BUFG/O
    X1Y2 (CLOCK_ROOT)    net (fo=30604, estimated)    1.834     2.042    thz_pipeline_top_i/axi_smc/inst/s01_nodes/s01_w_node/inst/inst_si_handler/s_sc_aclk
    SLICE_X63Y67         FDSE                                         r  thz_pipeline_top_i/axi_smc/inst/s01_nodes/s01_w_node/inst/inst_si_handler/arb_stall_r_reg/C
  -------------------------------------------------------------------    -------------------
    SLICE_X63Y67         FDSE (Prop_DFF2_SLICEM_C_Q)
                                                      0.080     2.122 f  thz_pipeline_top_i/axi_smc/inst/s01_nodes/s01_w_node/inst/inst_si_handler/arb_stall_r_reg/Q
                         net (fo=14, estimated)       0.334     2.456    thz_pipeline_top_i/axi_smc/inst/s01_entry_pipeline/s01_si_converter/inst/gen_normal.splitter_inst/gen_no_wsplitter.gen_endpoint_woffset.gen_wbypass_offset_fifo.wbypass_offset_fifo/m_axi_wready
    SLICE_X64Y75         LUT2 (Prop_H5LUT_SLICEM_I0_O)
                                                      0.109     2.565 r  thz_pipeline_top_i/axi_smc/inst/s01_entry_pipeline/s01_si_converter/inst/gen_normal.splitter_inst/gen_no_wsplitter.gen_endpoint_woffset.gen_wbypass_offset_fifo.wbypass_offset_fifo/s_axi_wready_INST_0/O
                         net (fo=2, estimated)        0.806     3.371    thz_pipeline_top_i/axi_smc/inst/s01_entry_pipeline/s01_mmu/inst/gen_endpoint.decerr_slave_inst/m_axi_wready
    SLICE_X63Y153        LUT5 (Prop_D5LUT_SLICEM_I4_O)
                                                      0.110     3.481 r  thz_pipeline_top_i/axi_smc/inst/s01_entry_pipeline/s01_mmu/inst/gen_endpoint.decerr_slave_inst/state[s_ready_i]_i_3__0/O
                         net (fo=5, estimated)        0.192     3.673    thz_pipeline_top_i/axi_smc/inst/s01_entry_pipeline/s01_mmu/inst/w_sreg/mr_axi_wready
    SLICE_X63Y152        LUT4 (Prop_G6LUT_SLICEM_I0_O)
                                                      0.123     3.796 r  thz_pipeline_top_i/axi_smc/inst/s01_entry_pipeline/s01_mmu/inst/w_sreg/m_vector_i[1056]_i_1/O
                         net (fo=37, estimated)       0.629     4.425    thz_pipeline_top_i/axi_smc/inst/s01_entry_pipeline/s01_mmu/inst/w_sreg/m_vector_i
    SLICE_X61Y130        FDRE                                         r  thz_pipeline_top_i/axi_smc/inst/s01_entry_pipeline/s01_mmu/inst/w_sreg/m_vector_i_reg[1045]/CE
  -------------------------------------------------------------------    -------------------

                         (clock clk_pl_0 rise edge)
                                                      3.333     3.333 r  
    PS8_X0Y0             PS8                          0.000     3.333 r  thz_pipeline_top_i/zynq_ultra_ps_e_0/inst/PS8_i/PLCLK[0]
                         net (fo=1, estimated)        0.143     3.476    thz_pipeline_top_i/zynq_ultra_ps_e_0/inst/pl_clk_unbuffered[0]
    BUFG_PS_X0Y80        BUFG_PS (Prop_BUFG_PS_I_O)
                                                      0.025     3.501 r  thz_pipeline_top_i/zynq_ultra_ps_e_0/inst/buffer_pl_clk_0.PL_CLK_0_BUFG/O
    X1Y2 (CLOCK_ROOT)    net (fo=30604, estimated)    1.559     5.060    thz_pipeline_top_i/axi_smc/inst/s01_entry_pipeline/s01_mmu/inst/w_sreg/aclk
    SLICE_X61Y130        FDRE                                         r  thz_pipeline_top_i/axi_smc/inst/s01_entry_pipeline/s01_mmu/inst/w_sreg/m_vector_i_reg[1045]/C
                         clock pessimism              0.101     5.161    
                         clock uncertainty           -0.104     5.057    
    SLICE_X61Y130        FDRE (Setup_HFF2_SLICEM_C_CE)
                                                     -0.061     4.996    thz_pipeline_top_i/axi_smc/inst/s01_entry_pipeline/s01_mmu/inst/w_sreg/m_vector_i_reg[1045]
  -------------------------------------------------------------------
                         required time                          4.996    
                         arrival time                          -4.425    
  -------------------------------------------------------------------
                         slack                                  0.572    

Slack (MET) :             0.572ns  (required time - arrival time)
  Source:                 thz_pipeline_top_i/axi_smc/inst/s01_nodes/s01_w_node/inst/inst_si_handler/arb_stall_r_reg/C
                            (rising edge-triggered cell FDSE clocked by clk_pl_0  {rise@0.000ns fall@1.666ns period=3.333ns})
  Destination:            thz_pipeline_top_i/axi_smc/inst/s01_entry_pipeline/s01_mmu/inst/w_sreg/m_vector_i_reg[1049]/CE
                            (rising edge-triggered cell FDRE clocked by clk_pl_0  {rise@0.000ns fall@1.666ns period=3.333ns})
  Path Group:             clk_pl_0
  Path Type:              Setup (Max at Slow Process Corner)
  Requirement:            3.333ns  (clk_pl_0 rise@3.333ns - clk_pl_0 rise@0.000ns)
  Data Path Delay:        2.383ns  (logic 0.422ns (17.709%)  route 1.961ns (82.291%))
  Logic Levels:           3  (LUT2=1 LUT4=1 LUT5=1)
  Clock Path Skew:        -0.214ns (DCD - SCD + CPR)
    Destination Clock Delay (DCD):    1.727ns = ( 5.060 - 3.333 ) 
    Source Clock Delay      (SCD):    2.042ns
    Clock Pessimism Removal (CPR):    0.101ns
  Clock Uncertainty:      0.104ns  ((TSJ^2 + DJ^2)^1/2) / 2 + PE
    Total System Jitter     (TSJ):    0.071ns
    Discrete Jitter          (DJ):    0.195ns
    Phase Error              (PE):    0.000ns
  Clock Net Delay (Source):      1.834ns (routing 0.616ns, distribution 1.218ns)
  Clock Net Delay (Destination): 1.559ns (routing 0.555ns, distribution 1.004ns)

    Location             Delay type                Incr(ns)  Path(ns)    Netlist Resource(s)
  -------------------------------------------------------------------    -------------------
                         (clock clk_pl_0 rise edge)
                                                      0.000     0.000 r  
    PS8_X0Y0             PS8                          0.000     0.000 r  thz_pipeline_top_i/zynq_ultra_ps_e_0/inst/PS8_i/PLCLK[0]
                         net (fo=1, estimated)        0.180     0.180    thz_pipeline_top_i/zynq_ultra_ps_e_0/inst/pl_clk_unbuffered[0]
    BUFG_PS_X0Y80        BUFG_PS (Prop_BUFG_PS_I_O)
                                                      0.028     0.208 r  thz_pipeline_top_i/zynq_ultra_ps_e_0/inst/buffer_pl_clk_0.PL_CLK_0_BUFG/O
    X1Y2 (CLOCK_ROOT)    net (fo=30604, estimated)    1.834     2.042    thz_pipeline_top_i/axi_smc/inst/s01_nodes/s01_w_node/inst/inst_si_handler/s_sc_aclk
    SLICE_X63Y67         FDSE                                         r  thz_pipeline_top_i/axi_smc/inst/s01_nodes/s01_w_node/inst/inst_si_handler/arb_stall_r_reg/C
  -------------------------------------------------------------------    -------------------
    SLICE_X63Y67         FDSE (Prop_DFF2_SLICEM_C_Q)
                                                      0.080     2.122 f  thz_pipeline_top_i/axi_smc/inst/s01_nodes/s01_w_node/inst/inst_si_handler/arb_stall_r_reg/Q
                         net (fo=14, estimated)       0.334     2.456    thz_pipeline_top_i/axi_smc/inst/s01_entry_pipeline/s01_si_converter/inst/gen_normal.splitter_inst/gen_no_wsplitter.gen_endpoint_woffset.gen_wbypass_offset_fifo.wbypass_offset_fifo/m_axi_wready
    SLICE_X64Y75         LUT2 (Prop_H5LUT_SLICEM_I0_O)
                                                      0.109     2.565 r  thz_pipeline_top_i/axi_smc/inst/s01_entry_pipeline/s01_si_converter/inst/gen_normal.splitter_inst/gen_no_wsplitter.gen_endpoint_woffset.gen_wbypass_offset_fifo.wbypass_offset_fifo/s_axi_wready_INST_0/O
                         net (fo=2, estimated)        0.806     3.371    thz_pipeline_top_i/axi_smc/inst/s01_entry_pipeline/s01_mmu/inst/gen_endpoint.decerr_slave_inst/m_axi_wready
    SLICE_X63Y153        LUT5 (Prop_D5LUT_SLICEM_I4_O)
                                                      0.110     3.481 r  thz_pipeline_top_i/axi_smc/inst/s01_entry_pipeline/s01_mmu/inst/gen_endpoint.decerr_slave_inst/state[s_ready_i]_i_3__0/O
                         net (fo=5, estimated)        0.192     3.673    thz_pipeline_top_i/axi_smc/inst/s01_entry_pipeline/s01_mmu/inst/w_sreg/mr_axi_wready
    SLICE_X63Y152        LUT4 (Prop_G6LUT_SLICEM_I0_O)
                                                      0.123     3.796 r  thz_pipeline_top_i/axi_smc/inst/s01_entry_pipeline/s01_mmu/inst/w_sreg/m_vector_i[1056]_i_1/O
                         net (fo=37, estimated)       0.629     4.425    thz_pipeline_top_i/axi_smc/inst/s01_entry_pipeline/s01_mmu/inst/w_sreg/m_vector_i
    SLICE_X61Y130        FDRE                                         r  thz_pipeline_top_i/axi_smc/inst/s01_entry_pipeline/s01_mmu/inst/w_sreg/m_vector_i_reg[1049]/CE
  -------------------------------------------------------------------    -------------------

                         (clock clk_pl_0 rise edge)
                                                      3.333     3.333 r  
    PS8_X0Y0             PS8                          0.000     3.333 r  thz_pipeline_top_i/zynq_ultra_ps_e_0/inst/PS8_i/PLCLK[0]
                         net (fo=1, estimated)        0.143     3.476    thz_pipeline_top_i/zynq_ultra_ps_e_0/inst/pl_clk_unbuffered[0]
    BUFG_PS_X0Y80        BUFG_PS (Prop_BUFG_PS_I_O)
                                                      0.025     3.501 r  thz_pipeline_top_i/zynq_ultra_ps_e_0/inst/buffer_pl_clk_0.PL_CLK_0_BUFG/O
    X1Y2 (CLOCK_ROOT)    net (fo=30604, estimated)    1.559     5.060    thz_pipeline_top_i/axi_smc/inst/s01_entry_pipeline/s01_mmu/inst/w_sreg/aclk
    SLICE_X61Y130        FDRE                                         r  thz_pipeline_top_i/axi_smc/inst/s01_entry_pipeline/s01_mmu/inst/w_sreg/m_vector_i_reg[1049]/C
                         clock pessimism              0.101     5.161    
                         clock uncertainty           -0.104     5.057    
    SLICE_X61Y130        FDRE (Setup_GFF2_SLICEM_C_CE)
                                                     -0.061     4.996    thz_pipeline_top_i/axi_smc/inst/s01_entry_pipeline/s01_mmu/inst/w_sreg/m_vector_i_reg[1049]
  -------------------------------------------------------------------
                         required time                          4.996    
                         arrival time                          -4.425    
  -------------------------------------------------------------------
                         slack                                  0.572    

Slack (MET) :             0.573ns  (required time - arrival time)
  Source:                 thz_pipeline_top_i/axi_smc/inst/s01_nodes/s01_w_node/inst/inst_si_handler/arb_stall_r_reg/C
                            (rising edge-triggered cell FDSE clocked by clk_pl_0  {rise@0.000ns fall@1.666ns period=3.333ns})
  Destination:            thz_pipeline_top_i/axi_smc/inst/s01_entry_pipeline/s01_mmu/inst/w_sreg/m_vector_i_reg[1044]/CE
                            (rising edge-triggered cell FDRE clocked by clk_pl_0  {rise@0.000ns fall@1.666ns period=3.333ns})
  Path Group:             clk_pl_0
  Path Type:              Setup (Max at Slow Process Corner)
  Requirement:            3.333ns  (clk_pl_0 rise@3.333ns - clk_pl_0 rise@0.000ns)
  Data Path Delay:        2.382ns  (logic 0.422ns (17.716%)  route 1.960ns (82.284%))
  Logic Levels:           3  (LUT2=1 LUT4=1 LUT5=1)
  Clock Path Skew:        -0.214ns (DCD - SCD + CPR)
    Destination Clock Delay (DCD):    1.727ns = ( 5.060 - 3.333 ) 
    Source Clock Delay      (SCD):    2.042ns
    Clock Pessimism Removal (CPR):    0.101ns
  Clock Uncertainty:      0.104ns  ((TSJ^2 + DJ^2)^1/2) / 2 + PE
    Total System Jitter     (TSJ):    0.071ns
    Discrete Jitter          (DJ):    0.195ns
    Phase Error              (PE):    0.000ns
  Clock Net Delay (Source):      1.834ns (routing 0.616ns, distribution 1.218ns)
  Clock Net Delay (Destination): 1.559ns (routing 0.555ns, distribution 1.004ns)

    Location             Delay type                Incr(ns)  Path(ns)    Netlist Resource(s)
  -------------------------------------------------------------------    -------------------
                         (clock clk_pl_0 rise edge)
                                                      0.000     0.000 r  
    PS8_X0Y0             PS8                          0.000     0.000 r  thz_pipeline_top_i/zynq_ultra_ps_e_0/inst/PS8_i/PLCLK[0]
                         net (fo=1, estimated)        0.180     0.180    thz_pipeline_top_i/zynq_ultra_ps_e_0/inst/pl_clk_unbuffered[0]
    BUFG_PS_X0Y80        BUFG_PS (Prop_BUFG_PS_I_O)
                                                      0.028     0.208 r  thz_pipeline_top_i/zynq_ultra_ps_e_0/inst/buffer_pl_clk_0.PL_CLK_0_BUFG/O
    X1Y2 (CLOCK_ROOT)    net (fo=30604, estimated)    1.834     2.042    thz_pipeline_top_i/axi_smc/inst/s01_nodes/s01_w_node/inst/inst_si_handler/s_sc_aclk
    SLICE_X63Y67         FDSE                                         r  thz_pipeline_top_i/axi_smc/inst/s01_nodes/s01_w_node/inst/inst_si_handler/arb_stall_r_reg/C
  -------------------------------------------------------------------    -------------------
    SLICE_X63Y67         FDSE (Prop_DFF2_SLICEM_C_Q)
                                                      0.080     2.122 f  thz_pipeline_top_i/axi_smc/inst/s01_nodes/s01_w_node/inst/inst_si_handler/arb_stall_r_reg/Q
                         net (fo=14, estimated)       0.334     2.456    thz_pipeline_top_i/axi_smc/inst/s01_entry_pipeline/s01_si_converter/inst/gen_normal.splitter_inst/gen_no_wsplitter.gen_endpoint_woffset.gen_wbypass_offset_fifo.wbypass_offset_fifo/m_axi_wready
    SLICE_X64Y75         LUT2 (Prop_H5LUT_SLICEM_I0_O)
                                                      0.109     2.565 r  thz_pipeline_top_i/axi_smc/inst/s01_entry_pipeline/s01_si_converter/inst/gen_normal.splitter_inst/gen_no_wsplitter.gen_endpoint_woffset.gen_wbypass_offset_fifo.wbypass_offset_fifo/s_axi_wready_INST_0/O
                         net (fo=2, estimated)        0.806     3.371    thz_pipeline_top_i/axi_smc/inst/s01_entry_pipeline/s01_mmu/inst/gen_endpoint.decerr_slave_inst/m_axi_wready
    SLICE_X63Y153        LUT5 (Prop_D5LUT_SLICEM_I4_O)
                                                      0.110     3.481 r  thz_pipeline_top_i/axi_smc/inst/s01_entry_pipeline/s01_mmu/inst/gen_endpoint.decerr_slave_inst/state[s_ready_i]_i_3__0/O
                         net (fo=5, estimated)        0.192     3.673    thz_pipeline_top_i/axi_smc/inst/s01_entry_pipeline/s01_mmu/inst/w_sreg/mr_axi_wready
    SLICE_X63Y152        LUT4 (Prop_G6LUT_SLICEM_I0_O)
                                                      0.123     3.796 r  thz_pipeline_top_i/axi_smc/inst/s01_entry_pipeline/s01_mmu/inst/w_sreg/m_vector_i[1056]_i_1/O
                         net (fo=37, estimated)       0.628     4.424    thz_pipeline_top_i/axi_smc/inst/s01_entry_pipeline/s01_mmu/inst/w_sreg/m_vector_i
    SLICE_X61Y130        FDRE                                         r  thz_pipeline_top_i/axi_smc/inst/s01_entry_pipeline/s01_mmu/inst/w_sreg/m_vector_i_reg[1044]/CE
  -------------------------------------------------------------------    -------------------

                         (clock clk_pl_0 rise edge)
                                                      3.333     3.333 r  
    PS8_X0Y0             PS8                          0.000     3.333 r  thz_pipeline_top_i/zynq_ultra_ps_e_0/inst/PS8_i/PLCLK[0]
                         net (fo=1, estimated)        0.143     3.476    thz_pipeline_top_i/zynq_ultra_ps_e_0/inst/pl_clk_unbuffered[0]
    BUFG_PS_X0Y80        BUFG_PS (Prop_BUFG_PS_I_O)
                                                      0.025     3.501 r  thz_pipeline_top_i/zynq_ultra_ps_e_0/inst/buffer_pl_clk_0.PL_CLK_0_BUFG/O
    X1Y2 (CLOCK_ROOT)    net (fo=30604, estimated)    1.559     5.060    thz_pipeline_top_i/axi_smc/inst/s01_entry_pipeline/s01_mmu/inst/w_sreg/aclk
    SLICE_X61Y130        FDRE                                         r  thz_pipeline_top_i/axi_smc/inst/s01_entry_pipeline/s01_mmu/inst/w_sreg/m_vector_i_reg[1044]/C
                         clock pessimism              0.101     5.161    
                         clock uncertainty           -0.104     5.057    
    SLICE_X61Y130        FDRE (Setup_HFF_SLICEM_C_CE)
                                                     -0.061     4.996    thz_pipeline_top_i/axi_smc/inst/s01_entry_pipeline/s01_mmu/inst/w_sreg/m_vector_i_reg[1044]
  -------------------------------------------------------------------
                         required time                          4.996    
                         arrival time                          -4.424    
  -------------------------------------------------------------------
                         slack                                  0.573    

Slack (MET) :             0.573ns  (required time - arrival time)
  Source:                 thz_pipeline_top_i/axi_smc/inst/s01_nodes/s01_w_node/inst/inst_si_handler/arb_stall_r_reg/C
                            (rising edge-triggered cell FDSE clocked by clk_pl_0  {rise@0.000ns fall@1.666ns period=3.333ns})
  Destination:            thz_pipeline_top_i/axi_smc/inst/s01_entry_pipeline/s01_mmu/inst/w_sreg/m_vector_i_reg[1048]/CE
                            (rising edge-triggered cell FDRE clocked by clk_pl_0  {rise@0.000ns fall@1.666ns period=3.333ns})
  Path Group:             clk_pl_0
  Path Type:              Setup (Max at Slow Process Corner)
  Requirement:            3.333ns  (clk_pl_0 rise@3.333ns - clk_pl_0 rise@0.000ns)
  Data Path Delay:        2.382ns  (logic 0.422ns (17.716%)  route 1.960ns (82.284%))
  Logic Levels:           3  (LUT2=1 LUT4=1 LUT5=1)
  Clock Path Skew:        -0.214ns (DCD - SCD + CPR)
    Destination Clock Delay (DCD):    1.727ns = ( 5.060 - 3.333 ) 
    Source Clock Delay      (SCD):    2.042ns
    Clock Pessimism Removal (CPR):    0.101ns
  Clock Uncertainty:      0.104ns  ((TSJ^2 + DJ^2)^1/2) / 2 + PE
    Total System Jitter     (TSJ):    0.071ns
    Discrete Jitter          (DJ):    0.195ns
    Phase Error              (PE):    0.000ns
  Clock Net Delay (Source):      1.834ns (routing 0.616ns, distribution 1.218ns)
  Clock Net Delay (Destination): 1.559ns (routing 0.555ns, distribution 1.004ns)

    Location             Delay type                Incr(ns)  Path(ns)    Netlist Resource(s)
  -------------------------------------------------------------------    -------------------
                         (clock clk_pl_0 rise edge)
                                                      0.000     0.000 r  
    PS8_X0Y0             PS8                          0.000     0.000 r  thz_pipeline_top_i/zynq_ultra_ps_e_0/inst/PS8_i/PLCLK[0]
                         net (fo=1, estimated)        0.180     0.180    thz_pipeline_top_i/zynq_ultra_ps_e_0/inst/pl_clk_unbuffered[0]
    BUFG_PS_X0Y80        BUFG_PS (Prop_BUFG_PS_I_O)
                                                      0.028     0.208 r  thz_pipeline_top_i/zynq_ultra_ps_e_0/inst/buffer_pl_clk_0.PL_CLK_0_BUFG/O
    X1Y2 (CLOCK_ROOT)    net (fo=30604, estimated)    1.834     2.042    thz_pipeline_top_i/axi_smc/inst/s01_nodes/s01_w_node/inst/inst_si_handler/s_sc_aclk
    SLICE_X63Y67         FDSE                                         r  thz_pipeline_top_i/axi_smc/inst/s01_nodes/s01_w_node/inst/inst_si_handler/arb_stall_r_reg/C
  -------------------------------------------------------------------    -------------------
    SLICE_X63Y67         FDSE (Prop_DFF2_SLICEM_C_Q)
                                                      0.080     2.122 f  thz_pipeline_top_i/axi_smc/inst/s01_nodes/s01_w_node/inst/inst_si_handler/arb_stall_r_reg/Q
                         net (fo=14, estimated)       0.334     2.456    thz_pipeline_top_i/axi_smc/inst/s01_entry_pipeline/s01_si_converter/inst/gen_normal.splitter_inst/gen_no_wsplitter.gen_endpoint_woffset.gen_wbypass_offset_fifo.wbypass_offset_fifo/m_axi_wready
    SLICE_X64Y75         LUT2 (Prop_H5LUT_SLICEM_I0_O)
                                                      0.109     2.565 r  thz_pipeline_top_i/axi_smc/inst/s01_entry_pipeline/s01_si_converter/inst/gen_normal.splitter_inst/gen_no_wsplitter.gen_endpoint_woffset.gen_wbypass_offset_fifo.wbypass_offset_fifo/s_axi_wready_INST_0/O
                         net (fo=2, estimated)        0.806     3.371    thz_pipeline_top_i/axi_smc/inst/s01_entry_pipeline/s01_mmu/inst/gen_endpoint.decerr_slave_inst/m_axi_wready
    SLICE_X63Y153        LUT5 (Prop_D5LUT_SLICEM_I4_O)
                                                      0.110     3.481 r  thz_pipeline_top_i/axi_smc/inst/s01_entry_pipeline/s01_mmu/inst/gen_endpoint.decerr_slave_inst/state[s_ready_i]_i_3__0/O
                         net (fo=5, estimated)        0.192     3.673    thz_pipeline_top_i/axi_smc/inst/s01_entry_pipeline/s01_mmu/inst/w_sreg/mr_axi_wready
    SLICE_X63Y152        LUT4 (Prop_G6LUT_SLICEM_I0_O)
                                                      0.123     3.796 r  thz_pipeline_top_i/axi_smc/inst/s01_entry_pipeline/s01_mmu/inst/w_sreg/m_vector_i[1056]_i_1/O
                         net (fo=37, estimated)       0.628     4.424    thz_pipeline_top_i/axi_smc/inst/s01_entry_pipeline/s01_mmu/inst/w_sreg/m_vector_i
    SLICE_X61Y130        FDRE                                         r  thz_pipeline_top_i/axi_smc/inst/s01_entry_pipeline/s01_mmu/inst/w_sreg/m_vector_i_reg[1048]/CE
  -------------------------------------------------------------------    -------------------

                         (clock clk_pl_0 rise edge)
                                                      3.333     3.333 r  
    PS8_X0Y0             PS8                          0.000     3.333 r  thz_pipeline_top_i/zynq_ultra_ps_e_0/inst/PS8_i/PLCLK[0]
                         net (fo=1, estimated)        0.143     3.476    thz_pipeline_top_i/zynq_ultra_ps_e_0/inst/pl_clk_unbuffered[0]
    BUFG_PS_X0Y80        BUFG_PS (Prop_BUFG_PS_I_O)
                                                      0.025     3.501 r  thz_pipeline_top_i/zynq_ultra_ps_e_0/inst/buffer_pl_clk_0.PL_CLK_0_BUFG/O
    X1Y2 (CLOCK_ROOT)    net (fo=30604, estimated)    1.559     5.060    thz_pipeline_top_i/axi_smc/inst/s01_entry_pipeline/s01_mmu/inst/w_sreg/aclk
    SLICE_X61Y130        FDRE                                         r  thz_pipeline_top_i/axi_smc/inst/s01_entry_pipeline/s01_mmu/inst/w_sreg/m_vector_i_reg[1048]/C
                         clock pessimism              0.101     5.161    
                         clock uncertainty           -0.104     5.057    
    SLICE_X61Y130        FDRE (Setup_GFF_SLICEM_C_CE)
                                                     -0.061     4.996    thz_pipeline_top_i/axi_smc/inst/s01_entry_pipeline/s01_mmu/inst/w_sreg/m_vector_i_reg[1048]
  -------------------------------------------------------------------
                         required time                          4.996    
                         arrival time                          -4.424    
  -------------------------------------------------------------------
                         slack                                  0.573    

Slack (MET) :             0.588ns  (required time - arrival time)
  Source:                 thz_pipeline_top_i/xfft_0/U0/i_synth/axi_wrapper/flushing_reg/C
                            (rising edge-triggered cell FDRE clocked by clk_pl_0  {rise@0.000ns fall@1.666ns period=3.333ns})
  Destination:            thz_pipeline_top_i/mlkem_top_0/inst/result_stream_U/num_data_cnt_reg[1]/CE
                            (rising edge-triggered cell FDRE clocked by clk_pl_0  {rise@0.000ns fall@1.666ns period=3.333ns})
  Path Group:             clk_pl_0
  Path Type:              Setup (Max at Slow Process Corner)
  Requirement:            3.333ns  (clk_pl_0 rise@3.333ns - clk_pl_0 rise@0.000ns)
  Data Path Delay:        2.504ns  (logic 0.414ns (16.534%)  route 2.090ns (83.466%))
  Logic Levels:           4  (LUT3=1 LUT4=1 LUT5=1 LUT6=1)
  Clock Path Skew:        -0.077ns (DCD - SCD + CPR)
    Destination Clock Delay (DCD):    1.789ns = ( 5.122 - 3.333 ) 
    Source Clock Delay      (SCD):    1.967ns
    Clock Pessimism Removal (CPR):    0.101ns
  Clock Uncertainty:      0.104ns  ((TSJ^2 + DJ^2)^1/2) / 2 + PE
    Total System Jitter     (TSJ):    0.071ns
    Discrete Jitter          (DJ):    0.195ns
    Phase Error              (PE):    0.000ns
  Clock Net Delay (Source):      1.759ns (routing 0.616ns, distribution 1.143ns)
  Clock Net Delay (Destination): 1.621ns (routing 0.555ns, distribution 1.066ns)

    Location             Delay type                Incr(ns)  Path(ns)    Netlist Resource(s)
  -------------------------------------------------------------------    -------------------
                         (clock clk_pl_0 rise edge)
                                                      0.000     0.000 r  
    PS8_X0Y0             PS8                          0.000     0.000 r  thz_pipeline_top_i/zynq_ultra_ps_e_0/inst/PS8_i/PLCLK[0]
                         net (fo=1, estimated)        0.180     0.180    thz_pipeline_top_i/zynq_ultra_ps_e_0/inst/pl_clk_unbuffered[0]
    BUFG_PS_X0Y80        BUFG_PS (Prop_BUFG_PS_I_O)
                                                      0.028     0.208 r  thz_pipeline_top_i/zynq_ultra_ps_e_0/inst/buffer_pl_clk_0.PL_CLK_0_BUFG/O
    X1Y2 (CLOCK_ROOT)    net (fo=30604, estimated)    1.759     1.967    thz_pipeline_top_i/xfft_0/U0/i_synth/axi_wrapper/aclk
    SLICE_X60Y147        FDRE                                         r  thz_pipeline_top_i/xfft_0/U0/i_synth/axi_wrapper/flushing_reg/C
  -------------------------------------------------------------------    -------------------
    SLICE_X60Y147        FDRE (Prop_BFF_SLICEL_C_Q)
                                                      0.079     2.046 f  thz_pipeline_top_i/xfft_0/U0/i_synth/axi_wrapper/flushing_reg/Q
                         net (fo=7, estimated)        0.081     2.127    thz_pipeline_top_i/xfft_0/U0/i_synth/axi_wrapper/data_in_channel_fifo/gen_real_time.full_reg_1
    SLICE_X60Y147        LUT3 (Prop_C5LUT_SLICEL_I0_O)
                                                      0.158     2.285 r  thz_pipeline_top_i/xfft_0/U0/i_synth/axi_wrapper/data_in_channel_fifo/s_axis_data_tready_INST_0/O
                         net (fo=9, estimated)        0.988     3.273    thz_pipeline_top_i/mlkem_top_0/inst/write_phase_U0/regslice_both_out_stream_V_data_V_U/out_stream_TREADY
    SLICE_X57Y230        LUT5 (Prop_C5LUT_SLICEM_I4_O)
                                                      0.068     3.341 r  thz_pipeline_top_i/mlkem_top_0/inst/write_phase_U0/regslice_both_out_stream_V_data_V_U/raddr[7]_i_3/O
                         net (fo=7, estimated)        0.248     3.589    thz_pipeline_top_i/mlkem_top_0/inst/write_phase_U0/regslice_both_out_stream_V_data_V_U/ap_enable_reg_pp0_iter1_reg
    SLICE_X57Y231        LUT4 (Prop_A5LUT_SLICEM_I3_O)
                                                      0.070     3.659 r  thz_pipeline_top_i/mlkem_top_0/inst/write_phase_U0/regslice_both_out_stream_V_data_V_U/state[0]_i_2/O
                         net (fo=30, estimated)       0.421     4.080    thz_pipeline_top_i/mlkem_top_0/inst/process_phase_U0/grp_process_phase_Pipeline_VITIS_LOOP_44_1_fu_38/num_data_cnt_reg[8]
    SLICE_X56Y240        LUT6 (Prop_H6LUT_SLICEM_I5_O)
                                                      0.039     4.119 r  thz_pipeline_top_i/mlkem_top_0/inst/process_phase_U0/grp_process_phase_Pipeline_VITIS_LOOP_44_1_fu_38/num_data_cnt[8]_i_1/O
                         net (fo=9, estimated)        0.352     4.471    thz_pipeline_top_i/mlkem_top_0/inst/result_stream_U/num_data_cnt_reg[8]_0[0]
    SLICE_X56Y244        FDRE                                         r  thz_pipeline_top_i/mlkem_top_0/inst/result_stream_U/num_data_cnt_reg[1]/CE
  -------------------------------------------------------------------    -------------------

                         (clock clk_pl_0 rise edge)
                                                      3.333     3.333 r  
    PS8_X0Y0             PS8                          0.000     3.333 r  thz_pipeline_top_i/zynq_ultra_ps_e_0/inst/PS8_i/PLCLK[0]
                         net (fo=1, estimated)        0.143     3.476    thz_pipeline_top_i/zynq_ultra_ps_e_0/inst/pl_clk_unbuffered[0]
    BUFG_PS_X0Y80        BUFG_PS (Prop_BUFG_PS_I_O)
                                                      0.025     3.501 r  thz_pipeline_top_i/zynq_ultra_ps_e_0/inst/buffer_pl_clk_0.PL_CLK_0_BUFG/O
    X1Y2 (CLOCK_ROOT)    net (fo=30604, estimated)    1.621     5.122    thz_pipeline_top_i/mlkem_top_0/inst/result_stream_U/ap_clk
    SLICE_X56Y244        FDRE                                         r  thz_pipeline_top_i/mlkem_top_0/inst/result_stream_U/num_data_cnt_reg[1]/C
                         clock pessimism              0.101     5.223    
                         clock uncertainty           -0.104     5.119    
    SLICE_X56Y244        FDRE (Setup_AFF_SLICEM_C_CE)
                                                     -0.061     5.058    thz_pipeline_top_i/mlkem_top_0/inst/result_stream_U/num_data_cnt_reg[1]
  -------------------------------------------------------------------
                         required time                          5.058    
                         arrival time                          -4.471    
  -------------------------------------------------------------------
                         slack                                  0.588    

Slack (MET) :             0.588ns  (required time - arrival time)
  Source:                 thz_pipeline_top_i/xfft_0/U0/i_synth/axi_wrapper/flushing_reg/C
                            (rising edge-triggered cell FDRE clocked by clk_pl_0  {rise@0.000ns fall@1.666ns period=3.333ns})
  Destination:            thz_pipeline_top_i/mlkem_top_0/inst/result_stream_U/num_data_cnt_reg[2]/CE
                            (rising edge-triggered cell FDRE clocked by clk_pl_0  {rise@0.000ns fall@1.666ns period=3.333ns})
  Path Group:             clk_pl_0
  Path Type:              Setup (Max at Slow Process Corner)
  Requirement:            3.333ns  (clk_pl_0 rise@3.333ns - clk_pl_0 rise@0.000ns)
  Data Path Delay:        2.504ns  (logic 0.414ns (16.534%)  route 2.090ns (83.466%))
  Logic Levels:           4  (LUT3=1 LUT4=1 LUT5=1 LUT6=1)
  Clock Path Skew:        -0.077ns (DCD - SCD + CPR)
    Destination Clock Delay (DCD):    1.789ns = ( 5.122 - 3.333 ) 
    Source Clock Delay      (SCD):    1.967ns
    Clock Pessimism Removal (CPR):    0.101ns
  Clock Uncertainty:      0.104ns  ((TSJ^2 + DJ^2)^1/2) / 2 + PE
    Total System Jitter     (TSJ):    0.071ns
    Discrete Jitter          (DJ):    0.195ns
    Phase Error              (PE):    0.000ns
  Clock Net Delay (Source):      1.759ns (routing 0.616ns, distribution 1.143ns)
  Clock Net Delay (Destination): 1.621ns (routing 0.555ns, distribution 1.066ns)

    Location             Delay type                Incr(ns)  Path(ns)    Netlist Resource(s)
  -------------------------------------------------------------------    -------------------
                         (clock clk_pl_0 rise edge)
                                                      0.000     0.000 r  
    PS8_X0Y0             PS8                          0.000     0.000 r  thz_pipeline_top_i/zynq_ultra_ps_e_0/inst/PS8_i/PLCLK[0]
                         net (fo=1, estimated)        0.180     0.180    thz_pipeline_top_i/zynq_ultra_ps_e_0/inst/pl_clk_unbuffered[0]
    BUFG_PS_X0Y80        BUFG_PS (Prop_BUFG_PS_I_O)
                                                      0.028     0.208 r  thz_pipeline_top_i/zynq_ultra_ps_e_0/inst/buffer_pl_clk_0.PL_CLK_0_BUFG/O
    X1Y2 (CLOCK_ROOT)    net (fo=30604, estimated)    1.759     1.967    thz_pipeline_top_i/xfft_0/U0/i_synth/axi_wrapper/aclk
    SLICE_X60Y147        FDRE                                         r  thz_pipeline_top_i/xfft_0/U0/i_synth/axi_wrapper/flushing_reg/C
  -------------------------------------------------------------------    -------------------
    SLICE_X60Y147        FDRE (Prop_BFF_SLICEL_C_Q)
                                                      0.079     2.046 f  thz_pipeline_top_i/xfft_0/U0/i_synth/axi_wrapper/flushing_reg/Q
                         net (fo=7, estimated)        0.081     2.127    thz_pipeline_top_i/xfft_0/U0/i_synth/axi_wrapper/data_in_channel_fifo/gen_real_time.full_reg_1
    SLICE_X60Y147        LUT3 (Prop_C5LUT_SLICEL_I0_O)
                                                      0.158     2.285 r  thz_pipeline_top_i/xfft_0/U0/i_synth/axi_wrapper/data_in_channel_fifo/s_axis_data_tready_INST_0/O
                         net (fo=9, estimated)        0.988     3.273    thz_pipeline_top_i/mlkem_top_0/inst/write_phase_U0/regslice_both_out_stream_V_data_V_U/out_stream_TREADY
    SLICE_X57Y230        LUT5 (Prop_C5LUT_SLICEM_I4_O)
                                                      0.068     3.341 r  thz_pipeline_top_i/mlkem_top_0/inst/write_phase_U0/regslice_both_out_stream_V_data_V_U/raddr[7]_i_3/O
                         net (fo=7, estimated)        0.248     3.589    thz_pipeline_top_i/mlkem_top_0/inst/write_phase_U0/regslice_both_out_stream_V_data_V_U/ap_enable_reg_pp0_iter1_reg
    SLICE_X57Y231        LUT4 (Prop_A5LUT_SLICEM_I3_O)
                                                      0.070     3.659 r  thz_pipeline_top_i/mlkem_top_0/inst/write_phase_U0/regslice_both_out_stream_V_data_V_U/state[0]_i_2/O
                         net (fo=30, estimated)       0.421     4.080    thz_pipeline_top_i/mlkem_top_0/inst/process_phase_U0/grp_process_phase_Pipeline_VITIS_LOOP_44_1_fu_38/num_data_cnt_reg[8]
    SLICE_X56Y240        LUT6 (Prop_H6LUT_SLICEM_I5_O)
                                                      0.039     4.119 r  thz_pipeline_top_i/mlkem_top_0/inst/process_phase_U0/grp_process_phase_Pipeline_VITIS_LOOP_44_1_fu_38/num_data_cnt[8]_i_1/O
                         net (fo=9, estimated)        0.352     4.471    thz_pipeline_top_i/mlkem_top_0/inst/result_stream_U/num_data_cnt_reg[8]_0[0]
    SLICE_X56Y244        FDRE                                         r  thz_pipeline_top_i/mlkem_top_0/inst/result_stream_U/num_data_cnt_reg[2]/CE
  -------------------------------------------------------------------    -------------------

                         (clock clk_pl_0 rise edge)
                                                      3.333     3.333 r  
    PS8_X0Y0             PS8                          0.000     3.333 r  thz_pipeline_top_i/zynq_ultra_ps_e_0/inst/PS8_i/PLCLK[0]
                         net (fo=1, estimated)        0.143     3.476    thz_pipeline_top_i/zynq_ultra_ps_e_0/inst/pl_clk_unbuffered[0]
    BUFG_PS_X0Y80        BUFG_PS (Prop_BUFG_PS_I_O)
                                                      0.025     3.501 r  thz_pipeline_top_i/zynq_ultra_ps_e_0/inst/buffer_pl_clk_0.PL_CLK_0_BUFG/O
    X1Y2 (CLOCK_ROOT)    net (fo=30604, estimated)    1.621     5.122    thz_pipeline_top_i/mlkem_top_0/inst/result_stream_U/ap_clk
    SLICE_X56Y244        FDRE                                         r  thz_pipeline_top_i/mlkem_top_0/inst/result_stream_U/num_data_cnt_reg[2]/C
                         clock pessimism              0.101     5.223    
                         clock uncertainty           -0.104     5.119    
    SLICE_X56Y244        FDRE (Setup_BFF_SLICEM_C_CE)
                                                     -0.061     5.058    thz_pipeline_top_i/mlkem_top_0/inst/result_stream_U/num_data_cnt_reg[2]
  -------------------------------------------------------------------
                         required time                          5.058    
                         arrival time                          -4.471    
  -------------------------------------------------------------------
                         slack                                  0.588    

Slack (MET) :             0.588ns  (required time - arrival time)
  Source:                 thz_pipeline_top_i/xfft_0/U0/i_synth/axi_wrapper/flushing_reg/C
                            (rising edge-triggered cell FDRE clocked by clk_pl_0  {rise@0.000ns fall@1.666ns period=3.333ns})
  Destination:            thz_pipeline_top_i/mlkem_top_0/inst/result_stream_U/num_data_cnt_reg[3]/CE
                            (rising edge-triggered cell FDRE clocked by clk_pl_0  {rise@0.000ns fall@1.666ns period=3.333ns})
  Path Group:             clk_pl_0
  Path Type:              Setup (Max at Slow Process Corner)
  Requirement:            3.333ns  (clk_pl_0 rise@3.333ns - clk_pl_0 rise@0.000ns)
  Data Path Delay:        2.504ns  (logic 0.414ns (16.534%)  route 2.090ns (83.466%))
  Logic Levels:           4  (LUT3=1 LUT4=1 LUT5=1 LUT6=1)
  Clock Path Skew:        -0.077ns (DCD - SCD + CPR)
    Destination Clock Delay (DCD):    1.789ns = ( 5.122 - 3.333 ) 
    Source Clock Delay      (SCD):    1.967ns
    Clock Pessimism Removal (CPR):    0.101ns
  Clock Uncertainty:      0.104ns  ((TSJ^2 + DJ^2)^1/2) / 2 + PE
    Total System Jitter     (TSJ):    0.071ns
    Discrete Jitter          (DJ):    0.195ns
    Phase Error              (PE):    0.000ns
  Clock Net Delay (Source):      1.759ns (routing 0.616ns, distribution 1.143ns)
  Clock Net Delay (Destination): 1.621ns (routing 0.555ns, distribution 1.066ns)

    Location             Delay type                Incr(ns)  Path(ns)    Netlist Resource(s)
  -------------------------------------------------------------------    -------------------
                         (clock clk_pl_0 rise edge)
                                                      0.000     0.000 r  
    PS8_X0Y0             PS8                          0.000     0.000 r  thz_pipeline_top_i/zynq_ultra_ps_e_0/inst/PS8_i/PLCLK[0]
                         net (fo=1, estimated)        0.180     0.180    thz_pipeline_top_i/zynq_ultra_ps_e_0/inst/pl_clk_unbuffered[0]
    BUFG_PS_X0Y80        BUFG_PS (Prop_BUFG_PS_I_O)
                                                      0.028     0.208 r  thz_pipeline_top_i/zynq_ultra_ps_e_0/inst/buffer_pl_clk_0.PL_CLK_0_BUFG/O
    X1Y2 (CLOCK_ROOT)    net (fo=30604, estimated)    1.759     1.967    thz_pipeline_top_i/xfft_0/U0/i_synth/axi_wrapper/aclk
    SLICE_X60Y147        FDRE                                         r  thz_pipeline_top_i/xfft_0/U0/i_synth/axi_wrapper/flushing_reg/C
  -------------------------------------------------------------------    -------------------
    SLICE_X60Y147        FDRE (Prop_BFF_SLICEL_C_Q)
                                                      0.079     2.046 f  thz_pipeline_top_i/xfft_0/U0/i_synth/axi_wrapper/flushing_reg/Q
                         net (fo=7, estimated)        0.081     2.127    thz_pipeline_top_i/xfft_0/U0/i_synth/axi_wrapper/data_in_channel_fifo/gen_real_time.full_reg_1
    SLICE_X60Y147        LUT3 (Prop_C5LUT_SLICEL_I0_O)
                                                      0.158     2.285 r  thz_pipeline_top_i/xfft_0/U0/i_synth/axi_wrapper/data_in_channel_fifo/s_axis_data_tready_INST_0/O
                         net (fo=9, estimated)        0.988     3.273    thz_pipeline_top_i/mlkem_top_0/inst/write_phase_U0/regslice_both_out_stream_V_data_V_U/out_stream_TREADY
    SLICE_X57Y230        LUT5 (Prop_C5LUT_SLICEM_I4_O)
                                                      0.068     3.341 r  thz_pipeline_top_i/mlkem_top_0/inst/write_phase_U0/regslice_both_out_stream_V_data_V_U/raddr[7]_i_3/O
                         net (fo=7, estimated)        0.248     3.589    thz_pipeline_top_i/mlkem_top_0/inst/write_phase_U0/regslice_both_out_stream_V_data_V_U/ap_enable_reg_pp0_iter1_reg
    SLICE_X57Y231        LUT4 (Prop_A5LUT_SLICEM_I3_O)
                                                      0.070     3.659 r  thz_pipeline_top_i/mlkem_top_0/inst/write_phase_U0/regslice_both_out_stream_V_data_V_U/state[0]_i_2/O
                         net (fo=30, estimated)       0.421     4.080    thz_pipeline_top_i/mlkem_top_0/inst/process_phase_U0/grp_process_phase_Pipeline_VITIS_LOOP_44_1_fu_38/num_data_cnt_reg[8]
    SLICE_X56Y240        LUT6 (Prop_H6LUT_SLICEM_I5_O)
                                                      0.039     4.119 r  thz_pipeline_top_i/mlkem_top_0/inst/process_phase_U0/grp_process_phase_Pipeline_VITIS_LOOP_44_1_fu_38/num_data_cnt[8]_i_1/O
                         net (fo=9, estimated)        0.352     4.471    thz_pipeline_top_i/mlkem_top_0/inst/result_stream_U/num_data_cnt_reg[8]_0[0]
    SLICE_X56Y244        FDRE                                         r  thz_pipeline_top_i/mlkem_top_0/inst/result_stream_U/num_data_cnt_reg[3]/CE
  -------------------------------------------------------------------    -------------------

                         (clock clk_pl_0 rise edge)
                                                      3.333     3.333 r  
    PS8_X0Y0             PS8                          0.000     3.333 r  thz_pipeline_top_i/zynq_ultra_ps_e_0/inst/PS8_i/PLCLK[0]
                         net (fo=1, estimated)        0.143     3.476    thz_pipeline_top_i/zynq_ultra_ps_e_0/inst/pl_clk_unbuffered[0]
    BUFG_PS_X0Y80        BUFG_PS (Prop_BUFG_PS_I_O)
                                                      0.025     3.501 r  thz_pipeline_top_i/zynq_ultra_ps_e_0/inst/buffer_pl_clk_0.PL_CLK_0_BUFG/O
    X1Y2 (CLOCK_ROOT)    net (fo=30604, estimated)    1.621     5.122    thz_pipeline_top_i/mlkem_top_0/inst/result_stream_U/ap_clk
    SLICE_X56Y244        FDRE                                         r  thz_pipeline_top_i/mlkem_top_0/inst/result_stream_U/num_data_cnt_reg[3]/C
                         clock pessimism              0.101     5.223    
                         clock uncertainty           -0.104     5.119    
    SLICE_X56Y244        FDRE (Setup_CFF_SLICEM_C_CE)
                                                     -0.061     5.058    thz_pipeline_top_i/mlkem_top_0/inst/result_stream_U/num_data_cnt_reg[3]
  -------------------------------------------------------------------
                         required time                          5.058    
                         arrival time                          -4.471    
  -------------------------------------------------------------------
                         slack                                  0.588    

Slack (MET) :             0.588ns  (required time - arrival time)
  Source:                 thz_pipeline_top_i/xfft_0/U0/i_synth/axi_wrapper/flushing_reg/C
                            (rising edge-triggered cell FDRE clocked by clk_pl_0  {rise@0.000ns fall@1.666ns period=3.333ns})
  Destination:            thz_pipeline_top_i/mlkem_top_0/inst/result_stream_U/num_data_cnt_reg[4]/CE
                            (rising edge-triggered cell FDRE clocked by clk_pl_0  {rise@0.000ns fall@1.666ns period=3.333ns})
  Path Group:             clk_pl_0
  Path Type:              Setup (Max at Slow Process Corner)
  Requirement:            3.333ns  (clk_pl_0 rise@3.333ns - clk_pl_0 rise@0.000ns)
  Data Path Delay:        2.504ns  (logic 0.414ns (16.534%)  route 2.090ns (83.466%))
  Logic Levels:           4  (LUT3=1 LUT4=1 LUT5=1 LUT6=1)
  Clock Path Skew:        -0.077ns (DCD - SCD + CPR)
    Destination Clock Delay (DCD):    1.789ns = ( 5.122 - 3.333 ) 
    Source Clock Delay      (SCD):    1.967ns
    Clock Pessimism Removal (CPR):    0.101ns
  Clock Uncertainty:      0.104ns  ((TSJ^2 + DJ^2)^1/2) / 2 + PE
    Total System Jitter     (TSJ):    0.071ns
    Discrete Jitter          (DJ):    0.195ns
    Phase Error              (PE):    0.000ns
  Clock Net Delay (Source):      1.759ns (routing 0.616ns, distribution 1.143ns)
  Clock Net Delay (Destination): 1.621ns (routing 0.555ns, distribution 1.066ns)

    Location             Delay type                Incr(ns)  Path(ns)    Netlist Resource(s)
  -------------------------------------------------------------------    -------------------
                         (clock clk_pl_0 rise edge)
                                                      0.000     0.000 r  
    PS8_X0Y0             PS8                          0.000     0.000 r  thz_pipeline_top_i/zynq_ultra_ps_e_0/inst/PS8_i/PLCLK[0]
                         net (fo=1, estimated)        0.180     0.180    thz_pipeline_top_i/zynq_ultra_ps_e_0/inst/pl_clk_unbuffered[0]
    BUFG_PS_X0Y80        BUFG_PS (Prop_BUFG_PS_I_O)
                                                      0.028     0.208 r  thz_pipeline_top_i/zynq_ultra_ps_e_0/inst/buffer_pl_clk_0.PL_CLK_0_BUFG/O
    X1Y2 (CLOCK_ROOT)    net (fo=30604, estimated)    1.759     1.967    thz_pipeline_top_i/xfft_0/U0/i_synth/axi_wrapper/aclk
    SLICE_X60Y147        FDRE                                         r  thz_pipeline_top_i/xfft_0/U0/i_synth/axi_wrapper/flushing_reg/C
  -------------------------------------------------------------------    -------------------
    SLICE_X60Y147        FDRE (Prop_BFF_SLICEL_C_Q)
                                                      0.079     2.046 f  thz_pipeline_top_i/xfft_0/U0/i_synth/axi_wrapper/flushing_reg/Q
                         net (fo=7, estimated)        0.081     2.127    thz_pipeline_top_i/xfft_0/U0/i_synth/axi_wrapper/data_in_channel_fifo/gen_real_time.full_reg_1
    SLICE_X60Y147        LUT3 (Prop_C5LUT_SLICEL_I0_O)
                                                      0.158     2.285 r  thz_pipeline_top_i/xfft_0/U0/i_synth/axi_wrapper/data_in_channel_fifo/s_axis_data_tready_INST_0/O
                         net (fo=9, estimated)        0.988     3.273    thz_pipeline_top_i/mlkem_top_0/inst/write_phase_U0/regslice_both_out_stream_V_data_V_U/out_stream_TREADY
    SLICE_X57Y230        LUT5 (Prop_C5LUT_SLICEM_I4_O)
                                                      0.068     3.341 r  thz_pipeline_top_i/mlkem_top_0/inst/write_phase_U0/regslice_both_out_stream_V_data_V_U/raddr[7]_i_3/O
                         net (fo=7, estimated)        0.248     3.589    thz_pipeline_top_i/mlkem_top_0/inst/write_phase_U0/regslice_both_out_stream_V_data_V_U/ap_enable_reg_pp0_iter1_reg
    SLICE_X57Y231        LUT4 (Prop_A5LUT_SLICEM_I3_O)
                                                      0.070     3.659 r  thz_pipeline_top_i/mlkem_top_0/inst/write_phase_U0/regslice_both_out_stream_V_data_V_U/state[0]_i_2/O
                         net (fo=30, estimated)       0.421     4.080    thz_pipeline_top_i/mlkem_top_0/inst/process_phase_U0/grp_process_phase_Pipeline_VITIS_LOOP_44_1_fu_38/num_data_cnt_reg[8]
    SLICE_X56Y240        LUT6 (Prop_H6LUT_SLICEM_I5_O)
                                                      0.039     4.119 r  thz_pipeline_top_i/mlkem_top_0/inst/process_phase_U0/grp_process_phase_Pipeline_VITIS_LOOP_44_1_fu_38/num_data_cnt[8]_i_1/O
                         net (fo=9, estimated)        0.352     4.471    thz_pipeline_top_i/mlkem_top_0/inst/result_stream_U/num_data_cnt_reg[8]_0[0]
    SLICE_X56Y244        FDRE                                         r  thz_pipeline_top_i/mlkem_top_0/inst/result_stream_U/num_data_cnt_reg[4]/CE
  -------------------------------------------------------------------    -------------------

                         (clock clk_pl_0 rise edge)
                                                      3.333     3.333 r  
    PS8_X0Y0             PS8                          0.000     3.333 r  thz_pipeline_top_i/zynq_ultra_ps_e_0/inst/PS8_i/PLCLK[0]
                         net (fo=1, estimated)        0.143     3.476    thz_pipeline_top_i/zynq_ultra_ps_e_0/inst/pl_clk_unbuffered[0]
    BUFG_PS_X0Y80        BUFG_PS (Prop_BUFG_PS_I_O)
                                                      0.025     3.501 r  thz_pipeline_top_i/zynq_ultra_ps_e_0/inst/buffer_pl_clk_0.PL_CLK_0_BUFG/O
    X1Y2 (CLOCK_ROOT)    net (fo=30604, estimated)    1.621     5.122    thz_pipeline_top_i/mlkem_top_0/inst/result_stream_U/ap_clk
    SLICE_X56Y244        FDRE                                         r  thz_pipeline_top_i/mlkem_top_0/inst/result_stream_U/num_data_cnt_reg[4]/C
                         clock pessimism              0.101     5.223    
                         clock uncertainty           -0.104     5.119    
    SLICE_X56Y244        FDRE (Setup_DFF_SLICEM_C_CE)
                                                     -0.061     5.058    thz_pipeline_top_i/mlkem_top_0/inst/result_stream_U/num_data_cnt_reg[4]
  -------------------------------------------------------------------
                         required time                          5.058    
                         arrival time                          -4.471    
  -------------------------------------------------------------------
                         slack                                  0.588    

Slack (MET) :             0.596ns  (required time - arrival time)
  Source:                 thz_pipeline_top_i/zynq_ultra_ps_e_0/inst/PS8_i/MAXIGP2ACLK
                            (rising edge-triggered cell PS8 clocked by clk_pl_0  {rise@0.000ns fall@1.666ns period=3.333ns})
  Destination:            thz_pipeline_top_i/axi_dma_1/U0/I_AXI_DMA_REG_MODULE/GEN_S2MM_REGISTERS.I_S2MM_DMA_REGISTER/GEN_REG_FOR_SMPL.buffer_length_wren_reg/D
                            (rising edge-triggered cell FDRE clocked by clk_pl_0  {rise@0.000ns fall@1.666ns period=3.333ns})
  Path Group:             clk_pl_0
  Path Type:              Setup (Max at Slow Process Corner)
  Requirement:            3.333ns  (clk_pl_0 rise@3.333ns - clk_pl_0 rise@0.000ns)
  Data Path Delay:        2.556ns  (logic 0.885ns (34.624%)  route 1.671ns (65.376%))
  Logic Levels:           3  (LUT2=1 LUT4=1 LUT6=1)
  Clock Path Skew:        -0.102ns (DCD - SCD + CPR)
    Destination Clock Delay (DCD):    1.780ns = ( 5.113 - 3.333 ) 
    Source Clock Delay      (SCD):    1.987ns
    Clock Pessimism Removal (CPR):    0.105ns
  Clock Uncertainty:      0.104ns  ((TSJ^2 + DJ^2)^1/2) / 2 + PE
    Total System Jitter     (TSJ):    0.071ns
    Discrete Jitter          (DJ):    0.195ns
    Phase Error              (PE):    0.000ns
  Clock Net Delay (Source):      1.779ns (routing 0.616ns, distribution 1.163ns)
  Clock Net Delay (Destination): 1.612ns (routing 0.555ns, distribution 1.057ns)

    Location             Delay type                Incr(ns)  Path(ns)    Netlist Resource(s)
  -------------------------------------------------------------------    -------------------
                         (clock clk_pl_0 rise edge)
                                                      0.000     0.000 r  
    PS8_X0Y0             PS8                          0.000     0.000 r  thz_pipeline_top_i/zynq_ultra_ps_e_0/inst/PS8_i/PLCLK[0]
                         net (fo=1, estimated)        0.180     0.180    thz_pipeline_top_i/zynq_ultra_ps_e_0/inst/pl_clk_unbuffered[0]
    BUFG_PS_X0Y80        BUFG_PS (Prop_BUFG_PS_I_O)
                                                      0.028     0.208 r  thz_pipeline_top_i/zynq_ultra_ps_e_0/inst/buffer_pl_clk_0.PL_CLK_0_BUFG/O
    X1Y2 (CLOCK_ROOT)    net (fo=30604, estimated)    1.779     1.987    thz_pipeline_top_i/zynq_ultra_ps_e_0/inst/pl_clk0
    PS8_X0Y0             PS8                                          r  thz_pipeline_top_i/zynq_ultra_ps_e_0/inst/PS8_i/MAXIGP2ACLK
  -------------------------------------------------------------------    -------------------
    PS8_X0Y0             PS8 (Prop_PS8_MAXIGP2ACLK_MAXIGP2WDATA[11])
                                                      0.694     2.681 r  thz_pipeline_top_i/zynq_ultra_ps_e_0/inst/PS8_i/MAXIGP2WDATA[11]
                         net (fo=17, estimated)       0.954     3.635    thz_pipeline_top_i/axi_dma_1/U0/I_AXI_DMA_REG_MODULE/GEN_MM2S_REGISTERS.I_MM2S_DMA_REGISTER/s_axi_lite_wdata[11]
    SLICE_X26Y242        LUT4 (Prop_G6LUT_SLICEL_I2_O)
                                                      0.089     3.724 r  thz_pipeline_top_i/axi_dma_1/U0/I_AXI_DMA_REG_MODULE/GEN_MM2S_REGISTERS.I_MM2S_DMA_REGISTER/GEN_REG_FOR_SMPL.buffer_length_wren_i_4/O
                         net (fo=1, estimated)        0.146     3.870    thz_pipeline_top_i/axi_dma_1/U0/I_AXI_DMA_REG_MODULE/GEN_MM2S_REGISTERS.I_MM2S_DMA_REGISTER/GEN_REG_FOR_SMPL.buffer_length_wren_i_4_n_513
    SLICE_X27Y244        LUT6 (Prop_H6LUT_SLICEL_I1_O)
                                                      0.051     3.921 f  thz_pipeline_top_i/axi_dma_1/U0/I_AXI_DMA_REG_MODULE/GEN_MM2S_REGISTERS.I_MM2S_DMA_REGISTER/GEN_REG_FOR_SMPL.buffer_length_wren_i_2/O
                         net (fo=2, estimated)        0.501     4.422    thz_pipeline_top_i/axi_dma_1/U0/I_AXI_DMA_REG_MODULE/GEN_AXI_LITE_IF.AXI_LITE_IF_I/GEN_REG_FOR_SMPL.buffer_length_wren_reg
    SLICE_X49Y246        LUT2 (Prop_D6LUT_SLICEM_I1_O)
                                                      0.051     4.473 r  thz_pipeline_top_i/axi_dma_1/U0/I_AXI_DMA_REG_MODULE/GEN_AXI_LITE_IF.AXI_LITE_IF_I/GEN_REG_FOR_SMPL.buffer_length_wren_i_1/O
                         net (fo=1, routed)           0.070     4.543    thz_pipeline_top_i/axi_dma_1/U0/I_AXI_DMA_REG_MODULE/GEN_S2MM_REGISTERS.I_S2MM_DMA_REGISTER/buffer_length_wren0
    SLICE_X49Y246        FDRE                                         r  thz_pipeline_top_i/axi_dma_1/U0/I_AXI_DMA_REG_MODULE/GEN_S2MM_REGISTERS.I_S2MM_DMA_REGISTER/GEN_REG_FOR_SMPL.buffer_length_wren_reg/D
  -------------------------------------------------------------------    -------------------

                         (clock clk_pl_0 rise edge)
                                                      3.333     3.333 r  
    PS8_X0Y0             PS8                          0.000     3.333 r  thz_pipeline_top_i/zynq_ultra_ps_e_0/inst/PS8_i/PLCLK[0]
                         net (fo=1, estimated)        0.143     3.476    thz_pipeline_top_i/zynq_ultra_ps_e_0/inst/pl_clk_unbuffered[0]
    BUFG_PS_X0Y80        BUFG_PS (Prop_BUFG_PS_I_O)
                                                      0.025     3.501 r  thz_pipeline_top_i/zynq_ultra_ps_e_0/inst/buffer_pl_clk_0.PL_CLK_0_BUFG/O
    X1Y2 (CLOCK_ROOT)    net (fo=30604, estimated)    1.612     5.113    thz_pipeline_top_i/axi_dma_1/U0/I_AXI_DMA_REG_MODULE/GEN_S2MM_REGISTERS.I_S2MM_DMA_REGISTER/m_axi_mm2s_aclk
    SLICE_X49Y246        FDRE                                         r  thz_pipeline_top_i/axi_dma_1/U0/I_AXI_DMA_REG_MODULE/GEN_S2MM_REGISTERS.I_S2MM_DMA_REGISTER/GEN_REG_FOR_SMPL.buffer_length_wren_reg/C
                         clock pessimism              0.105     5.218    
                         clock uncertainty           -0.104     5.114    
    SLICE_X49Y246        FDRE (Setup_DFF2_SLICEM_C_D)
                                                      0.025     5.139    thz_pipeline_top_i/axi_dma_1/U0/I_AXI_DMA_REG_MODULE/GEN_S2MM_REGISTERS.I_S2MM_DMA_REGISTER/GEN_REG_FOR_SMPL.buffer_length_wren_reg
  -------------------------------------------------------------------
                         required time                          5.139    
                         arrival time                          -4.543    
  -------------------------------------------------------------------
                         slack                                  0.596    

Slack (MET) :             0.611ns  (required time - arrival time)
  Source:                 thz_pipeline_top_i/xfft_0/U0/i_synth/axi_wrapper/flushing_reg/C
                            (rising edge-triggered cell FDRE clocked by clk_pl_0  {rise@0.000ns fall@1.666ns period=3.333ns})
  Destination:            thz_pipeline_top_i/mlkem_top_0/inst/result_stream_U/num_data_cnt_reg[5]/CE
                            (rising edge-triggered cell FDRE clocked by clk_pl_0  {rise@0.000ns fall@1.666ns period=3.333ns})
  Path Group:             clk_pl_0
  Path Type:              Setup (Max at Slow Process Corner)
  Requirement:            3.333ns  (clk_pl_0 rise@3.333ns - clk_pl_0 rise@0.000ns)
  Data Path Delay:        2.480ns  (logic 0.414ns (16.694%)  route 2.066ns (83.306%))
  Logic Levels:           4  (LUT3=1 LUT4=1 LUT5=1 LUT6=1)
  Clock Path Skew:        -0.078ns (DCD - SCD + CPR)
    Destination Clock Delay (DCD):    1.788ns = ( 5.121 - 3.333 ) 
    Source Clock Delay      (SCD):    1.967ns
    Clock Pessimism Removal (CPR):    0.101ns
  Clock Uncertainty:      0.104ns  ((TSJ^2 + DJ^2)^1/2) / 2 + PE
    Total System Jitter     (TSJ):    0.071ns
    Discrete Jitter          (DJ):    0.195ns
    Phase Error              (PE):    0.000ns
  Clock Net Delay (Source):      1.759ns (routing 0.616ns, distribution 1.143ns)
  Clock Net Delay (Destination): 1.620ns (routing 0.555ns, distribution 1.065ns)

    Location             Delay type                Incr(ns)  Path(ns)    Netlist Resource(s)
  -------------------------------------------------------------------    -------------------
                         (clock clk_pl_0 rise edge)
                                                      0.000     0.000 r  
    PS8_X0Y0             PS8                          0.000     0.000 r  thz_pipeline_top_i/zynq_ultra_ps_e_0/inst/PS8_i/PLCLK[0]
                         net (fo=1, estimated)        0.180     0.180    thz_pipeline_top_i/zynq_ultra_ps_e_0/inst/pl_clk_unbuffered[0]
    BUFG_PS_X0Y80        BUFG_PS (Prop_BUFG_PS_I_O)
                                                      0.028     0.208 r  thz_pipeline_top_i/zynq_ultra_ps_e_0/inst/buffer_pl_clk_0.PL_CLK_0_BUFG/O
    X1Y2 (CLOCK_ROOT)    net (fo=30604, estimated)    1.759     1.967    thz_pipeline_top_i/xfft_0/U0/i_synth/axi_wrapper/aclk
    SLICE_X60Y147        FDRE                                         r  thz_pipeline_top_i/xfft_0/U0/i_synth/axi_wrapper/flushing_reg/C
  -------------------------------------------------------------------    -------------------
    SLICE_X60Y147        FDRE (Prop_BFF_SLICEL_C_Q)
                                                      0.079     2.046 f  thz_pipeline_top_i/xfft_0/U0/i_synth/axi_wrapper/flushing_reg/Q
                         net (fo=7, estimated)        0.081     2.127    thz_pipeline_top_i/xfft_0/U0/i_synth/axi_wrapper/data_in_channel_fifo/gen_real_time.full_reg_1
    SLICE_X60Y147        LUT3 (Prop_C5LUT_SLICEL_I0_O)
                                                      0.158     2.285 r  thz_pipeline_top_i/xfft_0/U0/i_synth/axi_wrapper/data_in_channel_fifo/s_axis_data_tready_INST_0/O
                         net (fo=9, estimated)        0.988     3.273    thz_pipeline_top_i/mlkem_top_0/inst/write_phase_U0/regslice_both_out_stream_V_data_V_U/out_stream_TREADY
    SLICE_X57Y230        LUT5 (Prop_C5LUT_SLICEM_I4_O)
                                                      0.068     3.341 r  thz_pipeline_top_i/mlkem_top_0/inst/write_phase_U0/regslice_both_out_stream_V_data_V_U/raddr[7]_i_3/O
                         net (fo=7, estimated)        0.248     3.589    thz_pipeline_top_i/mlkem_top_0/inst/write_phase_U0/regslice_both_out_stream_V_data_V_U/ap_enable_reg_pp0_iter1_reg
    SLICE_X57Y231        LUT4 (Prop_A5LUT_SLICEM_I3_O)
                                                      0.070     3.659 r  thz_pipeline_top_i/mlkem_top_0/inst/write_phase_U0/regslice_both_out_stream_V_data_V_U/state[0]_i_2/O
                         net (fo=30, estimated)       0.421     4.080    thz_pipeline_top_i/mlkem_top_0/inst/process_phase_U0/grp_process_phase_Pipeline_VITIS_LOOP_44_1_fu_38/num_data_cnt_reg[8]
    SLICE_X56Y240        LUT6 (Prop_H6LUT_SLICEM_I5_O)
                                                      0.039     4.119 r  thz_pipeline_top_i/mlkem_top_0/inst/process_phase_U0/grp_process_phase_Pipeline_VITIS_LOOP_44_1_fu_38/num_data_cnt[8]_i_1/O
                         net (fo=9, estimated)        0.328     4.447    thz_pipeline_top_i/mlkem_top_0/inst/result_stream_U/num_data_cnt_reg[8]_0[0]
    SLICE_X56Y244        FDRE                                         r  thz_pipeline_top_i/mlkem_top_0/inst/result_stream_U/num_data_cnt_reg[5]/CE
  -------------------------------------------------------------------    -------------------

                         (clock clk_pl_0 rise edge)
                                                      3.333     3.333 r  
    PS8_X0Y0             PS8                          0.000     3.333 r  thz_pipeline_top_i/zynq_ultra_ps_e_0/inst/PS8_i/PLCLK[0]
                         net (fo=1, estimated)        0.143     3.476    thz_pipeline_top_i/zynq_ultra_ps_e_0/inst/pl_clk_unbuffered[0]
    BUFG_PS_X0Y80        BUFG_PS (Prop_BUFG_PS_I_O)
                                                      0.025     3.501 r  thz_pipeline_top_i/zynq_ultra_ps_e_0/inst/buffer_pl_clk_0.PL_CLK_0_BUFG/O
    X1Y2 (CLOCK_ROOT)    net (fo=30604, estimated)    1.620     5.121    thz_pipeline_top_i/mlkem_top_0/inst/result_stream_U/ap_clk
    SLICE_X56Y244        FDRE                                         r  thz_pipeline_top_i/mlkem_top_0/inst/result_stream_U/num_data_cnt_reg[5]/C
                         clock pessimism              0.101     5.222    
                         clock uncertainty           -0.104     5.118    
    SLICE_X56Y244        FDRE (Setup_EFF_SLICEM_C_CE)
                                                     -0.061     5.057    thz_pipeline_top_i/mlkem_top_0/inst/result_stream_U/num_data_cnt_reg[5]
  -------------------------------------------------------------------
                         required time                          5.057    
                         arrival time                          -4.447    
  -------------------------------------------------------------------
                         slack                                  0.611    





Min Delay Paths
--------------------------------------------------------------------------------------
Slack (VIOLATED) :        -0.158ns  (arrival time - required time)
  Source:                 thz_pipeline_top_i/axi_smc/inst/m00_exit_pipeline/m00_exit/inst/r_reg/m_vector_i_reg[1106]/C
                            (rising edge-triggered cell FDRE clocked by clk_pl_0  {rise@0.000ns fall@1.666ns period=3.333ns})
  Destination:            thz_pipeline_top_i/axi_smc/inst/m00_nodes/m00_r_node/inst/inst_mi_handler/gen_normal_area.inst_fifo_node_payld/gen_xpm_memory_fifo.inst_fifo/gen_mem_rep[0].inst_xpm_memory/xpm_memory_base_inst/gen_wr_a.gen_word_narrow.mem_reg_0_31_56_69/RAMG/I
                            (rising edge-triggered cell RAMD32 clocked by clk_pl_0  {rise@0.000ns fall@1.666ns period=3.333ns})
  Path Group:             clk_pl_0
  Path Type:              Hold (Min at Slow Process Corner)
  Requirement:            0.000ns  (clk_pl_0 rise@0.000ns - clk_pl_0 rise@0.000ns)
  Data Path Delay:        0.126ns  (logic 0.058ns (46.032%)  route 0.068ns (53.968%))
  Logic Levels:           0  
  Clock Path Skew:        0.206ns (DCD - SCD - CPR)
    Destination Clock Delay (DCD):    2.051ns
    Source Clock Delay      (SCD):    1.726ns
    Clock Pessimism Removal (CPR):    0.119ns
  Clock Net Delay (Source):      1.558ns (routing 0.555ns, distribution 1.003ns)
  Clock Net Delay (Destination): 1.843ns (routing 0.616ns, distribution 1.227ns)

    Location             Delay type                Incr(ns)  Path(ns)    Netlist Resource(s)
  -------------------------------------------------------------------    -------------------
                         (clock clk_pl_0 rise edge)
                                                      0.000     0.000 r  
    PS8_X0Y0             PS8                          0.000     0.000 r  thz_pipeline_top_i/zynq_ultra_ps_e_0/inst/PS8_i/PLCLK[0]
                         net (fo=1, estimated)        0.143     0.143    thz_pipeline_top_i/zynq_ultra_ps_e_0/inst/pl_clk_unbuffered[0]
    BUFG_PS_X0Y80        BUFG_PS (Prop_BUFG_PS_I_O)
                                                      0.025     0.168 r  thz_pipeline_top_i/zynq_ultra_ps_e_0/inst/buffer_pl_clk_0.PL_CLK_0_BUFG/O
    X1Y2 (CLOCK_ROOT)    net (fo=30604, estimated)    1.558     1.726    thz_pipeline_top_i/axi_smc/inst/m00_exit_pipeline/m00_exit/inst/r_reg/aclk
    SLICE_X50Y61         FDRE                                         r  thz_pipeline_top_i/axi_smc/inst/m00_exit_pipeline/m00_exit/inst/r_reg/m_vector_i_reg[1106]/C
  -------------------------------------------------------------------    -------------------
    SLICE_X50Y61         FDRE (Prop_CFF_SLICEM_C_Q)
                                                      0.058     1.784 r  thz_pipeline_top_i/axi_smc/inst/m00_exit_pipeline/m00_exit/inst/r_reg/m_vector_i_reg[1106]/Q
                         net (fo=1, estimated)        0.068     1.852    thz_pipeline_top_i/axi_smc/inst/m00_nodes/m00_r_node/inst/inst_mi_handler/gen_normal_area.inst_fifo_node_payld/gen_xpm_memory_fifo.inst_fifo/gen_mem_rep[0].inst_xpm_memory/xpm_memory_base_inst/gen_wr_a.gen_word_narrow.mem_reg_0_31_56_69/DIG0
    SLICE_X50Y59         RAMD32                                       r  thz_pipeline_top_i/axi_smc/inst/m00_nodes/m00_r_node/inst/inst_mi_handler/gen_normal_area.inst_fifo_node_payld/gen_xpm_memory_fifo.inst_fifo/gen_mem_rep[0].inst_xpm_memory/xpm_memory_base_inst/gen_wr_a.gen_word_narrow.mem_reg_0_31_56_69/RAMG/I
  -------------------------------------------------------------------    -------------------

                         (clock clk_pl_0 rise edge)
                                                      0.000     0.000 r  
    PS8_X0Y0             PS8                          0.000     0.000 r  thz_pipeline_top_i/zynq_ultra_ps_e_0/inst/PS8_i/PLCLK[0]
                         net (fo=1, estimated)        0.180     0.180    thz_pipeline_top_i/zynq_ultra_ps_e_0/inst/pl_clk_unbuffered[0]
    BUFG_PS_X0Y80        BUFG_PS (Prop_BUFG_PS_I_O)
                                                      0.028     0.208 r  thz_pipeline_top_i/zynq_ultra_ps_e_0/inst/buffer_pl_clk_0.PL_CLK_0_BUFG/O
    X1Y2 (CLOCK_ROOT)    net (fo=30604, estimated)    1.843     2.051    thz_pipeline_top_i/axi_smc/inst/m00_nodes/m00_r_node/inst/inst_mi_handler/gen_normal_area.inst_fifo_node_payld/gen_xpm_memory_fifo.inst_fifo/gen_mem_rep[0].inst_xpm_memory/xpm_memory_base_inst/gen_wr_a.gen_word_narrow.mem_reg_0_31_56_69/WCLK
    SLICE_X50Y59         RAMD32                                       r  thz_pipeline_top_i/axi_smc/inst/m00_nodes/m00_r_node/inst/inst_mi_handler/gen_normal_area.inst_fifo_node_payld/gen_xpm_memory_fifo.inst_fifo/gen_mem_rep[0].inst_xpm_memory/xpm_memory_base_inst/gen_wr_a.gen_word_narrow.mem_reg_0_31_56_69/RAMG/CLK
                         clock pessimism             -0.119     1.932    
    SLICE_X50Y59         RAMD32 (Hold_G5LUT_SLICEM_CLK_I)
                                                      0.078     2.010    thz_pipeline_top_i/axi_smc/inst/m00_nodes/m00_r_node/inst/inst_mi_handler/gen_normal_area.inst_fifo_node_payld/gen_xpm_memory_fifo.inst_fifo/gen_mem_rep[0].inst_xpm_memory/xpm_memory_base_inst/gen_wr_a.gen_word_narrow.mem_reg_0_31_56_69/RAMG
  -------------------------------------------------------------------
                         required time                         -2.010    
                         arrival time                           1.852    
  -------------------------------------------------------------------
                         slack                                 -0.158    

Slack (VIOLATED) :        -0.136ns  (arrival time - required time)
  Source:                 thz_pipeline_top_i/snr_monitor_top_0/inst/udiv_64s_39ns_32_68_seq_1_U38/quot_reg[22]/C
                            (rising edge-triggered cell FDRE clocked by clk_pl_0  {rise@0.000ns fall@1.666ns period=3.333ns})
  Destination:            thz_pipeline_top_i/snr_monitor_top_0/inst/storemerge_reg_133_reg[22]/D
                            (rising edge-triggered cell FDSE clocked by clk_pl_0  {rise@0.000ns fall@1.666ns period=3.333ns})
  Path Group:             clk_pl_0
  Path Type:              Hold (Min at Slow Process Corner)
  Requirement:            0.000ns  (clk_pl_0 rise@0.000ns - clk_pl_0 rise@0.000ns)
  Data Path Delay:        0.140ns  (logic 0.060ns (42.857%)  route 0.080ns (57.143%))
  Logic Levels:           0  
  Clock Path Skew:        0.214ns (DCD - SCD - CPR)
    Destination Clock Delay (DCD):    2.014ns
    Source Clock Delay      (SCD):    1.699ns
    Clock Pessimism Removal (CPR):    0.101ns
  Clock Net Delay (Source):      1.531ns (routing 0.555ns, distribution 0.976ns)
  Clock Net Delay (Destination): 1.806ns (routing 0.616ns, distribution 1.190ns)

    Location             Delay type                Incr(ns)  Path(ns)    Netlist Resource(s)
  -------------------------------------------------------------------    -------------------
                         (clock clk_pl_0 rise edge)
                                                      0.000     0.000 r  
    PS8_X0Y0             PS8                          0.000     0.000 r  thz_pipeline_top_i/zynq_ultra_ps_e_0/inst/PS8_i/PLCLK[0]
                         net (fo=1, estimated)        0.143     0.143    thz_pipeline_top_i/zynq_ultra_ps_e_0/inst/pl_clk_unbuffered[0]
    BUFG_PS_X0Y80        BUFG_PS (Prop_BUFG_PS_I_O)
                                                      0.025     0.168 r  thz_pipeline_top_i/zynq_ultra_ps_e_0/inst/buffer_pl_clk_0.PL_CLK_0_BUFG/O
    X1Y2 (CLOCK_ROOT)    net (fo=30604, estimated)    1.531     1.699    thz_pipeline_top_i/snr_monitor_top_0/inst/udiv_64s_39ns_32_68_seq_1_U38/ap_clk
    SLICE_X52Y179        FDRE                                         r  thz_pipeline_top_i/snr_monitor_top_0/inst/udiv_64s_39ns_32_68_seq_1_U38/quot_reg[22]/C
  -------------------------------------------------------------------    -------------------
    SLICE_X52Y179        FDRE (Prop_FFF2_SLICEL_C_Q)
                                                      0.060     1.759 r  thz_pipeline_top_i/snr_monitor_top_0/inst/udiv_64s_39ns_32_68_seq_1_U38/quot_reg[22]/Q
                         net (fo=1, estimated)        0.080     1.839    thz_pipeline_top_i/snr_monitor_top_0/inst/grp_fu_263_p2[22]
    SLICE_X52Y181        FDSE                                         r  thz_pipeline_top_i/snr_monitor_top_0/inst/storemerge_reg_133_reg[22]/D
  -------------------------------------------------------------------    -------------------

                         (clock clk_pl_0 rise edge)
                                                      0.000     0.000 r  
    PS8_X0Y0             PS8                          0.000     0.000 r  thz_pipeline_top_i/zynq_ultra_ps_e_0/inst/PS8_i/PLCLK[0]
                         net (fo=1, estimated)        0.180     0.180    thz_pipeline_top_i/zynq_ultra_ps_e_0/inst/pl_clk_unbuffered[0]
    BUFG_PS_X0Y80        BUFG_PS (Prop_BUFG_PS_I_O)
                                                      0.028     0.208 r  thz_pipeline_top_i/zynq_ultra_ps_e_0/inst/buffer_pl_clk_0.PL_CLK_0_BUFG/O
    X1Y2 (CLOCK_ROOT)    net (fo=30604, estimated)    1.806     2.014    thz_pipeline_top_i/snr_monitor_top_0/inst/ap_clk
    SLICE_X52Y181        FDSE                                         r  thz_pipeline_top_i/snr_monitor_top_0/inst/storemerge_reg_133_reg[22]/C
                         clock pessimism             -0.101     1.913    
    SLICE_X52Y181        FDSE (Hold_BFF2_SLICEL_C_D)
                                                      0.062     1.975    thz_pipeline_top_i/snr_monitor_top_0/inst/storemerge_reg_133_reg[22]
  -------------------------------------------------------------------
                         required time                         -1.975    
                         arrival time                           1.839    
  -------------------------------------------------------------------
                         slack                                 -0.136    

Slack (VIOLATED) :        -0.126ns  (arrival time - required time)
  Source:                 thz_pipeline_top_i/xfft_1/U0/i_synth/non_native_floating_point.xfft_inst/non_floating_point.arch_b.xfft_inst/single_channel.datapath/i_switch_im/o0_gen/four_inputs.use_lut6.no_lut_sclr.four_to_one_mux[11].latency1.reg/C
                            (rising edge-triggered cell FDRE clocked by clk_pl_0  {rise@0.000ns fall@1.666ns period=3.333ns})
  Destination:            thz_pipeline_top_i/xfft_1/U0/i_synth/non_native_floating_point.xfft_inst/non_floating_point.arch_b.xfft_inst/single_channel.datapath/pe/mult_gen.pipeline_balancer_im/no_sclr_lut.real_shift_ram.use_baseblock.use_hlutnm_srls.srl_loop[5].i_srl16e1/D
                            (rising edge-triggered cell SRL16E clocked by clk_pl_0  {rise@0.000ns fall@1.666ns period=3.333ns})
  Path Group:             clk_pl_0
  Path Type:              Hold (Min at Slow Process Corner)
  Requirement:            0.000ns  (clk_pl_0 rise@0.000ns - clk_pl_0 rise@0.000ns)
  Data Path Delay:        0.173ns  (logic 0.058ns (33.526%)  route 0.115ns (66.474%))
  Logic Levels:           0  
  Clock Path Skew:        0.220ns (DCD - SCD - CPR)
    Destination Clock Delay (DCD):    2.051ns
    Source Clock Delay      (SCD):    1.730ns
    Clock Pessimism Removal (CPR):    0.101ns
  Clock Net Delay (Source):      1.562ns (routing 0.555ns, distribution 1.007ns)
  Clock Net Delay (Destination): 1.843ns (routing 0.616ns, distribution 1.227ns)

    Location             Delay type                Incr(ns)  Path(ns)    Netlist Resource(s)
  -------------------------------------------------------------------    -------------------
                         (clock clk_pl_0 rise edge)
                                                      0.000     0.000 r  
    PS8_X0Y0             PS8                          0.000     0.000 r  thz_pipeline_top_i/zynq_ultra_ps_e_0/inst/PS8_i/PLCLK[0]
                         net (fo=1, estimated)        0.143     0.143    thz_pipeline_top_i/zynq_ultra_ps_e_0/inst/pl_clk_unbuffered[0]
    BUFG_PS_X0Y80        BUFG_PS (Prop_BUFG_PS_I_O)
                                                      0.025     0.168 r  thz_pipeline_top_i/zynq_ultra_ps_e_0/inst/buffer_pl_clk_0.PL_CLK_0_BUFG/O
    X1Y2 (CLOCK_ROOT)    net (fo=30604, estimated)    1.562     1.730    thz_pipeline_top_i/xfft_1/U0/i_synth/non_native_floating_point.xfft_inst/non_floating_point.arch_b.xfft_inst/single_channel.datapath/i_switch_im/o0_gen/aclk
    SLICE_X61Y124        FDRE                                         r  thz_pipeline_top_i/xfft_1/U0/i_synth/non_native_floating_point.xfft_inst/non_floating_point.arch_b.xfft_inst/single_channel.datapath/i_switch_im/o0_gen/four_inputs.use_lut6.no_lut_sclr.four_to_one_mux[11].latency1.reg/C
  -------------------------------------------------------------------    -------------------
    SLICE_X61Y124        FDRE (Prop_DFF_SLICEM_C_Q)
                                                      0.058     1.788 r  thz_pipeline_top_i/xfft_1/U0/i_synth/non_native_floating_point.xfft_inst/non_floating_point.arch_b.xfft_inst/single_channel.datapath/i_switch_im/o0_gen/four_inputs.use_lut6.no_lut_sclr.four_to_one_mux[11].latency1.reg/Q
                         net (fo=1, estimated)        0.115     1.903    thz_pipeline_top_i/xfft_1/U0/i_synth/non_native_floating_point.xfft_inst/non_floating_point.arch_b.xfft_inst/single_channel.datapath/pe/mult_gen.pipeline_balancer_im/no_sclr_lut.real_shift_ram.use_baseblock.use_hlutnm_srls.srl_loop[7].i_srl16e1_0[11]
    SLICE_X61Y118        SRL16E                                       r  thz_pipeline_top_i/xfft_1/U0/i_synth/non_native_floating_point.xfft_inst/non_floating_point.arch_b.xfft_inst/single_channel.datapath/pe/mult_gen.pipeline_balancer_im/no_sclr_lut.real_shift_ram.use_baseblock.use_hlutnm_srls.srl_loop[5].i_srl16e1/D
  -------------------------------------------------------------------    -------------------

                         (clock clk_pl_0 rise edge)
                                                      0.000     0.000 r  
    PS8_X0Y0             PS8                          0.000     0.000 r  thz_pipeline_top_i/zynq_ultra_ps_e_0/inst/PS8_i/PLCLK[0]
                         net (fo=1, estimated)        0.180     0.180    thz_pipeline_top_i/zynq_ultra_ps_e_0/inst/pl_clk_unbuffered[0]
    BUFG_PS_X0Y80        BUFG_PS (Prop_BUFG_PS_I_O)
                                                      0.028     0.208 r  thz_pipeline_top_i/zynq_ultra_ps_e_0/inst/buffer_pl_clk_0.PL_CLK_0_BUFG/O
    X1Y2 (CLOCK_ROOT)    net (fo=30604, estimated)    1.843     2.051    thz_pipeline_top_i/xfft_1/U0/i_synth/non_native_floating_point.xfft_inst/non_floating_point.arch_b.xfft_inst/single_channel.datapath/pe/mult_gen.pipeline_balancer_im/aclk
    SLICE_X61Y118        SRL16E                                       r  thz_pipeline_top_i/xfft_1/U0/i_synth/non_native_floating_point.xfft_inst/non_floating_point.arch_b.xfft_inst/single_channel.datapath/pe/mult_gen.pipeline_balancer_im/no_sclr_lut.real_shift_ram.use_baseblock.use_hlutnm_srls.srl_loop[5].i_srl16e1/CLK
                         clock pessimism             -0.101     1.950    
    SLICE_X61Y118        SRL16E (Hold_H5LUT_SLICEM_CLK_D)
                                                      0.079     2.029    thz_pipeline_top_i/xfft_1/U0/i_synth/non_native_floating_point.xfft_inst/non_floating_point.arch_b.xfft_inst/single_channel.datapath/pe/mult_gen.pipeline_balancer_im/no_sclr_lut.real_shift_ram.use_baseblock.use_hlutnm_srls.srl_loop[5].i_srl16e1
  -------------------------------------------------------------------
                         required time                         -2.029    
                         arrival time                           1.903    
  -------------------------------------------------------------------
                         slack                                 -0.126    

Slack (VIOLATED) :        -0.122ns  (arrival time - required time)
  Source:                 thz_pipeline_top_i/mlkem_top_0/inst/read_phase_U0/grp_read_phase_Pipeline_VITIS_LOOP_30_1_fu_52/trunc_ln33_reg_118_reg[0]/C
                            (rising edge-triggered cell FDRE clocked by clk_pl_0  {rise@0.000ns fall@1.666ns period=3.333ns})
  Destination:            thz_pipeline_top_i/mlkem_top_0/inst/coeff_stream_U/U_mlkem_top_fifo_w16_d256_A_ram/mem_reg_128_191_0_6/RAMA/I
                            (rising edge-triggered cell RAMD64E clocked by clk_pl_0  {rise@0.000ns fall@1.666ns period=3.333ns})
  Path Group:             clk_pl_0
  Path Type:              Hold (Min at Slow Process Corner)
  Requirement:            0.000ns  (clk_pl_0 rise@0.000ns - clk_pl_0 rise@0.000ns)
  Data Path Delay:        0.194ns  (logic 0.058ns (29.897%)  route 0.136ns (70.103%))
  Logic Levels:           0  
  Clock Path Skew:        0.241ns (DCD - SCD - CPR)
    Destination Clock Delay (DCD):    2.114ns
    Source Clock Delay      (SCD):    1.768ns
    Clock Pessimism Removal (CPR):    0.105ns
  Clock Net Delay (Source):      1.600ns (routing 0.555ns, distribution 1.045ns)
  Clock Net Delay (Destination): 1.906ns (routing 0.616ns, distribution 1.290ns)

    Location             Delay type                Incr(ns)  Path(ns)    Netlist Resource(s)
  -------------------------------------------------------------------    -------------------
                         (clock clk_pl_0 rise edge)
                                                      0.000     0.000 r  
    PS8_X0Y0             PS8                          0.000     0.000 r  thz_pipeline_top_i/zynq_ultra_ps_e_0/inst/PS8_i/PLCLK[0]
                         net (fo=1, estimated)        0.143     0.143    thz_pipeline_top_i/zynq_ultra_ps_e_0/inst/pl_clk_unbuffered[0]
    BUFG_PS_X0Y80        BUFG_PS (Prop_BUFG_PS_I_O)
                                                      0.025     0.168 r  thz_pipeline_top_i/zynq_ultra_ps_e_0/inst/buffer_pl_clk_0.PL_CLK_0_BUFG/O
    X1Y2 (CLOCK_ROOT)    net (fo=30604, estimated)    1.600     1.768    thz_pipeline_top_i/mlkem_top_0/inst/read_phase_U0/grp_read_phase_Pipeline_VITIS_LOOP_30_1_fu_52/ap_clk
    SLICE_X61Y236        FDRE                                         r  thz_pipeline_top_i/mlkem_top_0/inst/read_phase_U0/grp_read_phase_Pipeline_VITIS_LOOP_30_1_fu_52/trunc_ln33_reg_118_reg[0]/C
  -------------------------------------------------------------------    -------------------
    SLICE_X61Y236        FDRE (Prop_EFF_SLICEM_C_Q)
                                                      0.058     1.826 r  thz_pipeline_top_i/mlkem_top_0/inst/read_phase_U0/grp_read_phase_Pipeline_VITIS_LOOP_30_1_fu_52/trunc_ln33_reg_118_reg[0]/Q
                         net (fo=4, estimated)        0.136     1.962    thz_pipeline_top_i/mlkem_top_0/inst/coeff_stream_U/U_mlkem_top_fifo_w16_d256_A_ram/mem_reg_128_191_0_6/DIA
    SLICE_X61Y243        RAMD64E                                      r  thz_pipeline_top_i/mlkem_top_0/inst/coeff_stream_U/U_mlkem_top_fifo_w16_d256_A_ram/mem_reg_128_191_0_6/RAMA/I
  -------------------------------------------------------------------    -------------------

                         (clock clk_pl_0 rise edge)
                                                      0.000     0.000 r  
    PS8_X0Y0             PS8                          0.000     0.000 r  thz_pipeline_top_i/zynq_ultra_ps_e_0/inst/PS8_i/PLCLK[0]
                         net (fo=1, estimated)        0.180     0.180    thz_pipeline_top_i/zynq_ultra_ps_e_0/inst/pl_clk_unbuffered[0]
    BUFG_PS_X0Y80        BUFG_PS (Prop_BUFG_PS_I_O)
                                                      0.028     0.208 r  thz_pipeline_top_i/zynq_ultra_ps_e_0/inst/buffer_pl_clk_0.PL_CLK_0_BUFG/O
    X1Y2 (CLOCK_ROOT)    net (fo=30604, estimated)    1.906     2.114    thz_pipeline_top_i/mlkem_top_0/inst/coeff_stream_U/U_mlkem_top_fifo_w16_d256_A_ram/mem_reg_128_191_0_6/WCLK
    SLICE_X61Y243        RAMD64E                                      r  thz_pipeline_top_i/mlkem_top_0/inst/coeff_stream_U/U_mlkem_top_fifo_w16_d256_A_ram/mem_reg_128_191_0_6/RAMA/CLK
                         clock pessimism             -0.105     2.009    
    SLICE_X61Y243        RAMD64E (Hold_A6LUT_SLICEM_CLK_I)
                                                      0.075     2.084    thz_pipeline_top_i/mlkem_top_0/inst/coeff_stream_U/U_mlkem_top_fifo_w16_d256_A_ram/mem_reg_128_191_0_6/RAMA
  -------------------------------------------------------------------
                         required time                         -2.084    
                         arrival time                           1.962    
  -------------------------------------------------------------------
                         slack                                 -0.122    

Slack (VIOLATED) :        -0.121ns  (arrival time - required time)
  Source:                 thz_pipeline_top_i/axi_smc/inst/m00_exit_pipeline/m00_exit/inst/r_reg/m_vector_i_reg[1112]/C
                            (rising edge-triggered cell FDRE clocked by clk_pl_0  {rise@0.000ns fall@1.666ns period=3.333ns})
  Destination:            thz_pipeline_top_i/axi_smc/inst/m00_nodes/m00_r_node/inst/inst_mi_handler/gen_normal_area.inst_fifo_node_payld/gen_xpm_memory_fifo.inst_fifo/gen_mem_rep[0].inst_xpm_memory/xpm_memory_base_inst/gen_wr_a.gen_word_narrow.mem_reg_0_31_70_83/RAMC/I
                            (rising edge-triggered cell RAMD32 clocked by clk_pl_0  {rise@0.000ns fall@1.666ns period=3.333ns})
  Path Group:             clk_pl_0
  Path Type:              Hold (Min at Slow Process Corner)
  Requirement:            0.000ns  (clk_pl_0 rise@0.000ns - clk_pl_0 rise@0.000ns)
  Data Path Delay:        0.163ns  (logic 0.058ns (35.583%)  route 0.105ns (64.417%))
  Logic Levels:           0  
  Clock Path Skew:        0.206ns (DCD - SCD - CPR)
    Destination Clock Delay (DCD):    2.051ns
    Source Clock Delay      (SCD):    1.726ns
    Clock Pessimism Removal (CPR):    0.119ns
  Clock Net Delay (Source):      1.558ns (routing 0.555ns, distribution 1.003ns)
  Clock Net Delay (Destination): 1.843ns (routing 0.616ns, distribution 1.227ns)

    Location             Delay type                Incr(ns)  Path(ns)    Netlist Resource(s)
  -------------------------------------------------------------------    -------------------
                         (clock clk_pl_0 rise edge)
                                                      0.000     0.000 r  
    PS8_X0Y0             PS8                          0.000     0.000 r  thz_pipeline_top_i/zynq_ultra_ps_e_0/inst/PS8_i/PLCLK[0]
                         net (fo=1, estimated)        0.143     0.143    thz_pipeline_top_i/zynq_ultra_ps_e_0/inst/pl_clk_unbuffered[0]
    BUFG_PS_X0Y80        BUFG_PS (Prop_BUFG_PS_I_O)
                                                      0.025     0.168 r  thz_pipeline_top_i/zynq_ultra_ps_e_0/inst/buffer_pl_clk_0.PL_CLK_0_BUFG/O
    X1Y2 (CLOCK_ROOT)    net (fo=30604, estimated)    1.558     1.726    thz_pipeline_top_i/axi_smc/inst/m00_exit_pipeline/m00_exit/inst/r_reg/aclk
    SLICE_X50Y61         FDRE                                         r  thz_pipeline_top_i/axi_smc/inst/m00_exit_pipeline/m00_exit/inst/r_reg/m_vector_i_reg[1112]/C
  -------------------------------------------------------------------    -------------------
    SLICE_X50Y61         FDRE (Prop_BFF_SLICEM_C_Q)
                                                      0.058     1.784 r  thz_pipeline_top_i/axi_smc/inst/m00_exit_pipeline/m00_exit/inst/r_reg/m_vector_i_reg[1112]/Q
                         net (fo=1, estimated)        0.105     1.889    thz_pipeline_top_i/axi_smc/inst/m00_nodes/m00_r_node/inst/inst_mi_handler/gen_normal_area.inst_fifo_node_payld/gen_xpm_memory_fifo.inst_fifo/gen_mem_rep[0].inst_xpm_memory/xpm_memory_base_inst/gen_wr_a.gen_word_narrow.mem_reg_0_31_70_83/DIC0
    SLICE_X50Y58         RAMD32                                       r  thz_pipeline_top_i/axi_smc/inst/m00_nodes/m00_r_node/inst/inst_mi_handler/gen_normal_area.inst_fifo_node_payld/gen_xpm_memory_fifo.inst_fifo/gen_mem_rep[0].inst_xpm_memory/xpm_memory_base_inst/gen_wr_a.gen_word_narrow.mem_reg_0_31_70_83/RAMC/I
  -------------------------------------------------------------------    -------------------

                         (clock clk_pl_0 rise edge)
                                                      0.000     0.000 r  
    PS8_X0Y0             PS8                          0.000     0.000 r  thz_pipeline_top_i/zynq_ultra_ps_e_0/inst/PS8_i/PLCLK[0]
                         net (fo=1, estimated)        0.180     0.180    thz_pipeline_top_i/zynq_ultra_ps_e_0/inst/pl_clk_unbuffered[0]
    BUFG_PS_X0Y80        BUFG_PS (Prop_BUFG_PS_I_O)
                                                      0.028     0.208 r  thz_pipeline_top_i/zynq_ultra_ps_e_0/inst/buffer_pl_clk_0.PL_CLK_0_BUFG/O
    X1Y2 (CLOCK_ROOT)    net (fo=30604, estimated)    1.843     2.051    thz_pipeline_top_i/axi_smc/inst/m00_nodes/m00_r_node/inst/inst_mi_handler/gen_normal_area.inst_fifo_node_payld/gen_xpm_memory_fifo.inst_fifo/gen_mem_rep[0].inst_xpm_memory/xpm_memory_base_inst/gen_wr_a.gen_word_narrow.mem_reg_0_31_70_83/WCLK
    SLICE_X50Y58         RAMD32                                       r  thz_pipeline_top_i/axi_smc/inst/m00_nodes/m00_r_node/inst/inst_mi_handler/gen_normal_area.inst_fifo_node_payld/gen_xpm_memory_fifo.inst_fifo/gen_mem_rep[0].inst_xpm_memory/xpm_memory_base_inst/gen_wr_a.gen_word_narrow.mem_reg_0_31_70_83/RAMC/CLK
                         clock pessimism             -0.119     1.932    
    SLICE_X50Y58         RAMD32 (Hold_C5LUT_SLICEM_CLK_I)
                                                      0.078     2.010    thz_pipeline_top_i/axi_smc/inst/m00_nodes/m00_r_node/inst/inst_mi_handler/gen_normal_area.inst_fifo_node_payld/gen_xpm_memory_fifo.inst_fifo/gen_mem_rep[0].inst_xpm_memory/xpm_memory_base_inst/gen_wr_a.gen_word_narrow.mem_reg_0_31_70_83/RAMC
  -------------------------------------------------------------------
                         required time                         -2.010    
                         arrival time                           1.889    
  -------------------------------------------------------------------
                         slack                                 -0.121    

Slack (VIOLATED) :        -0.121ns  (arrival time - required time)
  Source:                 thz_pipeline_top_i/xfft_1/U0/i_synth/non_native_floating_point.xfft_inst/non_floating_point.arch_b.xfft_inst/control/twiddle_address_generator/N_MAX_P4.p4/nor_gate[3].pre_tw2_reg[3]/C
                            (rising edge-triggered cell FDRE clocked by clk_pl_0  {rise@0.000ns fall@1.666ns period=3.333ns})
  Destination:            thz_pipeline_top_i/xfft_1/U0/i_synth/non_native_floating_point.xfft_inst/non_floating_point.arch_b.xfft_inst/control/twiddle_address_generator/N_MAX_P4.p4/pre_tw2_d_reg[3]/D
                            (rising edge-triggered cell FDRE clocked by clk_pl_0  {rise@0.000ns fall@1.666ns period=3.333ns})
  Path Group:             clk_pl_0
  Path Type:              Hold (Min at Slow Process Corner)
  Requirement:            0.000ns  (clk_pl_0 rise@0.000ns - clk_pl_0 rise@0.000ns)
  Data Path Delay:        0.140ns  (logic 0.060ns (42.857%)  route 0.080ns (57.143%))
  Logic Levels:           0  
  Clock Path Skew:        0.201ns (DCD - SCD - CPR)
    Destination Clock Delay (DCD):    2.141ns
    Source Clock Delay      (SCD):    1.839ns
    Clock Pessimism Removal (CPR):    0.101ns
  Clock Net Delay (Source):      1.671ns (routing 0.555ns, distribution 1.116ns)
  Clock Net Delay (Destination): 1.933ns (routing 0.616ns, distribution 1.317ns)

    Location             Delay type                Incr(ns)  Path(ns)    Netlist Resource(s)
  -------------------------------------------------------------------    -------------------
                         (clock clk_pl_0 rise edge)
                                                      0.000     0.000 r  
    PS8_X0Y0             PS8                          0.000     0.000 r  thz_pipeline_top_i/zynq_ultra_ps_e_0/inst/PS8_i/PLCLK[0]
                         net (fo=1, estimated)        0.143     0.143    thz_pipeline_top_i/zynq_ultra_ps_e_0/inst/pl_clk_unbuffered[0]
    BUFG_PS_X0Y80        BUFG_PS (Prop_BUFG_PS_I_O)
                                                      0.025     0.168 r  thz_pipeline_top_i/zynq_ultra_ps_e_0/inst/buffer_pl_clk_0.PL_CLK_0_BUFG/O
    X1Y2 (CLOCK_ROOT)    net (fo=30604, estimated)    1.671     1.839    thz_pipeline_top_i/xfft_1/U0/i_synth/non_native_floating_point.xfft_inst/non_floating_point.arch_b.xfft_inst/control/twiddle_address_generator/N_MAX_P4.p4/aclk
    SLICE_X69Y120        FDRE                                         r  thz_pipeline_top_i/xfft_1/U0/i_synth/non_native_floating_point.xfft_inst/non_floating_point.arch_b.xfft_inst/control/twiddle_address_generator/N_MAX_P4.p4/nor_gate[3].pre_tw2_reg[3]/C
  -------------------------------------------------------------------    -------------------
    SLICE_X69Y120        FDRE (Prop_BFF2_SLICEL_C_Q)
                                                      0.060     1.899 r  thz_pipeline_top_i/xfft_1/U0/i_synth/non_native_floating_point.xfft_inst/non_floating_point.arch_b.xfft_inst/control/twiddle_address_generator/N_MAX_P4.p4/nor_gate[3].pre_tw2_reg[3]/Q
                         net (fo=1, estimated)        0.080     1.979    thz_pipeline_top_i/xfft_1/U0/i_synth/non_native_floating_point.xfft_inst/non_floating_point.arch_b.xfft_inst/control/twiddle_address_generator/N_MAX_P4.p4/pre_tw2[3]
    SLICE_X69Y118        FDRE                                         r  thz_pipeline_top_i/xfft_1/U0/i_synth/non_native_floating_point.xfft_inst/non_floating_point.arch_b.xfft_inst/control/twiddle_address_generator/N_MAX_P4.p4/pre_tw2_d_reg[3]/D
  -------------------------------------------------------------------    -------------------

                         (clock clk_pl_0 rise edge)
                                                      0.000     0.000 r  
    PS8_X0Y0             PS8                          0.000     0.000 r  thz_pipeline_top_i/zynq_ultra_ps_e_0/inst/PS8_i/PLCLK[0]
                         net (fo=1, estimated)        0.180     0.180    thz_pipeline_top_i/zynq_ultra_ps_e_0/inst/pl_clk_unbuffered[0]
    BUFG_PS_X0Y80        BUFG_PS (Prop_BUFG_PS_I_O)
                                                      0.028     0.208 r  thz_pipeline_top_i/zynq_ultra_ps_e_0/inst/buffer_pl_clk_0.PL_CLK_0_BUFG/O
    X1Y2 (CLOCK_ROOT)    net (fo=30604, estimated)    1.933     2.141    thz_pipeline_top_i/xfft_1/U0/i_synth/non_native_floating_point.xfft_inst/non_floating_point.arch_b.xfft_inst/control/twiddle_address_generator/N_MAX_P4.p4/aclk
    SLICE_X69Y118        FDRE                                         r  thz_pipeline_top_i/xfft_1/U0/i_synth/non_native_floating_point.xfft_inst/non_floating_point.arch_b.xfft_inst/control/twiddle_address_generator/N_MAX_P4.p4/pre_tw2_d_reg[3]/C
                         clock pessimism             -0.101     2.040    
    SLICE_X69Y118        FDRE (Hold_EFF_SLICEL_C_D)
                                                      0.060     2.100    thz_pipeline_top_i/xfft_1/U0/i_synth/non_native_floating_point.xfft_inst/non_floating_point.arch_b.xfft_inst/control/twiddle_address_generator/N_MAX_P4.p4/pre_tw2_d_reg[3]
  -------------------------------------------------------------------
                         required time                         -2.100    
                         arrival time                           1.979    
  -------------------------------------------------------------------
                         slack                                 -0.121    

Slack (VIOLATED) :        -0.118ns  (arrival time - required time)
  Source:                 thz_pipeline_top_i/axi_smc/inst/m00_exit_pipeline/m00_exit/inst/r_reg/m_vector_i_reg[1116]/C
                            (rising edge-triggered cell FDRE clocked by clk_pl_0  {rise@0.000ns fall@1.666ns period=3.333ns})
  Destination:            thz_pipeline_top_i/axi_smc/inst/m00_nodes/m00_r_node/inst/inst_mi_handler/gen_normal_area.inst_fifo_node_payld/gen_xpm_memory_fifo.inst_fifo/gen_mem_rep[0].inst_xpm_memory/xpm_memory_base_inst/gen_wr_a.gen_word_narrow.mem_reg_0_31_70_83/RAME/I
                            (rising edge-triggered cell RAMD32 clocked by clk_pl_0  {rise@0.000ns fall@1.666ns period=3.333ns})
  Path Group:             clk_pl_0
  Path Type:              Hold (Min at Slow Process Corner)
  Requirement:            0.000ns  (clk_pl_0 rise@0.000ns - clk_pl_0 rise@0.000ns)
  Data Path Delay:        0.165ns  (logic 0.058ns (35.152%)  route 0.107ns (64.848%))
  Logic Levels:           0  
  Clock Path Skew:        0.206ns (DCD - SCD - CPR)
    Destination Clock Delay (DCD):    2.051ns
    Source Clock Delay      (SCD):    1.726ns
    Clock Pessimism Removal (CPR):    0.119ns
  Clock Net Delay (Source):      1.558ns (routing 0.555ns, distribution 1.003ns)
  Clock Net Delay (Destination): 1.843ns (routing 0.616ns, distribution 1.227ns)

    Location             Delay type                Incr(ns)  Path(ns)    Netlist Resource(s)
  -------------------------------------------------------------------    -------------------
                         (clock clk_pl_0 rise edge)
                                                      0.000     0.000 r  
    PS8_X0Y0             PS8                          0.000     0.000 r  thz_pipeline_top_i/zynq_ultra_ps_e_0/inst/PS8_i/PLCLK[0]
                         net (fo=1, estimated)        0.143     0.143    thz_pipeline_top_i/zynq_ultra_ps_e_0/inst/pl_clk_unbuffered[0]
    BUFG_PS_X0Y80        BUFG_PS (Prop_BUFG_PS_I_O)
                                                      0.025     0.168 r  thz_pipeline_top_i/zynq_ultra_ps_e_0/inst/buffer_pl_clk_0.PL_CLK_0_BUFG/O
    X1Y2 (CLOCK_ROOT)    net (fo=30604, estimated)    1.558     1.726    thz_pipeline_top_i/axi_smc/inst/m00_exit_pipeline/m00_exit/inst/r_reg/aclk
    SLICE_X50Y61         FDRE                                         r  thz_pipeline_top_i/axi_smc/inst/m00_exit_pipeline/m00_exit/inst/r_reg/m_vector_i_reg[1116]/C
  -------------------------------------------------------------------    -------------------
    SLICE_X50Y61         FDRE (Prop_AFF_SLICEM_C_Q)
                                                      0.058     1.784 r  thz_pipeline_top_i/axi_smc/inst/m00_exit_pipeline/m00_exit/inst/r_reg/m_vector_i_reg[1116]/Q
                         net (fo=1, estimated)        0.107     1.891    thz_pipeline_top_i/axi_smc/inst/m00_nodes/m00_r_node/inst/inst_mi_handler/gen_normal_area.inst_fifo_node_payld/gen_xpm_memory_fifo.inst_fifo/gen_mem_rep[0].inst_xpm_memory/xpm_memory_base_inst/gen_wr_a.gen_word_narrow.mem_reg_0_31_70_83/DIE0
    SLICE_X50Y58         RAMD32                                       r  thz_pipeline_top_i/axi_smc/inst/m00_nodes/m00_r_node/inst/inst_mi_handler/gen_normal_area.inst_fifo_node_payld/gen_xpm_memory_fifo.inst_fifo/gen_mem_rep[0].inst_xpm_memory/xpm_memory_base_inst/gen_wr_a.gen_word_narrow.mem_reg_0_31_70_83/RAME/I
  -------------------------------------------------------------------    -------------------

                         (clock clk_pl_0 rise edge)
                                                      0.000     0.000 r  
    PS8_X0Y0             PS8                          0.000     0.000 r  thz_pipeline_top_i/zynq_ultra_ps_e_0/inst/PS8_i/PLCLK[0]
                         net (fo=1, estimated)        0.180     0.180    thz_pipeline_top_i/zynq_ultra_ps_e_0/inst/pl_clk_unbuffered[0]
    BUFG_PS_X0Y80        BUFG_PS (Prop_BUFG_PS_I_O)
                                                      0.028     0.208 r  thz_pipeline_top_i/zynq_ultra_ps_e_0/inst/buffer_pl_clk_0.PL_CLK_0_BUFG/O
    X1Y2 (CLOCK_ROOT)    net (fo=30604, estimated)    1.843     2.051    thz_pipeline_top_i/axi_smc/inst/m00_nodes/m00_r_node/inst/inst_mi_handler/gen_normal_area.inst_fifo_node_payld/gen_xpm_memory_fifo.inst_fifo/gen_mem_rep[0].inst_xpm_memory/xpm_memory_base_inst/gen_wr_a.gen_word_narrow.mem_reg_0_31_70_83/WCLK
    SLICE_X50Y58         RAMD32                                       r  thz_pipeline_top_i/axi_smc/inst/m00_nodes/m00_r_node/inst/inst_mi_handler/gen_normal_area.inst_fifo_node_payld/gen_xpm_memory_fifo.inst_fifo/gen_mem_rep[0].inst_xpm_memory/xpm_memory_base_inst/gen_wr_a.gen_word_narrow.mem_reg_0_31_70_83/RAME/CLK
                         clock pessimism             -0.119     1.932    
    SLICE_X50Y58         RAMD32 (Hold_E5LUT_SLICEM_CLK_I)
                                                      0.077     2.009    thz_pipeline_top_i/axi_smc/inst/m00_nodes/m00_r_node/inst/inst_mi_handler/gen_normal_area.inst_fifo_node_payld/gen_xpm_memory_fifo.inst_fifo/gen_mem_rep[0].inst_xpm_memory/xpm_memory_base_inst/gen_wr_a.gen_word_narrow.mem_reg_0_31_70_83/RAME
  -------------------------------------------------------------------
                         required time                         -2.009    
                         arrival time                           1.891    
  -------------------------------------------------------------------
                         slack                                 -0.118    

Slack (VIOLATED) :        -0.117ns  (arrival time - required time)
  Source:                 thz_pipeline_top_i/snr_monitor_top_0/inst/udiv_64s_39ns_32_68_seq_1_U38/quot_reg[19]/C
                            (rising edge-triggered cell FDRE clocked by clk_pl_0  {rise@0.000ns fall@1.666ns period=3.333ns})
  Destination:            thz_pipeline_top_i/snr_monitor_top_0/inst/storemerge_reg_133_reg[19]/D
                            (rising edge-triggered cell FDSE clocked by clk_pl_0  {rise@0.000ns fall@1.666ns period=3.333ns})
  Path Group:             clk_pl_0
  Path Type:              Hold (Min at Slow Process Corner)
  Requirement:            0.000ns  (clk_pl_0 rise@0.000ns - clk_pl_0 rise@0.000ns)
  Data Path Delay:        0.159ns  (logic 0.058ns (36.478%)  route 0.101ns (63.522%))
  Logic Levels:           0  
  Clock Path Skew:        0.214ns (DCD - SCD - CPR)
    Destination Clock Delay (DCD):    2.014ns
    Source Clock Delay      (SCD):    1.699ns
    Clock Pessimism Removal (CPR):    0.101ns
  Clock Net Delay (Source):      1.531ns (routing 0.555ns, distribution 0.976ns)
  Clock Net Delay (Destination): 1.806ns (routing 0.616ns, distribution 1.190ns)

    Location             Delay type                Incr(ns)  Path(ns)    Netlist Resource(s)
  -------------------------------------------------------------------    -------------------
                         (clock clk_pl_0 rise edge)
                                                      0.000     0.000 r  
    PS8_X0Y0             PS8                          0.000     0.000 r  thz_pipeline_top_i/zynq_ultra_ps_e_0/inst/PS8_i/PLCLK[0]
                         net (fo=1, estimated)        0.143     0.143    thz_pipeline_top_i/zynq_ultra_ps_e_0/inst/pl_clk_unbuffered[0]
    BUFG_PS_X0Y80        BUFG_PS (Prop_BUFG_PS_I_O)
                                                      0.025     0.168 r  thz_pipeline_top_i/zynq_ultra_ps_e_0/inst/buffer_pl_clk_0.PL_CLK_0_BUFG/O
    X1Y2 (CLOCK_ROOT)    net (fo=30604, estimated)    1.531     1.699    thz_pipeline_top_i/snr_monitor_top_0/inst/udiv_64s_39ns_32_68_seq_1_U38/ap_clk
    SLICE_X52Y179        FDRE                                         r  thz_pipeline_top_i/snr_monitor_top_0/inst/udiv_64s_39ns_32_68_seq_1_U38/quot_reg[19]/C
  -------------------------------------------------------------------    -------------------
    SLICE_X52Y179        FDRE (Prop_FFF_SLICEL_C_Q)
                                                      0.058     1.757 r  thz_pipeline_top_i/snr_monitor_top_0/inst/udiv_64s_39ns_32_68_seq_1_U38/quot_reg[19]/Q
                         net (fo=1, estimated)        0.101     1.858    thz_pipeline_top_i/snr_monitor_top_0/inst/grp_fu_263_p2[19]
    SLICE_X52Y181        FDSE                                         r  thz_pipeline_top_i/snr_monitor_top_0/inst/storemerge_reg_133_reg[19]/D
  -------------------------------------------------------------------    -------------------

                         (clock clk_pl_0 rise edge)
                                                      0.000     0.000 r  
    PS8_X0Y0             PS8                          0.000     0.000 r  thz_pipeline_top_i/zynq_ultra_ps_e_0/inst/PS8_i/PLCLK[0]
                         net (fo=1, estimated)        0.180     0.180    thz_pipeline_top_i/zynq_ultra_ps_e_0/inst/pl_clk_unbuffered[0]
    BUFG_PS_X0Y80        BUFG_PS (Prop_BUFG_PS_I_O)
                                                      0.028     0.208 r  thz_pipeline_top_i/zynq_ultra_ps_e_0/inst/buffer_pl_clk_0.PL_CLK_0_BUFG/O
    X1Y2 (CLOCK_ROOT)    net (fo=30604, estimated)    1.806     2.014    thz_pipeline_top_i/snr_monitor_top_0/inst/ap_clk
    SLICE_X52Y181        FDSE                                         r  thz_pipeline_top_i/snr_monitor_top_0/inst/storemerge_reg_133_reg[19]/C
                         clock pessimism             -0.101     1.913    
    SLICE_X52Y181        FDSE (Hold_AFF2_SLICEL_C_D)
                                                      0.062     1.975    thz_pipeline_top_i/snr_monitor_top_0/inst/storemerge_reg_133_reg[19]
  -------------------------------------------------------------------
                         required time                         -1.975    
                         arrival time                           1.858    
  -------------------------------------------------------------------
                         slack                                 -0.117    

Slack (VIOLATED) :        -0.117ns  (arrival time - required time)
  Source:                 thz_pipeline_top_i/axi_smc/inst/m00_exit_pipeline/m00_exit/inst/r_reg/m_vector_i_reg[1104]/C
                            (rising edge-triggered cell FDRE clocked by clk_pl_0  {rise@0.000ns fall@1.666ns period=3.333ns})
  Destination:            thz_pipeline_top_i/axi_smc/inst/m00_nodes/m00_r_node/inst/inst_mi_handler/gen_normal_area.inst_fifo_node_payld/gen_xpm_memory_fifo.inst_fifo/gen_mem_rep[0].inst_xpm_memory/xpm_memory_base_inst/gen_wr_a.gen_word_narrow.mem_reg_0_31_56_69/RAMF/I
                            (rising edge-triggered cell RAMD32 clocked by clk_pl_0  {rise@0.000ns fall@1.666ns period=3.333ns})
  Path Group:             clk_pl_0
  Path Type:              Hold (Min at Slow Process Corner)
  Requirement:            0.000ns  (clk_pl_0 rise@0.000ns - clk_pl_0 rise@0.000ns)
  Data Path Delay:        0.167ns  (logic 0.060ns (35.928%)  route 0.107ns (64.072%))
  Logic Levels:           0  
  Clock Path Skew:        0.206ns (DCD - SCD - CPR)
    Destination Clock Delay (DCD):    2.051ns
    Source Clock Delay      (SCD):    1.726ns
    Clock Pessimism Removal (CPR):    0.119ns
  Clock Net Delay (Source):      1.558ns (routing 0.555ns, distribution 1.003ns)
  Clock Net Delay (Destination): 1.843ns (routing 0.616ns, distribution 1.227ns)

    Location             Delay type                Incr(ns)  Path(ns)    Netlist Resource(s)
  -------------------------------------------------------------------    -------------------
                         (clock clk_pl_0 rise edge)
                                                      0.000     0.000 r  
    PS8_X0Y0             PS8                          0.000     0.000 r  thz_pipeline_top_i/zynq_ultra_ps_e_0/inst/PS8_i/PLCLK[0]
                         net (fo=1, estimated)        0.143     0.143    thz_pipeline_top_i/zynq_ultra_ps_e_0/inst/pl_clk_unbuffered[0]
    BUFG_PS_X0Y80        BUFG_PS (Prop_BUFG_PS_I_O)
                                                      0.025     0.168 r  thz_pipeline_top_i/zynq_ultra_ps_e_0/inst/buffer_pl_clk_0.PL_CLK_0_BUFG/O
    X1Y2 (CLOCK_ROOT)    net (fo=30604, estimated)    1.558     1.726    thz_pipeline_top_i/axi_smc/inst/m00_exit_pipeline/m00_exit/inst/r_reg/aclk
    SLICE_X50Y62         FDRE                                         r  thz_pipeline_top_i/axi_smc/inst/m00_exit_pipeline/m00_exit/inst/r_reg/m_vector_i_reg[1104]/C
  -------------------------------------------------------------------    -------------------
    SLICE_X50Y62         FDRE (Prop_AFF2_SLICEM_C_Q)
                                                      0.060     1.786 r  thz_pipeline_top_i/axi_smc/inst/m00_exit_pipeline/m00_exit/inst/r_reg/m_vector_i_reg[1104]/Q
                         net (fo=1, estimated)        0.107     1.893    thz_pipeline_top_i/axi_smc/inst/m00_nodes/m00_r_node/inst/inst_mi_handler/gen_normal_area.inst_fifo_node_payld/gen_xpm_memory_fifo.inst_fifo/gen_mem_rep[0].inst_xpm_memory/xpm_memory_base_inst/gen_wr_a.gen_word_narrow.mem_reg_0_31_56_69/DIF0
    SLICE_X50Y59         RAMD32                                       r  thz_pipeline_top_i/axi_smc/inst/m00_nodes/m00_r_node/inst/inst_mi_handler/gen_normal_area.inst_fifo_node_payld/gen_xpm_memory_fifo.inst_fifo/gen_mem_rep[0].inst_xpm_memory/xpm_memory_base_inst/gen_wr_a.gen_word_narrow.mem_reg_0_31_56_69/RAMF/I
  -------------------------------------------------------------------    -------------------

                         (clock clk_pl_0 rise edge)
                                                      0.000     0.000 r  
    PS8_X0Y0             PS8                          0.000     0.000 r  thz_pipeline_top_i/zynq_ultra_ps_e_0/inst/PS8_i/PLCLK[0]
                         net (fo=1, estimated)        0.180     0.180    thz_pipeline_top_i/zynq_ultra_ps_e_0/inst/pl_clk_unbuffered[0]
    BUFG_PS_X0Y80        BUFG_PS (Prop_BUFG_PS_I_O)
                                                      0.028     0.208 r  thz_pipeline_top_i/zynq_ultra_ps_e_0/inst/buffer_pl_clk_0.PL_CLK_0_BUFG/O
    X1Y2 (CLOCK_ROOT)    net (fo=30604, estimated)    1.843     2.051    thz_pipeline_top_i/axi_smc/inst/m00_nodes/m00_r_node/inst/inst_mi_handler/gen_normal_area.inst_fifo_node_payld/gen_xpm_memory_fifo.inst_fifo/gen_mem_rep[0].inst_xpm_memory/xpm_memory_base_inst/gen_wr_a.gen_word_narrow.mem_reg_0_31_56_69/WCLK
    SLICE_X50Y59         RAMD32                                       r  thz_pipeline_top_i/axi_smc/inst/m00_nodes/m00_r_node/inst/inst_mi_handler/gen_normal_area.inst_fifo_node_payld/gen_xpm_memory_fifo.inst_fifo/gen_mem_rep[0].inst_xpm_memory/xpm_memory_base_inst/gen_wr_a.gen_word_narrow.mem_reg_0_31_56_69/RAMF/CLK
                         clock pessimism             -0.119     1.932    
    SLICE_X50Y59         RAMD32 (Hold_F5LUT_SLICEM_CLK_I)
                                                      0.078     2.010    thz_pipeline_top_i/axi_smc/inst/m00_nodes/m00_r_node/inst/inst_mi_handler/gen_normal_area.inst_fifo_node_payld/gen_xpm_memory_fifo.inst_fifo/gen_mem_rep[0].inst_xpm_memory/xpm_memory_base_inst/gen_wr_a.gen_word_narrow.mem_reg_0_31_56_69/RAMF
  -------------------------------------------------------------------
                         required time                         -2.010    
                         arrival time                           1.893    
  -------------------------------------------------------------------
                         slack                                 -0.117    

Slack (VIOLATED) :        -0.116ns  (arrival time - required time)
  Source:                 thz_pipeline_top_i/axi_smc/inst/m00_exit_pipeline/m00_exit/inst/r_reg/m_vector_i_reg[1120]/C
                            (rising edge-triggered cell FDRE clocked by clk_pl_0  {rise@0.000ns fall@1.666ns period=3.333ns})
  Destination:            thz_pipeline_top_i/axi_smc/inst/m00_nodes/m00_r_node/inst/inst_mi_handler/gen_normal_area.inst_fifo_node_payld/gen_xpm_memory_fifo.inst_fifo/gen_mem_rep[0].inst_xpm_memory/xpm_memory_base_inst/gen_wr_a.gen_word_narrow.mem_reg_0_31_70_83/RAMG/I
                            (rising edge-triggered cell RAMD32 clocked by clk_pl_0  {rise@0.000ns fall@1.666ns period=3.333ns})
  Path Group:             clk_pl_0
  Path Type:              Hold (Min at Slow Process Corner)
  Requirement:            0.000ns  (clk_pl_0 rise@0.000ns - clk_pl_0 rise@0.000ns)
  Data Path Delay:        0.168ns  (logic 0.059ns (35.119%)  route 0.109ns (64.881%))
  Logic Levels:           0  
  Clock Path Skew:        0.206ns (DCD - SCD - CPR)
    Destination Clock Delay (DCD):    2.051ns
    Source Clock Delay      (SCD):    1.726ns
    Clock Pessimism Removal (CPR):    0.119ns
  Clock Net Delay (Source):      1.558ns (routing 0.555ns, distribution 1.003ns)
  Clock Net Delay (Destination): 1.843ns (routing 0.616ns, distribution 1.227ns)

    Location             Delay type                Incr(ns)  Path(ns)    Netlist Resource(s)
  -------------------------------------------------------------------    -------------------
                         (clock clk_pl_0 rise edge)
                                                      0.000     0.000 r  
    PS8_X0Y0             PS8                          0.000     0.000 r  thz_pipeline_top_i/zynq_ultra_ps_e_0/inst/PS8_i/PLCLK[0]
                         net (fo=1, estimated)        0.143     0.143    thz_pipeline_top_i/zynq_ultra_ps_e_0/inst/pl_clk_unbuffered[0]
    BUFG_PS_X0Y80        BUFG_PS (Prop_BUFG_PS_I_O)
                                                      0.025     0.168 r  thz_pipeline_top_i/zynq_ultra_ps_e_0/inst/buffer_pl_clk_0.PL_CLK_0_BUFG/O
    X1Y2 (CLOCK_ROOT)    net (fo=30604, estimated)    1.558     1.726    thz_pipeline_top_i/axi_smc/inst/m00_exit_pipeline/m00_exit/inst/r_reg/aclk
    SLICE_X50Y61         FDRE                                         r  thz_pipeline_top_i/axi_smc/inst/m00_exit_pipeline/m00_exit/inst/r_reg/m_vector_i_reg[1120]/C
  -------------------------------------------------------------------    -------------------
    SLICE_X50Y61         FDRE (Prop_CFF2_SLICEM_C_Q)
                                                      0.059     1.785 r  thz_pipeline_top_i/axi_smc/inst/m00_exit_pipeline/m00_exit/inst/r_reg/m_vector_i_reg[1120]/Q
                         net (fo=1, estimated)        0.109     1.894    thz_pipeline_top_i/axi_smc/inst/m00_nodes/m00_r_node/inst/inst_mi_handler/gen_normal_area.inst_fifo_node_payld/gen_xpm_memory_fifo.inst_fifo/gen_mem_rep[0].inst_xpm_memory/xpm_memory_base_inst/gen_wr_a.gen_word_narrow.mem_reg_0_31_70_83/DIG0
    SLICE_X50Y58         RAMD32                                       r  thz_pipeline_top_i/axi_smc/inst/m00_nodes/m00_r_node/inst/inst_mi_handler/gen_normal_area.inst_fifo_node_payld/gen_xpm_memory_fifo.inst_fifo/gen_mem_rep[0].inst_xpm_memory/xpm_memory_base_inst/gen_wr_a.gen_word_narrow.mem_reg_0_31_70_83/RAMG/I
  -------------------------------------------------------------------    -------------------

                         (clock clk_pl_0 rise edge)
                                                      0.000     0.000 r  
    PS8_X0Y0             PS8                          0.000     0.000 r  thz_pipeline_top_i/zynq_ultra_ps_e_0/inst/PS8_i/PLCLK[0]
                         net (fo=1, estimated)        0.180     0.180    thz_pipeline_top_i/zynq_ultra_ps_e_0/inst/pl_clk_unbuffered[0]
    BUFG_PS_X0Y80        BUFG_PS (Prop_BUFG_PS_I_O)
                                                      0.028     0.208 r  thz_pipeline_top_i/zynq_ultra_ps_e_0/inst/buffer_pl_clk_0.PL_CLK_0_BUFG/O
    X1Y2 (CLOCK_ROOT)    net (fo=30604, estimated)    1.843     2.051    thz_pipeline_top_i/axi_smc/inst/m00_nodes/m00_r_node/inst/inst_mi_handler/gen_normal_area.inst_fifo_node_payld/gen_xpm_memory_fifo.inst_fifo/gen_mem_rep[0].inst_xpm_memory/xpm_memory_base_inst/gen_wr_a.gen_word_narrow.mem_reg_0_31_70_83/WCLK
    SLICE_X50Y58         RAMD32                                       r  thz_pipeline_top_i/axi_smc/inst/m00_nodes/m00_r_node/inst/inst_mi_handler/gen_normal_area.inst_fifo_node_payld/gen_xpm_memory_fifo.inst_fifo/gen_mem_rep[0].inst_xpm_memory/xpm_memory_base_inst/gen_wr_a.gen_word_narrow.mem_reg_0_31_70_83/RAMG/CLK
                         clock pessimism             -0.119     1.932    
    SLICE_X50Y58         RAMD32 (Hold_G5LUT_SLICEM_CLK_I)
                                                      0.078     2.010    thz_pipeline_top_i/axi_smc/inst/m00_nodes/m00_r_node/inst/inst_mi_handler/gen_normal_area.inst_fifo_node_payld/gen_xpm_memory_fifo.inst_fifo/gen_mem_rep[0].inst_xpm_memory/xpm_memory_base_inst/gen_wr_a.gen_word_narrow.mem_reg_0_31_70_83/RAMG
  -------------------------------------------------------------------
                         required time                         -2.010    
                         arrival time                           1.894    
  -------------------------------------------------------------------
                         slack                                 -0.116    





Pulse Width Checks
--------------------------------------------------------------------------------------
Clock Name:         clk_pl_0
Waveform(ns):       { 0.000 1.666 }
Period(ns):         3.333
Sources:            { thz_pipeline_top_i/zynq_ultra_ps_e_0/inst/PS8_i/PLCLK[0] }

Check Type        Corner  Lib Pin             Reference Pin  Required(ns)  Actual(ns)  Slack(ns)  Location      Pin
Min Period        n/a     PS8/MAXIGP2ACLK     n/a            3.000         3.333       0.333      PS8_X0Y0      thz_pipeline_top_i/zynq_ultra_ps_e_0/inst/PS8_i/MAXIGP2ACLK
Min Period        n/a     PS8/SAXIGP0RCLK     n/a            3.000         3.333       0.333      PS8_X0Y0      thz_pipeline_top_i/zynq_ultra_ps_e_0/inst/PS8_i/SAXIGP0RCLK
Min Period        n/a     PS8/SAXIGP0WCLK     n/a            3.000         3.333       0.333      PS8_X0Y0      thz_pipeline_top_i/zynq_ultra_ps_e_0/inst/PS8_i/SAXIGP0WCLK
Min Period        n/a     PS8/SAXIGP1RCLK     n/a            3.000         3.333       0.333      PS8_X0Y0      thz_pipeline_top_i/zynq_ultra_ps_e_0/inst/PS8_i/SAXIGP1RCLK
Min Period        n/a     PS8/SAXIGP1WCLK     n/a            3.000         3.333       0.333      PS8_X0Y0      thz_pipeline_top_i/zynq_ultra_ps_e_0/inst/PS8_i/SAXIGP1WCLK
Min Period        n/a     RAMB36E2/CLKARDCLK  n/a            1.569         3.333       1.764      RAMB36_X2Y33  thz_pipeline_top_i/axis_data_fifo_0/inst/gen_fifo.xpm_fifo_axis_inst/xpm_fifo_base_inst/gen_sdpram.xpm_memory_base_inst/gen_wr_a.gen_word_narrow.mem_reg_bram_0/CLKARDCLK
Min Period        n/a     RAMB36E2/CLKARDCLK  n/a            1.569         3.333       1.764      RAMB36_X1Y33  thz_pipeline_top_i/axis_data_fifo_1/inst/gen_fifo.xpm_fifo_axis_inst/xpm_fifo_base_inst/gen_sdpram.xpm_memory_base_inst/gen_wr_a.gen_word_narrow.mem_reg_bram_0/CLKARDCLK
Min Period        n/a     RAMB18E2/CLKARDCLK  n/a            1.569         3.333       1.764      RAMB18_X1Y25  thz_pipeline_top_i/beamformer_top_0/inst/weights_im_1_U/ram_reg_bram_0/CLKARDCLK
Min Period        n/a     RAMB18E2/CLKARDCLK  n/a            1.569         3.333       1.764      RAMB18_X1Y43  thz_pipeline_top_i/beamformer_top_0/inst/weights_im_2_U/ram_reg_bram_0/CLKARDCLK
Min Period        n/a     RAMB18E2/CLKARDCLK  n/a            1.569         3.333       1.764      RAMB18_X1Y24  thz_pipeline_top_i/beamformer_top_0/inst/weights_im_3_U/ram_reg_bram_0/CLKARDCLK
Low Pulse Width   Slow    PS8/MAXIGP2ACLK     n/a            1.500         1.666       0.166      PS8_X0Y0      thz_pipeline_top_i/zynq_ultra_ps_e_0/inst/PS8_i/MAXIGP2ACLK
Low Pulse Width   Fast    PS8/MAXIGP2ACLK     n/a            1.500         1.666       0.166      PS8_X0Y0      thz_pipeline_top_i/zynq_ultra_ps_e_0/inst/PS8_i/MAXIGP2ACLK
Low Pulse Width   Slow    PS8/SAXIGP0RCLK     n/a            1.500         1.666       0.166      PS8_X0Y0      thz_pipeline_top_i/zynq_ultra_ps_e_0/inst/PS8_i/SAXIGP0RCLK
Low Pulse Width   Fast    PS8/SAXIGP0RCLK     n/a            1.500         1.666       0.166      PS8_X0Y0      thz_pipeline_top_i/zynq_ultra_ps_e_0/inst/PS8_i/SAXIGP0RCLK
Low Pulse Width   Slow    PS8/SAXIGP0WCLK     n/a            1.500         1.666       0.166      PS8_X0Y0      thz_pipeline_top_i/zynq_ultra_ps_e_0/inst/PS8_i/SAXIGP0WCLK
Low Pulse Width   Fast    PS8/SAXIGP0WCLK     n/a            1.500         1.666       0.166      PS8_X0Y0      thz_pipeline_top_i/zynq_ultra_ps_e_0/inst/PS8_i/SAXIGP0WCLK
Low Pulse Width   Slow    PS8/SAXIGP1RCLK     n/a            1.500         1.667       0.167      PS8_X0Y0      thz_pipeline_top_i/zynq_ultra_ps_e_0/inst/PS8_i/SAXIGP1RCLK
Low Pulse Width   Fast    PS8/SAXIGP1RCLK     n/a            1.500         1.666       0.166      PS8_X0Y0      thz_pipeline_top_i/zynq_ultra_ps_e_0/inst/PS8_i/SAXIGP1RCLK
Low Pulse Width   Slow    PS8/SAXIGP1WCLK     n/a            1.500         1.667       0.167      PS8_X0Y0      thz_pipeline_top_i/zynq_ultra_ps_e_0/inst/PS8_i/SAXIGP1WCLK
Low Pulse Width   Fast    PS8/SAXIGP1WCLK     n/a            1.500         1.666       0.166      PS8_X0Y0      thz_pipeline_top_i/zynq_ultra_ps_e_0/inst/PS8_i/SAXIGP1WCLK
High Pulse Width  Slow    PS8/MAXIGP2ACLK     n/a            1.500         1.667       0.167      PS8_X0Y0      thz_pipeline_top_i/zynq_ultra_ps_e_0/inst/PS8_i/MAXIGP2ACLK
High Pulse Width  Fast    PS8/MAXIGP2ACLK     n/a            1.500         1.667       0.167      PS8_X0Y0      thz_pipeline_top_i/zynq_ultra_ps_e_0/inst/PS8_i/MAXIGP2ACLK
High Pulse Width  Slow    PS8/SAXIGP0RCLK     n/a            1.500         1.666       0.166      PS8_X0Y0      thz_pipeline_top_i/zynq_ultra_ps_e_0/inst/PS8_i/SAXIGP0RCLK
High Pulse Width  Fast    PS8/SAXIGP0RCLK     n/a            1.500         1.666       0.166      PS8_X0Y0      thz_pipeline_top_i/zynq_ultra_ps_e_0/inst/PS8_i/SAXIGP0RCLK
High Pulse Width  Slow    PS8/SAXIGP0WCLK     n/a            1.500         1.666       0.166      PS8_X0Y0      thz_pipeline_top_i/zynq_ultra_ps_e_0/inst/PS8_i/SAXIGP0WCLK
High Pulse Width  Fast    PS8/SAXIGP0WCLK     n/a            1.500         1.666       0.166      PS8_X0Y0      thz_pipeline_top_i/zynq_ultra_ps_e_0/inst/PS8_i/SAXIGP0WCLK
High Pulse Width  Slow    PS8/SAXIGP1RCLK     n/a            1.500         1.666       0.166      PS8_X0Y0      thz_pipeline_top_i/zynq_ultra_ps_e_0/inst/PS8_i/SAXIGP1RCLK
High Pulse Width  Fast    PS8/SAXIGP1RCLK     n/a            1.500         1.667       0.167      PS8_X0Y0      thz_pipeline_top_i/zynq_ultra_ps_e_0/inst/PS8_i/SAXIGP1RCLK
High Pulse Width  Slow    PS8/SAXIGP1WCLK     n/a            1.500         1.666       0.166      PS8_X0Y0      thz_pipeline_top_i/zynq_ultra_ps_e_0/inst/PS8_i/SAXIGP1WCLK
High Pulse Width  Fast    PS8/SAXIGP1WCLK     n/a            1.500         1.667       0.167      PS8_X0Y0      thz_pipeline_top_i/zynq_ultra_ps_e_0/inst/PS8_i/SAXIGP1WCLK



--------------------------------------------------------------------------------------
Path Group:  (none)
From Clock:  
  To Clock:  clk_pl_0

Max Delay             1 Endpoint
Min Delay             1 Endpoint
--------------------------------------------------------------------------------------


Max Delay Paths
--------------------------------------------------------------------------------------
Slack:                    inf
  Source:                 thz_pipeline_top_i/zynq_ultra_ps_e_0/inst/PS8_i/EMIOGPIOO[95]
                            (internal pin)
  Destination:            thz_pipeline_top_i/rst_ps8_0_266M/U0/EXT_LPF/ACTIVE_LOW_EXT.ACT_LO_EXT/GENERATE_LEVEL_P_S_CDC.SINGLE_BIT.CROSS_PLEVEL_IN2SCNDRY_IN_cdc_to/D
                            (rising edge-triggered cell FDRE clocked by clk_pl_0  {rise@0.000ns fall@1.666ns period=3.333ns})
  Path Group:             (none)
  Path Type:              Setup (Max at Slow Process Corner)
  Data Path Delay:        1.547ns  (logic 0.035ns (2.262%)  route 1.512ns (97.738%))
  Logic Levels:           1  (LUT1=1)
  Clock Uncertainty:      0.100ns  ((TSJ^2 + DJ^2)^1/2) / 2 + PE
    Total System Jitter     (TSJ):    0.050ns
    Discrete Jitter          (DJ):    0.195ns
    Phase Error              (PE):    0.000ns
  Clock Net Delay (Destination): 1.532ns (routing 0.555ns, distribution 0.977ns)
  Timing Exception:       False Path

    Location             Delay type                Incr(ns)  Path(ns)    Netlist Resource(s)
  -------------------------------------------------------------------    -------------------
    PS8_X0Y0             PS8                          0.000     0.000 f  thz_pipeline_top_i/zynq_ultra_ps_e_0/inst/PS8_i/EMIOGPIOO[95]
                         net (fo=1, estimated)        1.179     1.179    thz_pipeline_top_i/rst_ps8_0_266M/U0/EXT_LPF/ACTIVE_LOW_EXT.ACT_LO_EXT/ext_reset_in
    SLICE_X52Y136        LUT1 (Prop_C6LUT_SLICEL_I0_O)
                                                      0.035     1.214 r  thz_pipeline_top_i/rst_ps8_0_266M/U0/EXT_LPF/ACTIVE_LOW_EXT.ACT_LO_EXT/GENERATE_LEVEL_P_S_CDC.SINGLE_BIT.CROSS_PLEVEL_IN2SCNDRY_IN_cdc_to_i_1/O
                         net (fo=1, estimated)        0.333     1.547    thz_pipeline_top_i/rst_ps8_0_266M/U0/EXT_LPF/ACTIVE_LOW_EXT.ACT_LO_EXT/exr_d1
    SLICE_X52Y125        FDRE                                         r  thz_pipeline_top_i/rst_ps8_0_266M/U0/EXT_LPF/ACTIVE_LOW_EXT.ACT_LO_EXT/GENERATE_LEVEL_P_S_CDC.SINGLE_BIT.CROSS_PLEVEL_IN2SCNDRY_IN_cdc_to/D
  -------------------------------------------------------------------    -------------------

                         (clock clk_pl_0 rise edge)
                                                      0.000     0.000 r  
    PS8_X0Y0             PS8                          0.000     0.000 r  thz_pipeline_top_i/zynq_ultra_ps_e_0/inst/PS8_i/PLCLK[0]
                         net (fo=1, estimated)        0.143     0.143    thz_pipeline_top_i/zynq_ultra_ps_e_0/inst/pl_clk_unbuffered[0]
    BUFG_PS_X0Y80        BUFG_PS (Prop_BUFG_PS_I_O)
                                                      0.025     0.168 r  thz_pipeline_top_i/zynq_ultra_ps_e_0/inst/buffer_pl_clk_0.PL_CLK_0_BUFG/O
    X1Y2 (CLOCK_ROOT)    net (fo=30604, estimated)    1.532     1.700    thz_pipeline_top_i/rst_ps8_0_266M/U0/EXT_LPF/ACTIVE_LOW_EXT.ACT_LO_EXT/slowest_sync_clk
    SLICE_X52Y125        FDRE                                         r  thz_pipeline_top_i/rst_ps8_0_266M/U0/EXT_LPF/ACTIVE_LOW_EXT.ACT_LO_EXT/GENERATE_LEVEL_P_S_CDC.SINGLE_BIT.CROSS_PLEVEL_IN2SCNDRY_IN_cdc_to/C





Min Delay Paths
--------------------------------------------------------------------------------------
Slack:                    inf
  Source:                 thz_pipeline_top_i/zynq_ultra_ps_e_0/inst/PS8_i/EMIOGPIOO[95]
                            (internal pin)
  Destination:            thz_pipeline_top_i/rst_ps8_0_266M/U0/EXT_LPF/ACTIVE_LOW_EXT.ACT_LO_EXT/GENERATE_LEVEL_P_S_CDC.SINGLE_BIT.CROSS_PLEVEL_IN2SCNDRY_IN_cdc_to/D
                            (rising edge-triggered cell FDRE clocked by clk_pl_0  {rise@0.000ns fall@1.666ns period=3.333ns})
  Path Group:             (none)
  Path Type:              Hold (Min at Fast Process Corner)
  Data Path Delay:        0.775ns  (logic 0.014ns (1.806%)  route 0.761ns (98.194%))
  Logic Levels:           1  (LUT1=1)
  Clock Uncertainty:      0.100ns  ((TSJ^2 + DJ^2)^1/2) / 2 + PE
    Total System Jitter     (TSJ):    0.050ns
    Discrete Jitter          (DJ):    0.195ns
    Phase Error              (PE):    0.000ns
  Clock Net Delay (Destination): 1.077ns (routing 0.380ns, distribution 0.697ns)
  Timing Exception:       False Path

    Location             Delay type                Incr(ns)  Path(ns)    Netlist Resource(s)
  -------------------------------------------------------------------    -------------------
    PS8_X0Y0             PS8                          0.000     0.000 f  thz_pipeline_top_i/zynq_ultra_ps_e_0/inst/PS8_i/EMIOGPIOO[95]
                         net (fo=1, estimated)        0.610     0.610    thz_pipeline_top_i/rst_ps8_0_266M/U0/EXT_LPF/ACTIVE_LOW_EXT.ACT_LO_EXT/ext_reset_in
    SLICE_X52Y136        LUT1 (Prop_C6LUT_SLICEL_I0_O)
                                                      0.014     0.624 r  thz_pipeline_top_i/rst_ps8_0_266M/U0/EXT_LPF/ACTIVE_LOW_EXT.ACT_LO_EXT/GENERATE_LEVEL_P_S_CDC.SINGLE_BIT.CROSS_PLEVEL_IN2SCNDRY_IN_cdc_to_i_1/O
                         net (fo=1, estimated)        0.151     0.775    thz_pipeline_top_i/rst_ps8_0_266M/U0/EXT_LPF/ACTIVE_LOW_EXT.ACT_LO_EXT/exr_d1
    SLICE_X52Y125        FDRE                                         r  thz_pipeline_top_i/rst_ps8_0_266M/U0/EXT_LPF/ACTIVE_LOW_EXT.ACT_LO_EXT/GENERATE_LEVEL_P_S_CDC.SINGLE_BIT.CROSS_PLEVEL_IN2SCNDRY_IN_cdc_to/D
  -------------------------------------------------------------------    -------------------

                         (clock clk_pl_0 rise edge)
                                                      0.000     0.000 r  
    PS8_X0Y0             PS8                          0.000     0.000 r  thz_pipeline_top_i/zynq_ultra_ps_e_0/inst/PS8_i/PLCLK[0]
                         net (fo=1, estimated)        0.154     0.154    thz_pipeline_top_i/zynq_ultra_ps_e_0/inst/pl_clk_unbuffered[0]
    BUFG_PS_X0Y80        BUFG_PS (Prop_BUFG_PS_I_O)
                                                      0.018     0.172 r  thz_pipeline_top_i/zynq_ultra_ps_e_0/inst/buffer_pl_clk_0.PL_CLK_0_BUFG/O
    X1Y2 (CLOCK_ROOT)    net (fo=30604, estimated)    1.077     1.249    thz_pipeline_top_i/rst_ps8_0_266M/U0/EXT_LPF/ACTIVE_LOW_EXT.ACT_LO_EXT/slowest_sync_clk
    SLICE_X52Y125        FDRE                                         r  thz_pipeline_top_i/rst_ps8_0_266M/U0/EXT_LPF/ACTIVE_LOW_EXT.ACT_LO_EXT/GENERATE_LEVEL_P_S_CDC.SINGLE_BIT.CROSS_PLEVEL_IN2SCNDRY_IN_cdc_to/C





--------------------------------------------------------------------------------------
Path Group:  (none)
From Clock:  clk_pl_0
  To Clock:  clk_pl_0

Max Delay           104 Endpoints
Min Delay           104 Endpoints
--------------------------------------------------------------------------------------


Max Delay Paths
--------------------------------------------------------------------------------------
Slack:                    inf
  Source:                 thz_pipeline_top_i/axi_smc/inst/clk_map/psr_aclk/U0/ACTIVE_LOW_BSR_OUT_DFF[0].FDRE_BSR_N/C
                            (rising edge-triggered cell FDRE clocked by clk_pl_0  {rise@0.000ns fall@1.666ns period=3.333ns})
  Destination:            thz_pipeline_top_i/axi_smc/inst/s00_nodes/s00_ar_node/inst/s_sc_xpm_cdc_async_rst_inst/arststages_ff_reg[0]/CLR
                            (recovery check against rising-edge clock clk_pl_0  {rise@0.000ns fall@1.666ns period=3.333ns})
  Path Group:             (none)
  Path Type:              Recovery (Max at Slow Process Corner)
  Data Path Delay:        2.048ns  (logic 0.078ns (3.809%)  route 1.970ns (96.191%))
  Logic Levels:           0  
  Clock Path Skew:        -0.316ns (DCD - SCD + CPR)
    Destination Clock Delay (DCD):    1.751ns
    Source Clock Delay      (SCD):    2.067ns
    Clock Pessimism Removal (CPR):    0.000ns
  Clock Uncertainty:      0.104ns  ((TSJ^2 + DJ^2)^1/2) / 2 + PE
    Total System Jitter     (TSJ):    0.071ns
    Discrete Jitter          (DJ):    0.195ns
    Phase Error              (PE):    0.000ns
  Clock Net Delay (Source):      1.859ns (routing 0.616ns, distribution 1.243ns)
  Clock Net Delay (Destination): 1.583ns (routing 0.555ns, distribution 1.028ns)
  Timing Exception:       False Path

    Location             Delay type                Incr(ns)  Path(ns)    Netlist Resource(s)
  -------------------------------------------------------------------    -------------------
                         (clock clk_pl_0 rise edge)
                                                      0.000     0.000 r  
    PS8_X0Y0             PS8                          0.000     0.000 r  thz_pipeline_top_i/zynq_ultra_ps_e_0/inst/PS8_i/PLCLK[0]
                         net (fo=1, estimated)        0.180     0.180    thz_pipeline_top_i/zynq_ultra_ps_e_0/inst/pl_clk_unbuffered[0]
    BUFG_PS_X0Y80        BUFG_PS (Prop_BUFG_PS_I_O)
                                                      0.028     0.208 r  thz_pipeline_top_i/zynq_ultra_ps_e_0/inst/buffer_pl_clk_0.PL_CLK_0_BUFG/O
    X1Y2 (CLOCK_ROOT)    net (fo=30604, estimated)    1.859     2.067    thz_pipeline_top_i/axi_smc/inst/clk_map/psr_aclk/U0/aclk
    SLICE_X54Y242        FDRE                                         r  thz_pipeline_top_i/axi_smc/inst/clk_map/psr_aclk/U0/ACTIVE_LOW_BSR_OUT_DFF[0].FDRE_BSR_N/C
  -------------------------------------------------------------------    -------------------
    SLICE_X54Y242        FDRE (Prop_DFF_SLICEM_C_Q)
                                                      0.078     2.145 r  thz_pipeline_top_i/axi_smc/inst/clk_map/psr_aclk/U0/ACTIVE_LOW_BSR_OUT_DFF[0].FDRE_BSR_N/Q
                         net (fo=51, estimated)       1.970     4.115    thz_pipeline_top_i/axi_smc/inst/s00_nodes/s00_ar_node/inst/s_sc_xpm_cdc_async_rst_inst/src_arst
    SLICE_X61Y40         FDCE                                         f  thz_pipeline_top_i/axi_smc/inst/s00_nodes/s00_ar_node/inst/s_sc_xpm_cdc_async_rst_inst/arststages_ff_reg[0]/CLR  (IS_INVERTED)
  -------------------------------------------------------------------    -------------------

                         (clock clk_pl_0 rise edge)
                                                      0.000     0.000 r  
    PS8_X0Y0             PS8                          0.000     0.000 r  thz_pipeline_top_i/zynq_ultra_ps_e_0/inst/PS8_i/PLCLK[0]
                         net (fo=1, estimated)        0.143     0.143    thz_pipeline_top_i/zynq_ultra_ps_e_0/inst/pl_clk_unbuffered[0]
    BUFG_PS_X0Y80        BUFG_PS (Prop_BUFG_PS_I_O)
                                                      0.025     0.168 r  thz_pipeline_top_i/zynq_ultra_ps_e_0/inst/buffer_pl_clk_0.PL_CLK_0_BUFG/O
    X1Y2 (CLOCK_ROOT)    net (fo=30604, estimated)    1.583     1.751    thz_pipeline_top_i/axi_smc/inst/s00_nodes/s00_ar_node/inst/s_sc_xpm_cdc_async_rst_inst/dest_clk
    SLICE_X61Y40         FDCE                                         r  thz_pipeline_top_i/axi_smc/inst/s00_nodes/s00_ar_node/inst/s_sc_xpm_cdc_async_rst_inst/arststages_ff_reg[0]/C

Slack:                    inf
  Source:                 thz_pipeline_top_i/axi_smc/inst/clk_map/psr_aclk/U0/ACTIVE_LOW_BSR_OUT_DFF[0].FDRE_BSR_N/C
                            (rising edge-triggered cell FDRE clocked by clk_pl_0  {rise@0.000ns fall@1.666ns period=3.333ns})
  Destination:            thz_pipeline_top_i/axi_smc/inst/s00_nodes/s00_ar_node/inst/s_sc_xpm_cdc_async_rst_inst/arststages_ff_reg[1]/CLR
                            (recovery check against rising-edge clock clk_pl_0  {rise@0.000ns fall@1.666ns period=3.333ns})
  Path Group:             (none)
  Path Type:              Recovery (Max at Slow Process Corner)
  Data Path Delay:        2.048ns  (logic 0.078ns (3.809%)  route 1.970ns (96.191%))
  Logic Levels:           0  
  Clock Path Skew:        -0.316ns (DCD - SCD + CPR)
    Destination Clock Delay (DCD):    1.751ns
    Source Clock Delay      (SCD):    2.067ns
    Clock Pessimism Removal (CPR):    0.000ns
  Clock Uncertainty:      0.104ns  ((TSJ^2 + DJ^2)^1/2) / 2 + PE
    Total System Jitter     (TSJ):    0.071ns
    Discrete Jitter          (DJ):    0.195ns
    Phase Error              (PE):    0.000ns
  Clock Net Delay (Source):      1.859ns (routing 0.616ns, distribution 1.243ns)
  Clock Net Delay (Destination): 1.583ns (routing 0.555ns, distribution 1.028ns)
  Timing Exception:       False Path

    Location             Delay type                Incr(ns)  Path(ns)    Netlist Resource(s)
  -------------------------------------------------------------------    -------------------
                         (clock clk_pl_0 rise edge)
                                                      0.000     0.000 r  
    PS8_X0Y0             PS8                          0.000     0.000 r  thz_pipeline_top_i/zynq_ultra_ps_e_0/inst/PS8_i/PLCLK[0]
                         net (fo=1, estimated)        0.180     0.180    thz_pipeline_top_i/zynq_ultra_ps_e_0/inst/pl_clk_unbuffered[0]
    BUFG_PS_X0Y80        BUFG_PS (Prop_BUFG_PS_I_O)
                                                      0.028     0.208 r  thz_pipeline_top_i/zynq_ultra_ps_e_0/inst/buffer_pl_clk_0.PL_CLK_0_BUFG/O
    X1Y2 (CLOCK_ROOT)    net (fo=30604, estimated)    1.859     2.067    thz_pipeline_top_i/axi_smc/inst/clk_map/psr_aclk/U0/aclk
    SLICE_X54Y242        FDRE                                         r  thz_pipeline_top_i/axi_smc/inst/clk_map/psr_aclk/U0/ACTIVE_LOW_BSR_OUT_DFF[0].FDRE_BSR_N/C
  -------------------------------------------------------------------    -------------------
    SLICE_X54Y242        FDRE (Prop_DFF_SLICEM_C_Q)
                                                      0.078     2.145 r  thz_pipeline_top_i/axi_smc/inst/clk_map/psr_aclk/U0/ACTIVE_LOW_BSR_OUT_DFF[0].FDRE_BSR_N/Q
                         net (fo=51, estimated)       1.970     4.115    thz_pipeline_top_i/axi_smc/inst/s00_nodes/s00_ar_node/inst/s_sc_xpm_cdc_async_rst_inst/src_arst
    SLICE_X61Y40         FDCE                                         f  thz_pipeline_top_i/axi_smc/inst/s00_nodes/s00_ar_node/inst/s_sc_xpm_cdc_async_rst_inst/arststages_ff_reg[1]/CLR  (IS_INVERTED)
  -------------------------------------------------------------------    -------------------

                         (clock clk_pl_0 rise edge)
                                                      0.000     0.000 r  
    PS8_X0Y0             PS8                          0.000     0.000 r  thz_pipeline_top_i/zynq_ultra_ps_e_0/inst/PS8_i/PLCLK[0]
                         net (fo=1, estimated)        0.143     0.143    thz_pipeline_top_i/zynq_ultra_ps_e_0/inst/pl_clk_unbuffered[0]
    BUFG_PS_X0Y80        BUFG_PS (Prop_BUFG_PS_I_O)
                                                      0.025     0.168 r  thz_pipeline_top_i/zynq_ultra_ps_e_0/inst/buffer_pl_clk_0.PL_CLK_0_BUFG/O
    X1Y2 (CLOCK_ROOT)    net (fo=30604, estimated)    1.583     1.751    thz_pipeline_top_i/axi_smc/inst/s00_nodes/s00_ar_node/inst/s_sc_xpm_cdc_async_rst_inst/dest_clk
    SLICE_X61Y40         FDCE                                         r  thz_pipeline_top_i/axi_smc/inst/s00_nodes/s00_ar_node/inst/s_sc_xpm_cdc_async_rst_inst/arststages_ff_reg[1]/C

Slack:                    inf
  Source:                 thz_pipeline_top_i/axi_smc/inst/clk_map/psr_aclk/U0/ACTIVE_LOW_BSR_OUT_DFF[0].FDRE_BSR_N/C
                            (rising edge-triggered cell FDRE clocked by clk_pl_0  {rise@0.000ns fall@1.666ns period=3.333ns})
  Destination:            thz_pipeline_top_i/axi_smc/inst/s00_nodes/s00_ar_node/inst/s_sc_xpm_cdc_async_rst_inst/arststages_ff_reg[2]/CLR
                            (recovery check against rising-edge clock clk_pl_0  {rise@0.000ns fall@1.666ns period=3.333ns})
  Path Group:             (none)
  Path Type:              Recovery (Max at Slow Process Corner)
  Data Path Delay:        2.048ns  (logic 0.078ns (3.809%)  route 1.970ns (96.191%))
  Logic Levels:           0  
  Clock Path Skew:        -0.316ns (DCD - SCD + CPR)
    Destination Clock Delay (DCD):    1.751ns
    Source Clock Delay      (SCD):    2.067ns
    Clock Pessimism Removal (CPR):    0.000ns
  Clock Uncertainty:      0.104ns  ((TSJ^2 + DJ^2)^1/2) / 2 + PE
    Total System Jitter     (TSJ):    0.071ns
    Discrete Jitter          (DJ):    0.195ns
    Phase Error              (PE):    0.000ns
  Clock Net Delay (Source):      1.859ns (routing 0.616ns, distribution 1.243ns)
  Clock Net Delay (Destination): 1.583ns (routing 0.555ns, distribution 1.028ns)
  Timing Exception:       False Path

    Location             Delay type                Incr(ns)  Path(ns)    Netlist Resource(s)
  -------------------------------------------------------------------    -------------------
                         (clock clk_pl_0 rise edge)
                                                      0.000     0.000 r  
    PS8_X0Y0             PS8                          0.000     0.000 r  thz_pipeline_top_i/zynq_ultra_ps_e_0/inst/PS8_i/PLCLK[0]
                         net (fo=1, estimated)        0.180     0.180    thz_pipeline_top_i/zynq_ultra_ps_e_0/inst/pl_clk_unbuffered[0]
    BUFG_PS_X0Y80        BUFG_PS (Prop_BUFG_PS_I_O)
                                                      0.028     0.208 r  thz_pipeline_top_i/zynq_ultra_ps_e_0/inst/buffer_pl_clk_0.PL_CLK_0_BUFG/O
    X1Y2 (CLOCK_ROOT)    net (fo=30604, estimated)    1.859     2.067    thz_pipeline_top_i/axi_smc/inst/clk_map/psr_aclk/U0/aclk
    SLICE_X54Y242        FDRE                                         r  thz_pipeline_top_i/axi_smc/inst/clk_map/psr_aclk/U0/ACTIVE_LOW_BSR_OUT_DFF[0].FDRE_BSR_N/C
  -------------------------------------------------------------------    -------------------
    SLICE_X54Y242        FDRE (Prop_DFF_SLICEM_C_Q)
                                                      0.078     2.145 r  thz_pipeline_top_i/axi_smc/inst/clk_map/psr_aclk/U0/ACTIVE_LOW_BSR_OUT_DFF[0].FDRE_BSR_N/Q
                         net (fo=51, estimated)       1.970     4.115    thz_pipeline_top_i/axi_smc/inst/s00_nodes/s00_ar_node/inst/s_sc_xpm_cdc_async_rst_inst/src_arst
    SLICE_X61Y40         FDCE                                         f  thz_pipeline_top_i/axi_smc/inst/s00_nodes/s00_ar_node/inst/s_sc_xpm_cdc_async_rst_inst/arststages_ff_reg[2]/CLR  (IS_INVERTED)
  -------------------------------------------------------------------    -------------------

                         (clock clk_pl_0 rise edge)
                                                      0.000     0.000 r  
    PS8_X0Y0             PS8                          0.000     0.000 r  thz_pipeline_top_i/zynq_ultra_ps_e_0/inst/PS8_i/PLCLK[0]
                         net (fo=1, estimated)        0.143     0.143    thz_pipeline_top_i/zynq_ultra_ps_e_0/inst/pl_clk_unbuffered[0]
    BUFG_PS_X0Y80        BUFG_PS (Prop_BUFG_PS_I_O)
                                                      0.025     0.168 r  thz_pipeline_top_i/zynq_ultra_ps_e_0/inst/buffer_pl_clk_0.PL_CLK_0_BUFG/O
    X1Y2 (CLOCK_ROOT)    net (fo=30604, estimated)    1.583     1.751    thz_pipeline_top_i/axi_smc/inst/s00_nodes/s00_ar_node/inst/s_sc_xpm_cdc_async_rst_inst/dest_clk
    SLICE_X61Y40         FDCE                                         r  thz_pipeline_top_i/axi_smc/inst/s00_nodes/s00_ar_node/inst/s_sc_xpm_cdc_async_rst_inst/arststages_ff_reg[2]/C

Slack:                    inf
  Source:                 thz_pipeline_top_i/axi_smc/inst/clk_map/psr_aclk/U0/ACTIVE_LOW_BSR_OUT_DFF[0].FDRE_BSR_N/C
                            (rising edge-triggered cell FDRE clocked by clk_pl_0  {rise@0.000ns fall@1.666ns period=3.333ns})
  Destination:            thz_pipeline_top_i/axi_smc/inst/s00_nodes/s00_r_node/inst/s_sc_xpm_cdc_async_rst_inst/arststages_ff_reg[0]/CLR
                            (recovery check against rising-edge clock clk_pl_0  {rise@0.000ns fall@1.666ns period=3.333ns})
  Path Group:             (none)
  Path Type:              Recovery (Max at Slow Process Corner)
  Data Path Delay:        2.045ns  (logic 0.078ns (3.814%)  route 1.967ns (96.186%))
  Logic Levels:           0  
  Clock Path Skew:        -0.348ns (DCD - SCD + CPR)
    Destination Clock Delay (DCD):    1.719ns
    Source Clock Delay      (SCD):    2.067ns
    Clock Pessimism Removal (CPR):    0.000ns
  Clock Uncertainty:      0.104ns  ((TSJ^2 + DJ^2)^1/2) / 2 + PE
    Total System Jitter     (TSJ):    0.071ns
    Discrete Jitter          (DJ):    0.195ns
    Phase Error              (PE):    0.000ns
  Clock Net Delay (Source):      1.859ns (routing 0.616ns, distribution 1.243ns)
  Clock Net Delay (Destination): 1.551ns (routing 0.555ns, distribution 0.996ns)
  Timing Exception:       False Path

    Location             Delay type                Incr(ns)  Path(ns)    Netlist Resource(s)
  -------------------------------------------------------------------    -------------------
                         (clock clk_pl_0 rise edge)
                                                      0.000     0.000 r  
    PS8_X0Y0             PS8                          0.000     0.000 r  thz_pipeline_top_i/zynq_ultra_ps_e_0/inst/PS8_i/PLCLK[0]
                         net (fo=1, estimated)        0.180     0.180    thz_pipeline_top_i/zynq_ultra_ps_e_0/inst/pl_clk_unbuffered[0]
    BUFG_PS_X0Y80        BUFG_PS (Prop_BUFG_PS_I_O)
                                                      0.028     0.208 r  thz_pipeline_top_i/zynq_ultra_ps_e_0/inst/buffer_pl_clk_0.PL_CLK_0_BUFG/O
    X1Y2 (CLOCK_ROOT)    net (fo=30604, estimated)    1.859     2.067    thz_pipeline_top_i/axi_smc/inst/clk_map/psr_aclk/U0/aclk
    SLICE_X54Y242        FDRE                                         r  thz_pipeline_top_i/axi_smc/inst/clk_map/psr_aclk/U0/ACTIVE_LOW_BSR_OUT_DFF[0].FDRE_BSR_N/C
  -------------------------------------------------------------------    -------------------
    SLICE_X54Y242        FDRE (Prop_DFF_SLICEM_C_Q)
                                                      0.078     2.145 r  thz_pipeline_top_i/axi_smc/inst/clk_map/psr_aclk/U0/ACTIVE_LOW_BSR_OUT_DFF[0].FDRE_BSR_N/Q
                         net (fo=51, estimated)       1.967     4.112    thz_pipeline_top_i/axi_smc/inst/s00_nodes/s00_r_node/inst/s_sc_xpm_cdc_async_rst_inst/src_arst
    SLICE_X53Y30         FDCE                                         f  thz_pipeline_top_i/axi_smc/inst/s00_nodes/s00_r_node/inst/s_sc_xpm_cdc_async_rst_inst/arststages_ff_reg[0]/CLR  (IS_INVERTED)
  -------------------------------------------------------------------    -------------------

                         (clock clk_pl_0 rise edge)
                                                      0.000     0.000 r  
    PS8_X0Y0             PS8                          0.000     0.000 r  thz_pipeline_top_i/zynq_ultra_ps_e_0/inst/PS8_i/PLCLK[0]
                         net (fo=1, estimated)        0.143     0.143    thz_pipeline_top_i/zynq_ultra_ps_e_0/inst/pl_clk_unbuffered[0]
    BUFG_PS_X0Y80        BUFG_PS (Prop_BUFG_PS_I_O)
                                                      0.025     0.168 r  thz_pipeline_top_i/zynq_ultra_ps_e_0/inst/buffer_pl_clk_0.PL_CLK_0_BUFG/O
    X1Y2 (CLOCK_ROOT)    net (fo=30604, estimated)    1.551     1.719    thz_pipeline_top_i/axi_smc/inst/s00_nodes/s00_r_node/inst/s_sc_xpm_cdc_async_rst_inst/dest_clk
    SLICE_X53Y30         FDCE                                         r  thz_pipeline_top_i/axi_smc/inst/s00_nodes/s00_r_node/inst/s_sc_xpm_cdc_async_rst_inst/arststages_ff_reg[0]/C

Slack:                    inf
  Source:                 thz_pipeline_top_i/axi_smc/inst/clk_map/psr_aclk/U0/ACTIVE_LOW_BSR_OUT_DFF[0].FDRE_BSR_N/C
                            (rising edge-triggered cell FDRE clocked by clk_pl_0  {rise@0.000ns fall@1.666ns period=3.333ns})
  Destination:            thz_pipeline_top_i/axi_smc/inst/s00_nodes/s00_r_node/inst/s_sc_xpm_cdc_async_rst_inst/arststages_ff_reg[1]/CLR
                            (recovery check against rising-edge clock clk_pl_0  {rise@0.000ns fall@1.666ns period=3.333ns})
  Path Group:             (none)
  Path Type:              Recovery (Max at Slow Process Corner)
  Data Path Delay:        2.045ns  (logic 0.078ns (3.814%)  route 1.967ns (96.186%))
  Logic Levels:           0  
  Clock Path Skew:        -0.348ns (DCD - SCD + CPR)
    Destination Clock Delay (DCD):    1.719ns
    Source Clock Delay      (SCD):    2.067ns
    Clock Pessimism Removal (CPR):    0.000ns
  Clock Uncertainty:      0.104ns  ((TSJ^2 + DJ^2)^1/2) / 2 + PE
    Total System Jitter     (TSJ):    0.071ns
    Discrete Jitter          (DJ):    0.195ns
    Phase Error              (PE):    0.000ns
  Clock Net Delay (Source):      1.859ns (routing 0.616ns, distribution 1.243ns)
  Clock Net Delay (Destination): 1.551ns (routing 0.555ns, distribution 0.996ns)
  Timing Exception:       False Path

    Location             Delay type                Incr(ns)  Path(ns)    Netlist Resource(s)
  -------------------------------------------------------------------    -------------------
                         (clock clk_pl_0 rise edge)
                                                      0.000     0.000 r  
    PS8_X0Y0             PS8                          0.000     0.000 r  thz_pipeline_top_i/zynq_ultra_ps_e_0/inst/PS8_i/PLCLK[0]
                         net (fo=1, estimated)        0.180     0.180    thz_pipeline_top_i/zynq_ultra_ps_e_0/inst/pl_clk_unbuffered[0]
    BUFG_PS_X0Y80        BUFG_PS (Prop_BUFG_PS_I_O)
                                                      0.028     0.208 r  thz_pipeline_top_i/zynq_ultra_ps_e_0/inst/buffer_pl_clk_0.PL_CLK_0_BUFG/O
    X1Y2 (CLOCK_ROOT)    net (fo=30604, estimated)    1.859     2.067    thz_pipeline_top_i/axi_smc/inst/clk_map/psr_aclk/U0/aclk
    SLICE_X54Y242        FDRE                                         r  thz_pipeline_top_i/axi_smc/inst/clk_map/psr_aclk/U0/ACTIVE_LOW_BSR_OUT_DFF[0].FDRE_BSR_N/C
  -------------------------------------------------------------------    -------------------
    SLICE_X54Y242        FDRE (Prop_DFF_SLICEM_C_Q)
                                                      0.078     2.145 r  thz_pipeline_top_i/axi_smc/inst/clk_map/psr_aclk/U0/ACTIVE_LOW_BSR_OUT_DFF[0].FDRE_BSR_N/Q
                         net (fo=51, estimated)       1.967     4.112    thz_pipeline_top_i/axi_smc/inst/s00_nodes/s00_r_node/inst/s_sc_xpm_cdc_async_rst_inst/src_arst
    SLICE_X53Y30         FDCE                                         f  thz_pipeline_top_i/axi_smc/inst/s00_nodes/s00_r_node/inst/s_sc_xpm_cdc_async_rst_inst/arststages_ff_reg[1]/CLR  (IS_INVERTED)
  -------------------------------------------------------------------    -------------------

                         (clock clk_pl_0 rise edge)
                                                      0.000     0.000 r  
    PS8_X0Y0             PS8                          0.000     0.000 r  thz_pipeline_top_i/zynq_ultra_ps_e_0/inst/PS8_i/PLCLK[0]
                         net (fo=1, estimated)        0.143     0.143    thz_pipeline_top_i/zynq_ultra_ps_e_0/inst/pl_clk_unbuffered[0]
    BUFG_PS_X0Y80        BUFG_PS (Prop_BUFG_PS_I_O)
                                                      0.025     0.168 r  thz_pipeline_top_i/zynq_ultra_ps_e_0/inst/buffer_pl_clk_0.PL_CLK_0_BUFG/O
    X1Y2 (CLOCK_ROOT)    net (fo=30604, estimated)    1.551     1.719    thz_pipeline_top_i/axi_smc/inst/s00_nodes/s00_r_node/inst/s_sc_xpm_cdc_async_rst_inst/dest_clk
    SLICE_X53Y30         FDCE                                         r  thz_pipeline_top_i/axi_smc/inst/s00_nodes/s00_r_node/inst/s_sc_xpm_cdc_async_rst_inst/arststages_ff_reg[1]/C

Slack:                    inf
  Source:                 thz_pipeline_top_i/axi_smc/inst/clk_map/psr_aclk/U0/ACTIVE_LOW_BSR_OUT_DFF[0].FDRE_BSR_N/C
                            (rising edge-triggered cell FDRE clocked by clk_pl_0  {rise@0.000ns fall@1.666ns period=3.333ns})
  Destination:            thz_pipeline_top_i/axi_smc/inst/s00_nodes/s00_r_node/inst/s_sc_xpm_cdc_async_rst_inst/arststages_ff_reg[2]/CLR
                            (recovery check against rising-edge clock clk_pl_0  {rise@0.000ns fall@1.666ns period=3.333ns})
  Path Group:             (none)
  Path Type:              Recovery (Max at Slow Process Corner)
  Data Path Delay:        2.045ns  (logic 0.078ns (3.814%)  route 1.967ns (96.186%))
  Logic Levels:           0  
  Clock Path Skew:        -0.348ns (DCD - SCD + CPR)
    Destination Clock Delay (DCD):    1.719ns
    Source Clock Delay      (SCD):    2.067ns
    Clock Pessimism Removal (CPR):    0.000ns
  Clock Uncertainty:      0.104ns  ((TSJ^2 + DJ^2)^1/2) / 2 + PE
    Total System Jitter     (TSJ):    0.071ns
    Discrete Jitter          (DJ):    0.195ns
    Phase Error              (PE):    0.000ns
  Clock Net Delay (Source):      1.859ns (routing 0.616ns, distribution 1.243ns)
  Clock Net Delay (Destination): 1.551ns (routing 0.555ns, distribution 0.996ns)
  Timing Exception:       False Path

    Location             Delay type                Incr(ns)  Path(ns)    Netlist Resource(s)
  -------------------------------------------------------------------    -------------------
                         (clock clk_pl_0 rise edge)
                                                      0.000     0.000 r  
    PS8_X0Y0             PS8                          0.000     0.000 r  thz_pipeline_top_i/zynq_ultra_ps_e_0/inst/PS8_i/PLCLK[0]
                         net (fo=1, estimated)        0.180     0.180    thz_pipeline_top_i/zynq_ultra_ps_e_0/inst/pl_clk_unbuffered[0]
    BUFG_PS_X0Y80        BUFG_PS (Prop_BUFG_PS_I_O)
                                                      0.028     0.208 r  thz_pipeline_top_i/zynq_ultra_ps_e_0/inst/buffer_pl_clk_0.PL_CLK_0_BUFG/O
    X1Y2 (CLOCK_ROOT)    net (fo=30604, estimated)    1.859     2.067    thz_pipeline_top_i/axi_smc/inst/clk_map/psr_aclk/U0/aclk
    SLICE_X54Y242        FDRE                                         r  thz_pipeline_top_i/axi_smc/inst/clk_map/psr_aclk/U0/ACTIVE_LOW_BSR_OUT_DFF[0].FDRE_BSR_N/C
  -------------------------------------------------------------------    -------------------
    SLICE_X54Y242        FDRE (Prop_DFF_SLICEM_C_Q)
                                                      0.078     2.145 r  thz_pipeline_top_i/axi_smc/inst/clk_map/psr_aclk/U0/ACTIVE_LOW_BSR_OUT_DFF[0].FDRE_BSR_N/Q
                         net (fo=51, estimated)       1.967     4.112    thz_pipeline_top_i/axi_smc/inst/s00_nodes/s00_r_node/inst/s_sc_xpm_cdc_async_rst_inst/src_arst
    SLICE_X53Y30         FDCE                                         f  thz_pipeline_top_i/axi_smc/inst/s00_nodes/s00_r_node/inst/s_sc_xpm_cdc_async_rst_inst/arststages_ff_reg[2]/CLR  (IS_INVERTED)
  -------------------------------------------------------------------    -------------------

                         (clock clk_pl_0 rise edge)
                                                      0.000     0.000 r  
    PS8_X0Y0             PS8                          0.000     0.000 r  thz_pipeline_top_i/zynq_ultra_ps_e_0/inst/PS8_i/PLCLK[0]
                         net (fo=1, estimated)        0.143     0.143    thz_pipeline_top_i/zynq_ultra_ps_e_0/inst/pl_clk_unbuffered[0]
    BUFG_PS_X0Y80        BUFG_PS (Prop_BUFG_PS_I_O)
                                                      0.025     0.168 r  thz_pipeline_top_i/zynq_ultra_ps_e_0/inst/buffer_pl_clk_0.PL_CLK_0_BUFG/O
    X1Y2 (CLOCK_ROOT)    net (fo=30604, estimated)    1.551     1.719    thz_pipeline_top_i/axi_smc/inst/s00_nodes/s00_r_node/inst/s_sc_xpm_cdc_async_rst_inst/dest_clk
    SLICE_X53Y30         FDCE                                         r  thz_pipeline_top_i/axi_smc/inst/s00_nodes/s00_r_node/inst/s_sc_xpm_cdc_async_rst_inst/arststages_ff_reg[2]/C

Slack:                    inf
  Source:                 thz_pipeline_top_i/axi_smc/inst/clk_map/psr_aclk/U0/ACTIVE_LOW_BSR_OUT_DFF[0].FDRE_BSR_N/C
                            (rising edge-triggered cell FDRE clocked by clk_pl_0  {rise@0.000ns fall@1.666ns period=3.333ns})
  Destination:            thz_pipeline_top_i/axi_smc/inst/m00_nodes/m00_r_node/inst/s_sc_xpm_cdc_async_rst_inst/arststages_ff_reg[0]/CLR
                            (recovery check against rising-edge clock clk_pl_0  {rise@0.000ns fall@1.666ns period=3.333ns})
  Path Group:             (none)
  Path Type:              Recovery (Max at Slow Process Corner)
  Data Path Delay:        2.042ns  (logic 0.078ns (3.820%)  route 1.964ns (96.180%))
  Logic Levels:           0  
  Clock Path Skew:        -0.349ns (DCD - SCD + CPR)
    Destination Clock Delay (DCD):    1.718ns
    Source Clock Delay      (SCD):    2.067ns
    Clock Pessimism Removal (CPR):    0.000ns
  Clock Uncertainty:      0.104ns  ((TSJ^2 + DJ^2)^1/2) / 2 + PE
    Total System Jitter     (TSJ):    0.071ns
    Discrete Jitter          (DJ):    0.195ns
    Phase Error              (PE):    0.000ns
  Clock Net Delay (Source):      1.859ns (routing 0.616ns, distribution 1.243ns)
  Clock Net Delay (Destination): 1.550ns (routing 0.555ns, distribution 0.995ns)
  Timing Exception:       False Path

    Location             Delay type                Incr(ns)  Path(ns)    Netlist Resource(s)
  -------------------------------------------------------------------    -------------------
                         (clock clk_pl_0 rise edge)
                                                      0.000     0.000 r  
    PS8_X0Y0             PS8                          0.000     0.000 r  thz_pipeline_top_i/zynq_ultra_ps_e_0/inst/PS8_i/PLCLK[0]
                         net (fo=1, estimated)        0.180     0.180    thz_pipeline_top_i/zynq_ultra_ps_e_0/inst/pl_clk_unbuffered[0]
    BUFG_PS_X0Y80        BUFG_PS (Prop_BUFG_PS_I_O)
                                                      0.028     0.208 r  thz_pipeline_top_i/zynq_ultra_ps_e_0/inst/buffer_pl_clk_0.PL_CLK_0_BUFG/O
    X1Y2 (CLOCK_ROOT)    net (fo=30604, estimated)    1.859     2.067    thz_pipeline_top_i/axi_smc/inst/clk_map/psr_aclk/U0/aclk
    SLICE_X54Y242        FDRE                                         r  thz_pipeline_top_i/axi_smc/inst/clk_map/psr_aclk/U0/ACTIVE_LOW_BSR_OUT_DFF[0].FDRE_BSR_N/C
  -------------------------------------------------------------------    -------------------
    SLICE_X54Y242        FDRE (Prop_DFF_SLICEM_C_Q)
                                                      0.078     2.145 r  thz_pipeline_top_i/axi_smc/inst/clk_map/psr_aclk/U0/ACTIVE_LOW_BSR_OUT_DFF[0].FDRE_BSR_N/Q
                         net (fo=51, estimated)       1.964     4.109    thz_pipeline_top_i/axi_smc/inst/m00_nodes/m00_r_node/inst/s_sc_xpm_cdc_async_rst_inst/src_arst
    SLICE_X53Y30         FDCE                                         f  thz_pipeline_top_i/axi_smc/inst/m00_nodes/m00_r_node/inst/s_sc_xpm_cdc_async_rst_inst/arststages_ff_reg[0]/CLR  (IS_INVERTED)
  -------------------------------------------------------------------    -------------------

                         (clock clk_pl_0 rise edge)
                                                      0.000     0.000 r  
    PS8_X0Y0             PS8                          0.000     0.000 r  thz_pipeline_top_i/zynq_ultra_ps_e_0/inst/PS8_i/PLCLK[0]
                         net (fo=1, estimated)        0.143     0.143    thz_pipeline_top_i/zynq_ultra_ps_e_0/inst/pl_clk_unbuffered[0]
    BUFG_PS_X0Y80        BUFG_PS (Prop_BUFG_PS_I_O)
                                                      0.025     0.168 r  thz_pipeline_top_i/zynq_ultra_ps_e_0/inst/buffer_pl_clk_0.PL_CLK_0_BUFG/O
    X1Y2 (CLOCK_ROOT)    net (fo=30604, estimated)    1.550     1.718    thz_pipeline_top_i/axi_smc/inst/m00_nodes/m00_r_node/inst/s_sc_xpm_cdc_async_rst_inst/dest_clk
    SLICE_X53Y30         FDCE                                         r  thz_pipeline_top_i/axi_smc/inst/m00_nodes/m00_r_node/inst/s_sc_xpm_cdc_async_rst_inst/arststages_ff_reg[0]/C

Slack:                    inf
  Source:                 thz_pipeline_top_i/axi_smc/inst/clk_map/psr_aclk/U0/ACTIVE_LOW_BSR_OUT_DFF[0].FDRE_BSR_N/C
                            (rising edge-triggered cell FDRE clocked by clk_pl_0  {rise@0.000ns fall@1.666ns period=3.333ns})
  Destination:            thz_pipeline_top_i/axi_smc/inst/m00_nodes/m00_r_node/inst/s_sc_xpm_cdc_async_rst_inst/arststages_ff_reg[1]/CLR
                            (recovery check against rising-edge clock clk_pl_0  {rise@0.000ns fall@1.666ns period=3.333ns})
  Path Group:             (none)
  Path Type:              Recovery (Max at Slow Process Corner)
  Data Path Delay:        2.042ns  (logic 0.078ns (3.820%)  route 1.964ns (96.180%))
  Logic Levels:           0  
  Clock Path Skew:        -0.349ns (DCD - SCD + CPR)
    Destination Clock Delay (DCD):    1.718ns
    Source Clock Delay      (SCD):    2.067ns
    Clock Pessimism Removal (CPR):    0.000ns
  Clock Uncertainty:      0.104ns  ((TSJ^2 + DJ^2)^1/2) / 2 + PE
    Total System Jitter     (TSJ):    0.071ns
    Discrete Jitter          (DJ):    0.195ns
    Phase Error              (PE):    0.000ns
  Clock Net Delay (Source):      1.859ns (routing 0.616ns, distribution 1.243ns)
  Clock Net Delay (Destination): 1.550ns (routing 0.555ns, distribution 0.995ns)
  Timing Exception:       False Path

    Location             Delay type                Incr(ns)  Path(ns)    Netlist Resource(s)
  -------------------------------------------------------------------    -------------------
                         (clock clk_pl_0 rise edge)
                                                      0.000     0.000 r  
    PS8_X0Y0             PS8                          0.000     0.000 r  thz_pipeline_top_i/zynq_ultra_ps_e_0/inst/PS8_i/PLCLK[0]
                         net (fo=1, estimated)        0.180     0.180    thz_pipeline_top_i/zynq_ultra_ps_e_0/inst/pl_clk_unbuffered[0]
    BUFG_PS_X0Y80        BUFG_PS (Prop_BUFG_PS_I_O)
                                                      0.028     0.208 r  thz_pipeline_top_i/zynq_ultra_ps_e_0/inst/buffer_pl_clk_0.PL_CLK_0_BUFG/O
    X1Y2 (CLOCK_ROOT)    net (fo=30604, estimated)    1.859     2.067    thz_pipeline_top_i/axi_smc/inst/clk_map/psr_aclk/U0/aclk
    SLICE_X54Y242        FDRE                                         r  thz_pipeline_top_i/axi_smc/inst/clk_map/psr_aclk/U0/ACTIVE_LOW_BSR_OUT_DFF[0].FDRE_BSR_N/C
  -------------------------------------------------------------------    -------------------
    SLICE_X54Y242        FDRE (Prop_DFF_SLICEM_C_Q)
                                                      0.078     2.145 r  thz_pipeline_top_i/axi_smc/inst/clk_map/psr_aclk/U0/ACTIVE_LOW_BSR_OUT_DFF[0].FDRE_BSR_N/Q
                         net (fo=51, estimated)       1.964     4.109    thz_pipeline_top_i/axi_smc/inst/m00_nodes/m00_r_node/inst/s_sc_xpm_cdc_async_rst_inst/src_arst
    SLICE_X53Y30         FDCE                                         f  thz_pipeline_top_i/axi_smc/inst/m00_nodes/m00_r_node/inst/s_sc_xpm_cdc_async_rst_inst/arststages_ff_reg[1]/CLR  (IS_INVERTED)
  -------------------------------------------------------------------    -------------------

                         (clock clk_pl_0 rise edge)
                                                      0.000     0.000 r  
    PS8_X0Y0             PS8                          0.000     0.000 r  thz_pipeline_top_i/zynq_ultra_ps_e_0/inst/PS8_i/PLCLK[0]
                         net (fo=1, estimated)        0.143     0.143    thz_pipeline_top_i/zynq_ultra_ps_e_0/inst/pl_clk_unbuffered[0]
    BUFG_PS_X0Y80        BUFG_PS (Prop_BUFG_PS_I_O)
                                                      0.025     0.168 r  thz_pipeline_top_i/zynq_ultra_ps_e_0/inst/buffer_pl_clk_0.PL_CLK_0_BUFG/O
    X1Y2 (CLOCK_ROOT)    net (fo=30604, estimated)    1.550     1.718    thz_pipeline_top_i/axi_smc/inst/m00_nodes/m00_r_node/inst/s_sc_xpm_cdc_async_rst_inst/dest_clk
    SLICE_X53Y30         FDCE                                         r  thz_pipeline_top_i/axi_smc/inst/m00_nodes/m00_r_node/inst/s_sc_xpm_cdc_async_rst_inst/arststages_ff_reg[1]/C

Slack:                    inf
  Source:                 thz_pipeline_top_i/axi_smc/inst/clk_map/psr_aclk/U0/ACTIVE_LOW_BSR_OUT_DFF[0].FDRE_BSR_N/C
                            (rising edge-triggered cell FDRE clocked by clk_pl_0  {rise@0.000ns fall@1.666ns period=3.333ns})
  Destination:            thz_pipeline_top_i/axi_smc/inst/m00_nodes/m00_r_node/inst/s_sc_xpm_cdc_async_rst_inst/arststages_ff_reg[2]/CLR
                            (recovery check against rising-edge clock clk_pl_0  {rise@0.000ns fall@1.666ns period=3.333ns})
  Path Group:             (none)
  Path Type:              Recovery (Max at Slow Process Corner)
  Data Path Delay:        2.042ns  (logic 0.078ns (3.820%)  route 1.964ns (96.180%))
  Logic Levels:           0  
  Clock Path Skew:        -0.349ns (DCD - SCD + CPR)
    Destination Clock Delay (DCD):    1.718ns
    Source Clock Delay      (SCD):    2.067ns
    Clock Pessimism Removal (CPR):    0.000ns
  Clock Uncertainty:      0.104ns  ((TSJ^2 + DJ^2)^1/2) / 2 + PE
    Total System Jitter     (TSJ):    0.071ns
    Discrete Jitter          (DJ):    0.195ns
    Phase Error              (PE):    0.000ns
  Clock Net Delay (Source):      1.859ns (routing 0.616ns, distribution 1.243ns)
  Clock Net Delay (Destination): 1.550ns (routing 0.555ns, distribution 0.995ns)
  Timing Exception:       False Path

    Location             Delay type                Incr(ns)  Path(ns)    Netlist Resource(s)
  -------------------------------------------------------------------    -------------------
                         (clock clk_pl_0 rise edge)
                                                      0.000     0.000 r  
    PS8_X0Y0             PS8                          0.000     0.000 r  thz_pipeline_top_i/zynq_ultra_ps_e_0/inst/PS8_i/PLCLK[0]
                         net (fo=1, estimated)        0.180     0.180    thz_pipeline_top_i/zynq_ultra_ps_e_0/inst/pl_clk_unbuffered[0]
    BUFG_PS_X0Y80        BUFG_PS (Prop_BUFG_PS_I_O)
                                                      0.028     0.208 r  thz_pipeline_top_i/zynq_ultra_ps_e_0/inst/buffer_pl_clk_0.PL_CLK_0_BUFG/O
    X1Y2 (CLOCK_ROOT)    net (fo=30604, estimated)    1.859     2.067    thz_pipeline_top_i/axi_smc/inst/clk_map/psr_aclk/U0/aclk
    SLICE_X54Y242        FDRE                                         r  thz_pipeline_top_i/axi_smc/inst/clk_map/psr_aclk/U0/ACTIVE_LOW_BSR_OUT_DFF[0].FDRE_BSR_N/C
  -------------------------------------------------------------------    -------------------
    SLICE_X54Y242        FDRE (Prop_DFF_SLICEM_C_Q)
                                                      0.078     2.145 r  thz_pipeline_top_i/axi_smc/inst/clk_map/psr_aclk/U0/ACTIVE_LOW_BSR_OUT_DFF[0].FDRE_BSR_N/Q
                         net (fo=51, estimated)       1.964     4.109    thz_pipeline_top_i/axi_smc/inst/m00_nodes/m00_r_node/inst/s_sc_xpm_cdc_async_rst_inst/src_arst
    SLICE_X53Y30         FDCE                                         f  thz_pipeline_top_i/axi_smc/inst/m00_nodes/m00_r_node/inst/s_sc_xpm_cdc_async_rst_inst/arststages_ff_reg[2]/CLR  (IS_INVERTED)
  -------------------------------------------------------------------    -------------------

                         (clock clk_pl_0 rise edge)
                                                      0.000     0.000 r  
    PS8_X0Y0             PS8                          0.000     0.000 r  thz_pipeline_top_i/zynq_ultra_ps_e_0/inst/PS8_i/PLCLK[0]
                         net (fo=1, estimated)        0.143     0.143    thz_pipeline_top_i/zynq_ultra_ps_e_0/inst/pl_clk_unbuffered[0]
    BUFG_PS_X0Y80        BUFG_PS (Prop_BUFG_PS_I_O)
                                                      0.025     0.168 r  thz_pipeline_top_i/zynq_ultra_ps_e_0/inst/buffer_pl_clk_0.PL_CLK_0_BUFG/O
    X1Y2 (CLOCK_ROOT)    net (fo=30604, estimated)    1.550     1.718    thz_pipeline_top_i/axi_smc/inst/m00_nodes/m00_r_node/inst/s_sc_xpm_cdc_async_rst_inst/dest_clk
    SLICE_X53Y30         FDCE                                         r  thz_pipeline_top_i/axi_smc/inst/m00_nodes/m00_r_node/inst/s_sc_xpm_cdc_async_rst_inst/arststages_ff_reg[2]/C

Slack:                    inf
  Source:                 thz_pipeline_top_i/axi_smc/inst/clk_map/psr_aclk/U0/ACTIVE_LOW_BSR_OUT_DFF[0].FDRE_BSR_N/C
                            (rising edge-triggered cell FDRE clocked by clk_pl_0  {rise@0.000ns fall@1.666ns period=3.333ns})
  Destination:            thz_pipeline_top_i/axi_smc/inst/m00_nodes/m00_w_node/inst/s_sc_xpm_cdc_async_rst_inst/arststages_ff_reg[0]/CLR
                            (recovery check against rising-edge clock clk_pl_0  {rise@0.000ns fall@1.666ns period=3.333ns})
  Path Group:             (none)
  Path Type:              Recovery (Max at Slow Process Corner)
  Data Path Delay:        2.027ns  (logic 0.078ns (3.848%)  route 1.949ns (96.152%))
  Logic Levels:           0  
  Clock Path Skew:        -0.301ns (DCD - SCD + CPR)
    Destination Clock Delay (DCD):    1.766ns
    Source Clock Delay      (SCD):    2.067ns
    Clock Pessimism Removal (CPR):    0.000ns
  Clock Uncertainty:      0.104ns  ((TSJ^2 + DJ^2)^1/2) / 2 + PE
    Total System Jitter     (TSJ):    0.071ns
    Discrete Jitter          (DJ):    0.195ns
    Phase Error              (PE):    0.000ns
  Clock Net Delay (Source):      1.859ns (routing 0.616ns, distribution 1.243ns)
  Clock Net Delay (Destination): 1.598ns (routing 0.555ns, distribution 1.043ns)
  Timing Exception:       False Path

    Location             Delay type                Incr(ns)  Path(ns)    Netlist Resource(s)
  -------------------------------------------------------------------    -------------------
                         (clock clk_pl_0 rise edge)
                                                      0.000     0.000 r  
    PS8_X0Y0             PS8                          0.000     0.000 r  thz_pipeline_top_i/zynq_ultra_ps_e_0/inst/PS8_i/PLCLK[0]
                         net (fo=1, estimated)        0.180     0.180    thz_pipeline_top_i/zynq_ultra_ps_e_0/inst/pl_clk_unbuffered[0]
    BUFG_PS_X0Y80        BUFG_PS (Prop_BUFG_PS_I_O)
                                                      0.028     0.208 r  thz_pipeline_top_i/zynq_ultra_ps_e_0/inst/buffer_pl_clk_0.PL_CLK_0_BUFG/O
    X1Y2 (CLOCK_ROOT)    net (fo=30604, estimated)    1.859     2.067    thz_pipeline_top_i/axi_smc/inst/clk_map/psr_aclk/U0/aclk
    SLICE_X54Y242        FDRE                                         r  thz_pipeline_top_i/axi_smc/inst/clk_map/psr_aclk/U0/ACTIVE_LOW_BSR_OUT_DFF[0].FDRE_BSR_N/C
  -------------------------------------------------------------------    -------------------
    SLICE_X54Y242        FDRE (Prop_DFF_SLICEM_C_Q)
                                                      0.078     2.145 r  thz_pipeline_top_i/axi_smc/inst/clk_map/psr_aclk/U0/ACTIVE_LOW_BSR_OUT_DFF[0].FDRE_BSR_N/Q
                         net (fo=51, estimated)       1.949     4.094    thz_pipeline_top_i/axi_smc/inst/m00_nodes/m00_w_node/inst/s_sc_xpm_cdc_async_rst_inst/src_arst
    SLICE_X64Y61         FDCE                                         f  thz_pipeline_top_i/axi_smc/inst/m00_nodes/m00_w_node/inst/s_sc_xpm_cdc_async_rst_inst/arststages_ff_reg[0]/CLR  (IS_INVERTED)
  -------------------------------------------------------------------    -------------------

                         (clock clk_pl_0 rise edge)
                                                      0.000     0.000 r  
    PS8_X0Y0             PS8                          0.000     0.000 r  thz_pipeline_top_i/zynq_ultra_ps_e_0/inst/PS8_i/PLCLK[0]
                         net (fo=1, estimated)        0.143     0.143    thz_pipeline_top_i/zynq_ultra_ps_e_0/inst/pl_clk_unbuffered[0]
    BUFG_PS_X0Y80        BUFG_PS (Prop_BUFG_PS_I_O)
                                                      0.025     0.168 r  thz_pipeline_top_i/zynq_ultra_ps_e_0/inst/buffer_pl_clk_0.PL_CLK_0_BUFG/O
    X1Y2 (CLOCK_ROOT)    net (fo=30604, estimated)    1.598     1.766    thz_pipeline_top_i/axi_smc/inst/m00_nodes/m00_w_node/inst/s_sc_xpm_cdc_async_rst_inst/dest_clk
    SLICE_X64Y61         FDCE                                         r  thz_pipeline_top_i/axi_smc/inst/m00_nodes/m00_w_node/inst/s_sc_xpm_cdc_async_rst_inst/arststages_ff_reg[0]/C





Min Delay Paths
--------------------------------------------------------------------------------------
Slack:                    inf
  Source:                 thz_pipeline_top_i/axi_smc1/inst/clk_map/psr_aclk/U0/ACTIVE_LOW_BSR_OUT_DFF[0].FDRE_BSR_N/C
                            (rising edge-triggered cell FDRE clocked by clk_pl_0  {rise@0.000ns fall@1.666ns period=3.333ns})
  Destination:            thz_pipeline_top_i/axi_smc1/inst/s00_entry_pipeline/s00_mmu/inst/xpm_cdc_async_rst_inst/arststages_ff_reg[0]/CLR
                            (removal check against rising-edge clock clk_pl_0  {rise@0.000ns fall@1.666ns period=3.333ns})
  Path Group:             (none)
  Path Type:              Removal (Min at Fast Process Corner)
  Data Path Delay:        0.366ns  (logic 0.039ns (10.656%)  route 0.327ns (89.344%))
  Logic Levels:           0  
  Clock Path Skew:        0.167ns (DCD - SCD - CPR)
    Destination Clock Delay (DCD):    1.305ns
    Source Clock Delay      (SCD):    1.138ns
    Clock Pessimism Removal (CPR):    -0.000ns
  Clock Uncertainty:      0.104ns  ((TSJ^2 + DJ^2)^1/2) / 2 + PE
    Total System Jitter     (TSJ):    0.071ns
    Discrete Jitter          (DJ):    0.195ns
    Phase Error              (PE):    0.000ns
  Clock Net Delay (Source):      0.999ns (routing 0.336ns, distribution 0.663ns)
  Clock Net Delay (Destination): 1.133ns (routing 0.380ns, distribution 0.753ns)
  Timing Exception:       False Path

    Location             Delay type                Incr(ns)  Path(ns)    Netlist Resource(s)
  -------------------------------------------------------------------    -------------------
                         (clock clk_pl_0 rise edge)
                                                      0.000     0.000 r  
    PS8_X0Y0             PS8                          0.000     0.000 r  thz_pipeline_top_i/zynq_ultra_ps_e_0/inst/PS8_i/PLCLK[0]
                         net (fo=1, estimated)        0.122     0.122    thz_pipeline_top_i/zynq_ultra_ps_e_0/inst/pl_clk_unbuffered[0]
    BUFG_PS_X0Y80        BUFG_PS (Prop_BUFG_PS_I_O)
                                                      0.017     0.139 r  thz_pipeline_top_i/zynq_ultra_ps_e_0/inst/buffer_pl_clk_0.PL_CLK_0_BUFG/O
    X1Y2 (CLOCK_ROOT)    net (fo=30604, estimated)    0.999     1.138    thz_pipeline_top_i/axi_smc1/inst/clk_map/psr_aclk/U0/aclk
    SLICE_X54Y260        FDRE                                         r  thz_pipeline_top_i/axi_smc1/inst/clk_map/psr_aclk/U0/ACTIVE_LOW_BSR_OUT_DFF[0].FDRE_BSR_N/C
  -------------------------------------------------------------------    -------------------
    SLICE_X54Y260        FDRE (Prop_DFF_SLICEM_C_Q)
                                                      0.039     1.177 r  thz_pipeline_top_i/axi_smc1/inst/clk_map/psr_aclk/U0/ACTIVE_LOW_BSR_OUT_DFF[0].FDRE_BSR_N/Q
                         net (fo=45, estimated)       0.327     1.504    thz_pipeline_top_i/axi_smc1/inst/s00_entry_pipeline/s00_mmu/inst/xpm_cdc_async_rst_inst/src_arst
    SLICE_X48Y240        FDCE                                         f  thz_pipeline_top_i/axi_smc1/inst/s00_entry_pipeline/s00_mmu/inst/xpm_cdc_async_rst_inst/arststages_ff_reg[0]/CLR  (IS_INVERTED)
  -------------------------------------------------------------------    -------------------

                         (clock clk_pl_0 rise edge)
                                                      0.000     0.000 r  
    PS8_X0Y0             PS8                          0.000     0.000 r  thz_pipeline_top_i/zynq_ultra_ps_e_0/inst/PS8_i/PLCLK[0]
                         net (fo=1, estimated)        0.154     0.154    thz_pipeline_top_i/zynq_ultra_ps_e_0/inst/pl_clk_unbuffered[0]
    BUFG_PS_X0Y80        BUFG_PS (Prop_BUFG_PS_I_O)
                                                      0.018     0.172 r  thz_pipeline_top_i/zynq_ultra_ps_e_0/inst/buffer_pl_clk_0.PL_CLK_0_BUFG/O
    X1Y2 (CLOCK_ROOT)    net (fo=30604, estimated)    1.133     1.305    thz_pipeline_top_i/axi_smc1/inst/s00_entry_pipeline/s00_mmu/inst/xpm_cdc_async_rst_inst/dest_clk
    SLICE_X48Y240        FDCE                                         r  thz_pipeline_top_i/axi_smc1/inst/s00_entry_pipeline/s00_mmu/inst/xpm_cdc_async_rst_inst/arststages_ff_reg[0]/C

Slack:                    inf
  Source:                 thz_pipeline_top_i/axi_smc1/inst/clk_map/psr_aclk/U0/ACTIVE_LOW_BSR_OUT_DFF[0].FDRE_BSR_N/C
                            (rising edge-triggered cell FDRE clocked by clk_pl_0  {rise@0.000ns fall@1.666ns period=3.333ns})
  Destination:            thz_pipeline_top_i/axi_smc1/inst/s00_entry_pipeline/s00_mmu/inst/xpm_cdc_async_rst_inst/arststages_ff_reg[1]/CLR
                            (removal check against rising-edge clock clk_pl_0  {rise@0.000ns fall@1.666ns period=3.333ns})
  Path Group:             (none)
  Path Type:              Removal (Min at Fast Process Corner)
  Data Path Delay:        0.366ns  (logic 0.039ns (10.656%)  route 0.327ns (89.344%))
  Logic Levels:           0  
  Clock Path Skew:        0.167ns (DCD - SCD - CPR)
    Destination Clock Delay (DCD):    1.305ns
    Source Clock Delay      (SCD):    1.138ns
    Clock Pessimism Removal (CPR):    -0.000ns
  Clock Uncertainty:      0.104ns  ((TSJ^2 + DJ^2)^1/2) / 2 + PE
    Total System Jitter     (TSJ):    0.071ns
    Discrete Jitter          (DJ):    0.195ns
    Phase Error              (PE):    0.000ns
  Clock Net Delay (Source):      0.999ns (routing 0.336ns, distribution 0.663ns)
  Clock Net Delay (Destination): 1.133ns (routing 0.380ns, distribution 0.753ns)
  Timing Exception:       False Path

    Location             Delay type                Incr(ns)  Path(ns)    Netlist Resource(s)
  -------------------------------------------------------------------    -------------------
                         (clock clk_pl_0 rise edge)
                                                      0.000     0.000 r  
    PS8_X0Y0             PS8                          0.000     0.000 r  thz_pipeline_top_i/zynq_ultra_ps_e_0/inst/PS8_i/PLCLK[0]
                         net (fo=1, estimated)        0.122     0.122    thz_pipeline_top_i/zynq_ultra_ps_e_0/inst/pl_clk_unbuffered[0]
    BUFG_PS_X0Y80        BUFG_PS (Prop_BUFG_PS_I_O)
                                                      0.017     0.139 r  thz_pipeline_top_i/zynq_ultra_ps_e_0/inst/buffer_pl_clk_0.PL_CLK_0_BUFG/O
    X1Y2 (CLOCK_ROOT)    net (fo=30604, estimated)    0.999     1.138    thz_pipeline_top_i/axi_smc1/inst/clk_map/psr_aclk/U0/aclk
    SLICE_X54Y260        FDRE                                         r  thz_pipeline_top_i/axi_smc1/inst/clk_map/psr_aclk/U0/ACTIVE_LOW_BSR_OUT_DFF[0].FDRE_BSR_N/C
  -------------------------------------------------------------------    -------------------
    SLICE_X54Y260        FDRE (Prop_DFF_SLICEM_C_Q)
                                                      0.039     1.177 r  thz_pipeline_top_i/axi_smc1/inst/clk_map/psr_aclk/U0/ACTIVE_LOW_BSR_OUT_DFF[0].FDRE_BSR_N/Q
                         net (fo=45, estimated)       0.327     1.504    thz_pipeline_top_i/axi_smc1/inst/s00_entry_pipeline/s00_mmu/inst/xpm_cdc_async_rst_inst/src_arst
    SLICE_X48Y240        FDCE                                         f  thz_pipeline_top_i/axi_smc1/inst/s00_entry_pipeline/s00_mmu/inst/xpm_cdc_async_rst_inst/arststages_ff_reg[1]/CLR  (IS_INVERTED)
  -------------------------------------------------------------------    -------------------

                         (clock clk_pl_0 rise edge)
                                                      0.000     0.000 r  
    PS8_X0Y0             PS8                          0.000     0.000 r  thz_pipeline_top_i/zynq_ultra_ps_e_0/inst/PS8_i/PLCLK[0]
                         net (fo=1, estimated)        0.154     0.154    thz_pipeline_top_i/zynq_ultra_ps_e_0/inst/pl_clk_unbuffered[0]
    BUFG_PS_X0Y80        BUFG_PS (Prop_BUFG_PS_I_O)
                                                      0.018     0.172 r  thz_pipeline_top_i/zynq_ultra_ps_e_0/inst/buffer_pl_clk_0.PL_CLK_0_BUFG/O
    X1Y2 (CLOCK_ROOT)    net (fo=30604, estimated)    1.133     1.305    thz_pipeline_top_i/axi_smc1/inst/s00_entry_pipeline/s00_mmu/inst/xpm_cdc_async_rst_inst/dest_clk
    SLICE_X48Y240        FDCE                                         r  thz_pipeline_top_i/axi_smc1/inst/s00_entry_pipeline/s00_mmu/inst/xpm_cdc_async_rst_inst/arststages_ff_reg[1]/C

Slack:                    inf
  Source:                 thz_pipeline_top_i/axi_smc1/inst/clk_map/psr_aclk/U0/ACTIVE_LOW_BSR_OUT_DFF[0].FDRE_BSR_N/C
                            (rising edge-triggered cell FDRE clocked by clk_pl_0  {rise@0.000ns fall@1.666ns period=3.333ns})
  Destination:            thz_pipeline_top_i/axi_smc1/inst/s00_entry_pipeline/s00_mmu/inst/xpm_cdc_async_rst_inst/arststages_ff_reg[2]/CLR
                            (removal check against rising-edge clock clk_pl_0  {rise@0.000ns fall@1.666ns period=3.333ns})
  Path Group:             (none)
  Path Type:              Removal (Min at Fast Process Corner)
  Data Path Delay:        0.366ns  (logic 0.039ns (10.656%)  route 0.327ns (89.344%))
  Logic Levels:           0  
  Clock Path Skew:        0.167ns (DCD - SCD - CPR)
    Destination Clock Delay (DCD):    1.305ns
    Source Clock Delay      (SCD):    1.138ns
    Clock Pessimism Removal (CPR):    -0.000ns
  Clock Uncertainty:      0.104ns  ((TSJ^2 + DJ^2)^1/2) / 2 + PE
    Total System Jitter     (TSJ):    0.071ns
    Discrete Jitter          (DJ):    0.195ns
    Phase Error              (PE):    0.000ns
  Clock Net Delay (Source):      0.999ns (routing 0.336ns, distribution 0.663ns)
  Clock Net Delay (Destination): 1.133ns (routing 0.380ns, distribution 0.753ns)
  Timing Exception:       False Path

    Location             Delay type                Incr(ns)  Path(ns)    Netlist Resource(s)
  -------------------------------------------------------------------    -------------------
                         (clock clk_pl_0 rise edge)
                                                      0.000     0.000 r  
    PS8_X0Y0             PS8                          0.000     0.000 r  thz_pipeline_top_i/zynq_ultra_ps_e_0/inst/PS8_i/PLCLK[0]
                         net (fo=1, estimated)        0.122     0.122    thz_pipeline_top_i/zynq_ultra_ps_e_0/inst/pl_clk_unbuffered[0]
    BUFG_PS_X0Y80        BUFG_PS (Prop_BUFG_PS_I_O)
                                                      0.017     0.139 r  thz_pipeline_top_i/zynq_ultra_ps_e_0/inst/buffer_pl_clk_0.PL_CLK_0_BUFG/O
    X1Y2 (CLOCK_ROOT)    net (fo=30604, estimated)    0.999     1.138    thz_pipeline_top_i/axi_smc1/inst/clk_map/psr_aclk/U0/aclk
    SLICE_X54Y260        FDRE                                         r  thz_pipeline_top_i/axi_smc1/inst/clk_map/psr_aclk/U0/ACTIVE_LOW_BSR_OUT_DFF[0].FDRE_BSR_N/C
  -------------------------------------------------------------------    -------------------
    SLICE_X54Y260        FDRE (Prop_DFF_SLICEM_C_Q)
                                                      0.039     1.177 r  thz_pipeline_top_i/axi_smc1/inst/clk_map/psr_aclk/U0/ACTIVE_LOW_BSR_OUT_DFF[0].FDRE_BSR_N/Q
                         net (fo=45, estimated)       0.327     1.504    thz_pipeline_top_i/axi_smc1/inst/s00_entry_pipeline/s00_mmu/inst/xpm_cdc_async_rst_inst/src_arst
    SLICE_X48Y240        FDCE                                         f  thz_pipeline_top_i/axi_smc1/inst/s00_entry_pipeline/s00_mmu/inst/xpm_cdc_async_rst_inst/arststages_ff_reg[2]/CLR  (IS_INVERTED)
  -------------------------------------------------------------------    -------------------

                         (clock clk_pl_0 rise edge)
                                                      0.000     0.000 r  
    PS8_X0Y0             PS8                          0.000     0.000 r  thz_pipeline_top_i/zynq_ultra_ps_e_0/inst/PS8_i/PLCLK[0]
                         net (fo=1, estimated)        0.154     0.154    thz_pipeline_top_i/zynq_ultra_ps_e_0/inst/pl_clk_unbuffered[0]
    BUFG_PS_X0Y80        BUFG_PS (Prop_BUFG_PS_I_O)
                                                      0.018     0.172 r  thz_pipeline_top_i/zynq_ultra_ps_e_0/inst/buffer_pl_clk_0.PL_CLK_0_BUFG/O
    X1Y2 (CLOCK_ROOT)    net (fo=30604, estimated)    1.133     1.305    thz_pipeline_top_i/axi_smc1/inst/s00_entry_pipeline/s00_mmu/inst/xpm_cdc_async_rst_inst/dest_clk
    SLICE_X48Y240        FDCE                                         r  thz_pipeline_top_i/axi_smc1/inst/s00_entry_pipeline/s00_mmu/inst/xpm_cdc_async_rst_inst/arststages_ff_reg[2]/C

Slack:                    inf
  Source:                 thz_pipeline_top_i/axi_smc1/inst/clk_map/psr_aclk/U0/ACTIVE_LOW_BSR_OUT_DFF[0].FDRE_BSR_N/C
                            (rising edge-triggered cell FDRE clocked by clk_pl_0  {rise@0.000ns fall@1.666ns period=3.333ns})
  Destination:            thz_pipeline_top_i/axi_smc1/inst/s01_entry_pipeline/s01_mmu/inst/xpm_cdc_async_rst_inst/arststages_ff_reg[0]/CLR
                            (removal check against rising-edge clock clk_pl_0  {rise@0.000ns fall@1.666ns period=3.333ns})
  Path Group:             (none)
  Path Type:              Removal (Min at Fast Process Corner)
  Data Path Delay:        0.588ns  (logic 0.039ns (6.633%)  route 0.549ns (93.367%))
  Logic Levels:           0  
  Clock Path Skew:        0.122ns (DCD - SCD - CPR)
    Destination Clock Delay (DCD):    1.260ns
    Source Clock Delay      (SCD):    1.138ns
    Clock Pessimism Removal (CPR):    -0.000ns
  Clock Uncertainty:      0.104ns  ((TSJ^2 + DJ^2)^1/2) / 2 + PE
    Total System Jitter     (TSJ):    0.071ns
    Discrete Jitter          (DJ):    0.195ns
    Phase Error              (PE):    0.000ns
  Clock Net Delay (Source):      0.999ns (routing 0.336ns, distribution 0.663ns)
  Clock Net Delay (Destination): 1.088ns (routing 0.380ns, distribution 0.708ns)
  Timing Exception:       False Path

    Location             Delay type                Incr(ns)  Path(ns)    Netlist Resource(s)
  -------------------------------------------------------------------    -------------------
                         (clock clk_pl_0 rise edge)
                                                      0.000     0.000 r  
    PS8_X0Y0             PS8                          0.000     0.000 r  thz_pipeline_top_i/zynq_ultra_ps_e_0/inst/PS8_i/PLCLK[0]
                         net (fo=1, estimated)        0.122     0.122    thz_pipeline_top_i/zynq_ultra_ps_e_0/inst/pl_clk_unbuffered[0]
    BUFG_PS_X0Y80        BUFG_PS (Prop_BUFG_PS_I_O)
                                                      0.017     0.139 r  thz_pipeline_top_i/zynq_ultra_ps_e_0/inst/buffer_pl_clk_0.PL_CLK_0_BUFG/O
    X1Y2 (CLOCK_ROOT)    net (fo=30604, estimated)    0.999     1.138    thz_pipeline_top_i/axi_smc1/inst/clk_map/psr_aclk/U0/aclk
    SLICE_X54Y260        FDRE                                         r  thz_pipeline_top_i/axi_smc1/inst/clk_map/psr_aclk/U0/ACTIVE_LOW_BSR_OUT_DFF[0].FDRE_BSR_N/C
  -------------------------------------------------------------------    -------------------
    SLICE_X54Y260        FDRE (Prop_DFF_SLICEM_C_Q)
                                                      0.039     1.177 r  thz_pipeline_top_i/axi_smc1/inst/clk_map/psr_aclk/U0/ACTIVE_LOW_BSR_OUT_DFF[0].FDRE_BSR_N/Q
                         net (fo=45, estimated)       0.549     1.726    thz_pipeline_top_i/axi_smc1/inst/s01_entry_pipeline/s01_mmu/inst/xpm_cdc_async_rst_inst/src_arst
    SLICE_X59Y168        FDCE                                         f  thz_pipeline_top_i/axi_smc1/inst/s01_entry_pipeline/s01_mmu/inst/xpm_cdc_async_rst_inst/arststages_ff_reg[0]/CLR  (IS_INVERTED)
  -------------------------------------------------------------------    -------------------

                         (clock clk_pl_0 rise edge)
                                                      0.000     0.000 r  
    PS8_X0Y0             PS8                          0.000     0.000 r  thz_pipeline_top_i/zynq_ultra_ps_e_0/inst/PS8_i/PLCLK[0]
                         net (fo=1, estimated)        0.154     0.154    thz_pipeline_top_i/zynq_ultra_ps_e_0/inst/pl_clk_unbuffered[0]
    BUFG_PS_X0Y80        BUFG_PS (Prop_BUFG_PS_I_O)
                                                      0.018     0.172 r  thz_pipeline_top_i/zynq_ultra_ps_e_0/inst/buffer_pl_clk_0.PL_CLK_0_BUFG/O
    X1Y2 (CLOCK_ROOT)    net (fo=30604, estimated)    1.088     1.260    thz_pipeline_top_i/axi_smc1/inst/s01_entry_pipeline/s01_mmu/inst/xpm_cdc_async_rst_inst/dest_clk
    SLICE_X59Y168        FDCE                                         r  thz_pipeline_top_i/axi_smc1/inst/s01_entry_pipeline/s01_mmu/inst/xpm_cdc_async_rst_inst/arststages_ff_reg[0]/C

Slack:                    inf
  Source:                 thz_pipeline_top_i/axi_smc1/inst/clk_map/psr_aclk/U0/ACTIVE_LOW_BSR_OUT_DFF[0].FDRE_BSR_N/C
                            (rising edge-triggered cell FDRE clocked by clk_pl_0  {rise@0.000ns fall@1.666ns period=3.333ns})
  Destination:            thz_pipeline_top_i/axi_smc1/inst/s01_entry_pipeline/s01_mmu/inst/xpm_cdc_async_rst_inst/arststages_ff_reg[1]/CLR
                            (removal check against rising-edge clock clk_pl_0  {rise@0.000ns fall@1.666ns period=3.333ns})
  Path Group:             (none)
  Path Type:              Removal (Min at Fast Process Corner)
  Data Path Delay:        0.588ns  (logic 0.039ns (6.633%)  route 0.549ns (93.367%))
  Logic Levels:           0  
  Clock Path Skew:        0.122ns (DCD - SCD - CPR)
    Destination Clock Delay (DCD):    1.260ns
    Source Clock Delay      (SCD):    1.138ns
    Clock Pessimism Removal (CPR):    -0.000ns
  Clock Uncertainty:      0.104ns  ((TSJ^2 + DJ^2)^1/2) / 2 + PE
    Total System Jitter     (TSJ):    0.071ns
    Discrete Jitter          (DJ):    0.195ns
    Phase Error              (PE):    0.000ns
  Clock Net Delay (Source):      0.999ns (routing 0.336ns, distribution 0.663ns)
  Clock Net Delay (Destination): 1.088ns (routing 0.380ns, distribution 0.708ns)
  Timing Exception:       False Path

    Location             Delay type                Incr(ns)  Path(ns)    Netlist Resource(s)
  -------------------------------------------------------------------    -------------------
                         (clock clk_pl_0 rise edge)
                                                      0.000     0.000 r  
    PS8_X0Y0             PS8                          0.000     0.000 r  thz_pipeline_top_i/zynq_ultra_ps_e_0/inst/PS8_i/PLCLK[0]
                         net (fo=1, estimated)        0.122     0.122    thz_pipeline_top_i/zynq_ultra_ps_e_0/inst/pl_clk_unbuffered[0]
    BUFG_PS_X0Y80        BUFG_PS (Prop_BUFG_PS_I_O)
                                                      0.017     0.139 r  thz_pipeline_top_i/zynq_ultra_ps_e_0/inst/buffer_pl_clk_0.PL_CLK_0_BUFG/O
    X1Y2 (CLOCK_ROOT)    net (fo=30604, estimated)    0.999     1.138    thz_pipeline_top_i/axi_smc1/inst/clk_map/psr_aclk/U0/aclk
    SLICE_X54Y260        FDRE                                         r  thz_pipeline_top_i/axi_smc1/inst/clk_map/psr_aclk/U0/ACTIVE_LOW_BSR_OUT_DFF[0].FDRE_BSR_N/C
  -------------------------------------------------------------------    -------------------
    SLICE_X54Y260        FDRE (Prop_DFF_SLICEM_C_Q)
                                                      0.039     1.177 r  thz_pipeline_top_i/axi_smc1/inst/clk_map/psr_aclk/U0/ACTIVE_LOW_BSR_OUT_DFF[0].FDRE_BSR_N/Q
                         net (fo=45, estimated)       0.549     1.726    thz_pipeline_top_i/axi_smc1/inst/s01_entry_pipeline/s01_mmu/inst/xpm_cdc_async_rst_inst/src_arst
    SLICE_X59Y168        FDCE                                         f  thz_pipeline_top_i/axi_smc1/inst/s01_entry_pipeline/s01_mmu/inst/xpm_cdc_async_rst_inst/arststages_ff_reg[1]/CLR  (IS_INVERTED)
  -------------------------------------------------------------------    -------------------

                         (clock clk_pl_0 rise edge)
                                                      0.000     0.000 r  
    PS8_X0Y0             PS8                          0.000     0.000 r  thz_pipeline_top_i/zynq_ultra_ps_e_0/inst/PS8_i/PLCLK[0]
                         net (fo=1, estimated)        0.154     0.154    thz_pipeline_top_i/zynq_ultra_ps_e_0/inst/pl_clk_unbuffered[0]
    BUFG_PS_X0Y80        BUFG_PS (Prop_BUFG_PS_I_O)
                                                      0.018     0.172 r  thz_pipeline_top_i/zynq_ultra_ps_e_0/inst/buffer_pl_clk_0.PL_CLK_0_BUFG/O
    X1Y2 (CLOCK_ROOT)    net (fo=30604, estimated)    1.088     1.260    thz_pipeline_top_i/axi_smc1/inst/s01_entry_pipeline/s01_mmu/inst/xpm_cdc_async_rst_inst/dest_clk
    SLICE_X59Y168        FDCE                                         r  thz_pipeline_top_i/axi_smc1/inst/s01_entry_pipeline/s01_mmu/inst/xpm_cdc_async_rst_inst/arststages_ff_reg[1]/C

Slack:                    inf
  Source:                 thz_pipeline_top_i/axi_smc1/inst/clk_map/psr_aclk/U0/ACTIVE_LOW_BSR_OUT_DFF[0].FDRE_BSR_N/C
                            (rising edge-triggered cell FDRE clocked by clk_pl_0  {rise@0.000ns fall@1.666ns period=3.333ns})
  Destination:            thz_pipeline_top_i/axi_smc1/inst/s01_entry_pipeline/s01_mmu/inst/xpm_cdc_async_rst_inst/arststages_ff_reg[2]/CLR
                            (removal check against rising-edge clock clk_pl_0  {rise@0.000ns fall@1.666ns period=3.333ns})
  Path Group:             (none)
  Path Type:              Removal (Min at Fast Process Corner)
  Data Path Delay:        0.588ns  (logic 0.039ns (6.633%)  route 0.549ns (93.367%))
  Logic Levels:           0  
  Clock Path Skew:        0.122ns (DCD - SCD - CPR)
    Destination Clock Delay (DCD):    1.260ns
    Source Clock Delay      (SCD):    1.138ns
    Clock Pessimism Removal (CPR):    -0.000ns
  Clock Uncertainty:      0.104ns  ((TSJ^2 + DJ^2)^1/2) / 2 + PE
    Total System Jitter     (TSJ):    0.071ns
    Discrete Jitter          (DJ):    0.195ns
    Phase Error              (PE):    0.000ns
  Clock Net Delay (Source):      0.999ns (routing 0.336ns, distribution 0.663ns)
  Clock Net Delay (Destination): 1.088ns (routing 0.380ns, distribution 0.708ns)
  Timing Exception:       False Path

    Location             Delay type                Incr(ns)  Path(ns)    Netlist Resource(s)
  -------------------------------------------------------------------    -------------------
                         (clock clk_pl_0 rise edge)
                                                      0.000     0.000 r  
    PS8_X0Y0             PS8                          0.000     0.000 r  thz_pipeline_top_i/zynq_ultra_ps_e_0/inst/PS8_i/PLCLK[0]
                         net (fo=1, estimated)        0.122     0.122    thz_pipeline_top_i/zynq_ultra_ps_e_0/inst/pl_clk_unbuffered[0]
    BUFG_PS_X0Y80        BUFG_PS (Prop_BUFG_PS_I_O)
                                                      0.017     0.139 r  thz_pipeline_top_i/zynq_ultra_ps_e_0/inst/buffer_pl_clk_0.PL_CLK_0_BUFG/O
    X1Y2 (CLOCK_ROOT)    net (fo=30604, estimated)    0.999     1.138    thz_pipeline_top_i/axi_smc1/inst/clk_map/psr_aclk/U0/aclk
    SLICE_X54Y260        FDRE                                         r  thz_pipeline_top_i/axi_smc1/inst/clk_map/psr_aclk/U0/ACTIVE_LOW_BSR_OUT_DFF[0].FDRE_BSR_N/C
  -------------------------------------------------------------------    -------------------
    SLICE_X54Y260        FDRE (Prop_DFF_SLICEM_C_Q)
                                                      0.039     1.177 r  thz_pipeline_top_i/axi_smc1/inst/clk_map/psr_aclk/U0/ACTIVE_LOW_BSR_OUT_DFF[0].FDRE_BSR_N/Q
                         net (fo=45, estimated)       0.549     1.726    thz_pipeline_top_i/axi_smc1/inst/s01_entry_pipeline/s01_mmu/inst/xpm_cdc_async_rst_inst/src_arst
    SLICE_X59Y168        FDCE                                         f  thz_pipeline_top_i/axi_smc1/inst/s01_entry_pipeline/s01_mmu/inst/xpm_cdc_async_rst_inst/arststages_ff_reg[2]/CLR  (IS_INVERTED)
  -------------------------------------------------------------------    -------------------

                         (clock clk_pl_0 rise edge)
                                                      0.000     0.000 r  
    PS8_X0Y0             PS8                          0.000     0.000 r  thz_pipeline_top_i/zynq_ultra_ps_e_0/inst/PS8_i/PLCLK[0]
                         net (fo=1, estimated)        0.154     0.154    thz_pipeline_top_i/zynq_ultra_ps_e_0/inst/pl_clk_unbuffered[0]
    BUFG_PS_X0Y80        BUFG_PS (Prop_BUFG_PS_I_O)
                                                      0.018     0.172 r  thz_pipeline_top_i/zynq_ultra_ps_e_0/inst/buffer_pl_clk_0.PL_CLK_0_BUFG/O
    X1Y2 (CLOCK_ROOT)    net (fo=30604, estimated)    1.088     1.260    thz_pipeline_top_i/axi_smc1/inst/s01_entry_pipeline/s01_mmu/inst/xpm_cdc_async_rst_inst/dest_clk
    SLICE_X59Y168        FDCE                                         r  thz_pipeline_top_i/axi_smc1/inst/s01_entry_pipeline/s01_mmu/inst/xpm_cdc_async_rst_inst/arststages_ff_reg[2]/C

Slack:                    inf
  Source:                 thz_pipeline_top_i/rst_ps8_0_266M/U0/ACTIVE_LOW_PR_OUT_DFF[0].FDRE_PER_N/C
                            (rising edge-triggered cell FDRE clocked by clk_pl_0  {rise@0.000ns fall@1.666ns period=3.333ns})
  Destination:            thz_pipeline_top_i/axis_data_fifo_1/inst/gen_fifo.xpm_fifo_axis_inst/gaxis_rst_sync.xpm_cdc_sync_rst_inst/syncstages_ff_reg[0]/D
                            (rising edge-triggered cell FDRE clocked by clk_pl_0  {rise@0.000ns fall@1.666ns period=3.333ns})
  Path Group:             (none)
  Path Type:              Hold (Min at Fast Process Corner)
  Data Path Delay:        0.614ns  (logic 0.053ns (8.632%)  route 0.561ns (91.368%))
  Logic Levels:           1  (LUT1=1)
  Clock Path Skew:        0.129ns (DCD - SCD - CPR)
    Destination Clock Delay (DCD):    1.255ns
    Source Clock Delay      (SCD):    1.126ns
    Clock Pessimism Removal (CPR):    -0.000ns
  Clock Uncertainty:      0.104ns  ((TSJ^2 + DJ^2)^1/2) / 2 + PE
    Total System Jitter     (TSJ):    0.071ns
    Discrete Jitter          (DJ):    0.195ns
    Phase Error              (PE):    0.000ns
  Clock Net Delay (Source):      0.987ns (routing 0.336ns, distribution 0.651ns)
  Clock Net Delay (Destination): 1.083ns (routing 0.380ns, distribution 0.703ns)
  Timing Exception:       False Path

    Location             Delay type                Incr(ns)  Path(ns)    Netlist Resource(s)
  -------------------------------------------------------------------    -------------------
                         (clock clk_pl_0 rise edge)
                                                      0.000     0.000 r  
    PS8_X0Y0             PS8                          0.000     0.000 r  thz_pipeline_top_i/zynq_ultra_ps_e_0/inst/PS8_i/PLCLK[0]
                         net (fo=1, estimated)        0.122     0.122    thz_pipeline_top_i/zynq_ultra_ps_e_0/inst/pl_clk_unbuffered[0]
    BUFG_PS_X0Y80        BUFG_PS (Prop_BUFG_PS_I_O)
                                                      0.017     0.139 r  thz_pipeline_top_i/zynq_ultra_ps_e_0/inst/buffer_pl_clk_0.PL_CLK_0_BUFG/O
    X1Y2 (CLOCK_ROOT)    net (fo=30604, estimated)    0.987     1.126    thz_pipeline_top_i/rst_ps8_0_266M/U0/slowest_sync_clk
    SLICE_X65Y109        FDRE                                         r  thz_pipeline_top_i/rst_ps8_0_266M/U0/ACTIVE_LOW_PR_OUT_DFF[0].FDRE_PER_N/C
  -------------------------------------------------------------------    -------------------
    SLICE_X65Y109        FDRE (Prop_EFF_SLICEL_C_Q)
                                                      0.039     1.165 f  thz_pipeline_top_i/rst_ps8_0_266M/U0/ACTIVE_LOW_PR_OUT_DFF[0].FDRE_PER_N/Q
                         net (fo=965, estimated)      0.478     1.643    thz_pipeline_top_i/axis_data_fifo_1/inst/gen_fifo.xpm_fifo_axis_inst/s_aresetn
    SLICE_X54Y165        LUT1 (Prop_C6LUT_SLICEM_I0_O)
                                                      0.014     1.657 r  thz_pipeline_top_i/axis_data_fifo_1/inst/gen_fifo.xpm_fifo_axis_inst/gaxis_rst_sync.xpm_cdc_sync_rst_inst_i_1/O
                         net (fo=1, estimated)        0.083     1.740    thz_pipeline_top_i/axis_data_fifo_1/inst/gen_fifo.xpm_fifo_axis_inst/gaxis_rst_sync.xpm_cdc_sync_rst_inst/src_rst
    SLICE_X54Y165        FDRE                                         r  thz_pipeline_top_i/axis_data_fifo_1/inst/gen_fifo.xpm_fifo_axis_inst/gaxis_rst_sync.xpm_cdc_sync_rst_inst/syncstages_ff_reg[0]/D
  -------------------------------------------------------------------    -------------------

                         (clock clk_pl_0 rise edge)
                                                      0.000     0.000 r  
    PS8_X0Y0             PS8                          0.000     0.000 r  thz_pipeline_top_i/zynq_ultra_ps_e_0/inst/PS8_i/PLCLK[0]
                         net (fo=1, estimated)        0.154     0.154    thz_pipeline_top_i/zynq_ultra_ps_e_0/inst/pl_clk_unbuffered[0]
    BUFG_PS_X0Y80        BUFG_PS (Prop_BUFG_PS_I_O)
                                                      0.018     0.172 r  thz_pipeline_top_i/zynq_ultra_ps_e_0/inst/buffer_pl_clk_0.PL_CLK_0_BUFG/O
    X1Y2 (CLOCK_ROOT)    net (fo=30604, estimated)    1.083     1.255    thz_pipeline_top_i/axis_data_fifo_1/inst/gen_fifo.xpm_fifo_axis_inst/gaxis_rst_sync.xpm_cdc_sync_rst_inst/dest_clk
    SLICE_X54Y165        FDRE                                         r  thz_pipeline_top_i/axis_data_fifo_1/inst/gen_fifo.xpm_fifo_axis_inst/gaxis_rst_sync.xpm_cdc_sync_rst_inst/syncstages_ff_reg[0]/C

Slack:                    inf
  Source:                 thz_pipeline_top_i/axi_smc1/inst/clk_map/psr_aclk/U0/ACTIVE_LOW_BSR_OUT_DFF[0].FDRE_BSR_N/C
                            (rising edge-triggered cell FDRE clocked by clk_pl_0  {rise@0.000ns fall@1.666ns period=3.333ns})
  Destination:            thz_pipeline_top_i/axi_smc1/inst/s01_nodes/s01_aw_node/inst/s_sc_xpm_cdc_async_rst_inst/arststages_ff_reg[0]/CLR
                            (removal check against rising-edge clock clk_pl_0  {rise@0.000ns fall@1.666ns period=3.333ns})
  Path Group:             (none)
  Path Type:              Removal (Min at Fast Process Corner)
  Data Path Delay:        0.605ns  (logic 0.039ns (6.446%)  route 0.566ns (93.554%))
  Logic Levels:           0  
  Clock Path Skew:        0.110ns (DCD - SCD - CPR)
    Destination Clock Delay (DCD):    1.248ns
    Source Clock Delay      (SCD):    1.138ns
    Clock Pessimism Removal (CPR):    -0.000ns
  Clock Uncertainty:      0.104ns  ((TSJ^2 + DJ^2)^1/2) / 2 + PE
    Total System Jitter     (TSJ):    0.071ns
    Discrete Jitter          (DJ):    0.195ns
    Phase Error              (PE):    0.000ns
  Clock Net Delay (Source):      0.999ns (routing 0.336ns, distribution 0.663ns)
  Clock Net Delay (Destination): 1.076ns (routing 0.380ns, distribution 0.696ns)
  Timing Exception:       False Path

    Location             Delay type                Incr(ns)  Path(ns)    Netlist Resource(s)
  -------------------------------------------------------------------    -------------------
                         (clock clk_pl_0 rise edge)
                                                      0.000     0.000 r  
    PS8_X0Y0             PS8                          0.000     0.000 r  thz_pipeline_top_i/zynq_ultra_ps_e_0/inst/PS8_i/PLCLK[0]
                         net (fo=1, estimated)        0.122     0.122    thz_pipeline_top_i/zynq_ultra_ps_e_0/inst/pl_clk_unbuffered[0]
    BUFG_PS_X0Y80        BUFG_PS (Prop_BUFG_PS_I_O)
                                                      0.017     0.139 r  thz_pipeline_top_i/zynq_ultra_ps_e_0/inst/buffer_pl_clk_0.PL_CLK_0_BUFG/O
    X1Y2 (CLOCK_ROOT)    net (fo=30604, estimated)    0.999     1.138    thz_pipeline_top_i/axi_smc1/inst/clk_map/psr_aclk/U0/aclk
    SLICE_X54Y260        FDRE                                         r  thz_pipeline_top_i/axi_smc1/inst/clk_map/psr_aclk/U0/ACTIVE_LOW_BSR_OUT_DFF[0].FDRE_BSR_N/C
  -------------------------------------------------------------------    -------------------
    SLICE_X54Y260        FDRE (Prop_DFF_SLICEM_C_Q)
                                                      0.039     1.177 r  thz_pipeline_top_i/axi_smc1/inst/clk_map/psr_aclk/U0/ACTIVE_LOW_BSR_OUT_DFF[0].FDRE_BSR_N/Q
                         net (fo=45, estimated)       0.566     1.743    thz_pipeline_top_i/axi_smc1/inst/s01_nodes/s01_aw_node/inst/s_sc_xpm_cdc_async_rst_inst/src_arst
    SLICE_X58Y156        FDCE                                         f  thz_pipeline_top_i/axi_smc1/inst/s01_nodes/s01_aw_node/inst/s_sc_xpm_cdc_async_rst_inst/arststages_ff_reg[0]/CLR  (IS_INVERTED)
  -------------------------------------------------------------------    -------------------

                         (clock clk_pl_0 rise edge)
                                                      0.000     0.000 r  
    PS8_X0Y0             PS8                          0.000     0.000 r  thz_pipeline_top_i/zynq_ultra_ps_e_0/inst/PS8_i/PLCLK[0]
                         net (fo=1, estimated)        0.154     0.154    thz_pipeline_top_i/zynq_ultra_ps_e_0/inst/pl_clk_unbuffered[0]
    BUFG_PS_X0Y80        BUFG_PS (Prop_BUFG_PS_I_O)
                                                      0.018     0.172 r  thz_pipeline_top_i/zynq_ultra_ps_e_0/inst/buffer_pl_clk_0.PL_CLK_0_BUFG/O
    X1Y2 (CLOCK_ROOT)    net (fo=30604, estimated)    1.076     1.248    thz_pipeline_top_i/axi_smc1/inst/s01_nodes/s01_aw_node/inst/s_sc_xpm_cdc_async_rst_inst/dest_clk
    SLICE_X58Y156        FDCE                                         r  thz_pipeline_top_i/axi_smc1/inst/s01_nodes/s01_aw_node/inst/s_sc_xpm_cdc_async_rst_inst/arststages_ff_reg[0]/C

Slack:                    inf
  Source:                 thz_pipeline_top_i/axi_smc1/inst/clk_map/psr_aclk/U0/ACTIVE_LOW_BSR_OUT_DFF[0].FDRE_BSR_N/C
                            (rising edge-triggered cell FDRE clocked by clk_pl_0  {rise@0.000ns fall@1.666ns period=3.333ns})
  Destination:            thz_pipeline_top_i/axi_smc1/inst/s01_nodes/s01_aw_node/inst/s_sc_xpm_cdc_async_rst_inst/arststages_ff_reg[1]/CLR
                            (removal check against rising-edge clock clk_pl_0  {rise@0.000ns fall@1.666ns period=3.333ns})
  Path Group:             (none)
  Path Type:              Removal (Min at Fast Process Corner)
  Data Path Delay:        0.605ns  (logic 0.039ns (6.446%)  route 0.566ns (93.554%))
  Logic Levels:           0  
  Clock Path Skew:        0.110ns (DCD - SCD - CPR)
    Destination Clock Delay (DCD):    1.248ns
    Source Clock Delay      (SCD):    1.138ns
    Clock Pessimism Removal (CPR):    -0.000ns
  Clock Uncertainty:      0.104ns  ((TSJ^2 + DJ^2)^1/2) / 2 + PE
    Total System Jitter     (TSJ):    0.071ns
    Discrete Jitter          (DJ):    0.195ns
    Phase Error              (PE):    0.000ns
  Clock Net Delay (Source):      0.999ns (routing 0.336ns, distribution 0.663ns)
  Clock Net Delay (Destination): 1.076ns (routing 0.380ns, distribution 0.696ns)
  Timing Exception:       False Path

    Location             Delay type                Incr(ns)  Path(ns)    Netlist Resource(s)
  -------------------------------------------------------------------    -------------------
                         (clock clk_pl_0 rise edge)
                                                      0.000     0.000 r  
    PS8_X0Y0             PS8                          0.000     0.000 r  thz_pipeline_top_i/zynq_ultra_ps_e_0/inst/PS8_i/PLCLK[0]
                         net (fo=1, estimated)        0.122     0.122    thz_pipeline_top_i/zynq_ultra_ps_e_0/inst/pl_clk_unbuffered[0]
    BUFG_PS_X0Y80        BUFG_PS (Prop_BUFG_PS_I_O)
                                                      0.017     0.139 r  thz_pipeline_top_i/zynq_ultra_ps_e_0/inst/buffer_pl_clk_0.PL_CLK_0_BUFG/O
    X1Y2 (CLOCK_ROOT)    net (fo=30604, estimated)    0.999     1.138    thz_pipeline_top_i/axi_smc1/inst/clk_map/psr_aclk/U0/aclk
    SLICE_X54Y260        FDRE                                         r  thz_pipeline_top_i/axi_smc1/inst/clk_map/psr_aclk/U0/ACTIVE_LOW_BSR_OUT_DFF[0].FDRE_BSR_N/C
  -------------------------------------------------------------------    -------------------
    SLICE_X54Y260        FDRE (Prop_DFF_SLICEM_C_Q)
                                                      0.039     1.177 r  thz_pipeline_top_i/axi_smc1/inst/clk_map/psr_aclk/U0/ACTIVE_LOW_BSR_OUT_DFF[0].FDRE_BSR_N/Q
                         net (fo=45, estimated)       0.566     1.743    thz_pipeline_top_i/axi_smc1/inst/s01_nodes/s01_aw_node/inst/s_sc_xpm_cdc_async_rst_inst/src_arst
    SLICE_X58Y156        FDCE                                         f  thz_pipeline_top_i/axi_smc1/inst/s01_nodes/s01_aw_node/inst/s_sc_xpm_cdc_async_rst_inst/arststages_ff_reg[1]/CLR  (IS_INVERTED)
  -------------------------------------------------------------------    -------------------

                         (clock clk_pl_0 rise edge)
                                                      0.000     0.000 r  
    PS8_X0Y0             PS8                          0.000     0.000 r  thz_pipeline_top_i/zynq_ultra_ps_e_0/inst/PS8_i/PLCLK[0]
                         net (fo=1, estimated)        0.154     0.154    thz_pipeline_top_i/zynq_ultra_ps_e_0/inst/pl_clk_unbuffered[0]
    BUFG_PS_X0Y80        BUFG_PS (Prop_BUFG_PS_I_O)
                                                      0.018     0.172 r  thz_pipeline_top_i/zynq_ultra_ps_e_0/inst/buffer_pl_clk_0.PL_CLK_0_BUFG/O
    X1Y2 (CLOCK_ROOT)    net (fo=30604, estimated)    1.076     1.248    thz_pipeline_top_i/axi_smc1/inst/s01_nodes/s01_aw_node/inst/s_sc_xpm_cdc_async_rst_inst/dest_clk
    SLICE_X58Y156        FDCE                                         r  thz_pipeline_top_i/axi_smc1/inst/s01_nodes/s01_aw_node/inst/s_sc_xpm_cdc_async_rst_inst/arststages_ff_reg[1]/C

Slack:                    inf
  Source:                 thz_pipeline_top_i/axi_smc1/inst/clk_map/psr_aclk/U0/ACTIVE_LOW_BSR_OUT_DFF[0].FDRE_BSR_N/C
                            (rising edge-triggered cell FDRE clocked by clk_pl_0  {rise@0.000ns fall@1.666ns period=3.333ns})
  Destination:            thz_pipeline_top_i/axi_smc1/inst/s01_nodes/s01_aw_node/inst/s_sc_xpm_cdc_async_rst_inst/arststages_ff_reg[2]/CLR
                            (removal check against rising-edge clock clk_pl_0  {rise@0.000ns fall@1.666ns period=3.333ns})
  Path Group:             (none)
  Path Type:              Removal (Min at Fast Process Corner)
  Data Path Delay:        0.605ns  (logic 0.039ns (6.446%)  route 0.566ns (93.554%))
  Logic Levels:           0  
  Clock Path Skew:        0.110ns (DCD - SCD - CPR)
    Destination Clock Delay (DCD):    1.248ns
    Source Clock Delay      (SCD):    1.138ns
    Clock Pessimism Removal (CPR):    -0.000ns
  Clock Uncertainty:      0.104ns  ((TSJ^2 + DJ^2)^1/2) / 2 + PE
    Total System Jitter     (TSJ):    0.071ns
    Discrete Jitter          (DJ):    0.195ns
    Phase Error              (PE):    0.000ns
  Clock Net Delay (Source):      0.999ns (routing 0.336ns, distribution 0.663ns)
  Clock Net Delay (Destination): 1.076ns (routing 0.380ns, distribution 0.696ns)
  Timing Exception:       False Path

    Location             Delay type                Incr(ns)  Path(ns)    Netlist Resource(s)
  -------------------------------------------------------------------    -------------------
                         (clock clk_pl_0 rise edge)
                                                      0.000     0.000 r  
    PS8_X0Y0             PS8                          0.000     0.000 r  thz_pipeline_top_i/zynq_ultra_ps_e_0/inst/PS8_i/PLCLK[0]
                         net (fo=1, estimated)        0.122     0.122    thz_pipeline_top_i/zynq_ultra_ps_e_0/inst/pl_clk_unbuffered[0]
    BUFG_PS_X0Y80        BUFG_PS (Prop_BUFG_PS_I_O)
                                                      0.017     0.139 r  thz_pipeline_top_i/zynq_ultra_ps_e_0/inst/buffer_pl_clk_0.PL_CLK_0_BUFG/O
    X1Y2 (CLOCK_ROOT)    net (fo=30604, estimated)    0.999     1.138    thz_pipeline_top_i/axi_smc1/inst/clk_map/psr_aclk/U0/aclk
    SLICE_X54Y260        FDRE                                         r  thz_pipeline_top_i/axi_smc1/inst/clk_map/psr_aclk/U0/ACTIVE_LOW_BSR_OUT_DFF[0].FDRE_BSR_N/C
  -------------------------------------------------------------------    -------------------
    SLICE_X54Y260        FDRE (Prop_DFF_SLICEM_C_Q)
                                                      0.039     1.177 r  thz_pipeline_top_i/axi_smc1/inst/clk_map/psr_aclk/U0/ACTIVE_LOW_BSR_OUT_DFF[0].FDRE_BSR_N/Q
                         net (fo=45, estimated)       0.566     1.743    thz_pipeline_top_i/axi_smc1/inst/s01_nodes/s01_aw_node/inst/s_sc_xpm_cdc_async_rst_inst/src_arst
    SLICE_X58Y156        FDCE                                         f  thz_pipeline_top_i/axi_smc1/inst/s01_nodes/s01_aw_node/inst/s_sc_xpm_cdc_async_rst_inst/arststages_ff_reg[2]/CLR  (IS_INVERTED)
  -------------------------------------------------------------------    -------------------

                         (clock clk_pl_0 rise edge)
                                                      0.000     0.000 r  
    PS8_X0Y0             PS8                          0.000     0.000 r  thz_pipeline_top_i/zynq_ultra_ps_e_0/inst/PS8_i/PLCLK[0]
                         net (fo=1, estimated)        0.154     0.154    thz_pipeline_top_i/zynq_ultra_ps_e_0/inst/pl_clk_unbuffered[0]
    BUFG_PS_X0Y80        BUFG_PS (Prop_BUFG_PS_I_O)
                                                      0.018     0.172 r  thz_pipeline_top_i/zynq_ultra_ps_e_0/inst/buffer_pl_clk_0.PL_CLK_0_BUFG/O
    X1Y2 (CLOCK_ROOT)    net (fo=30604, estimated)    1.076     1.248    thz_pipeline_top_i/axi_smc1/inst/s01_nodes/s01_aw_node/inst/s_sc_xpm_cdc_async_rst_inst/dest_clk
    SLICE_X58Y156        FDCE                                         r  thz_pipeline_top_i/axi_smc1/inst/s01_nodes/s01_aw_node/inst/s_sc_xpm_cdc_async_rst_inst/arststages_ff_reg[2]/C





--------------------------------------------------------------------------------------
Path Group:  (none)
From Clock:  
  To Clock:  clk_pl_0

Max Delay           114 Endpoints
Min Delay           114 Endpoints
--------------------------------------------------------------------------------------


Max Delay Paths
--------------------------------------------------------------------------------------
Slack:                    inf
  Source:                 thz_pipeline_top_i/mlkem_top_1/inst/process_phase_U0/grp_process_phase_Pipeline_VITIS_LOOP_44_1_fu_38/mul_16s_12ns_28_1_1_U18/tmp_product/DSP_A_B_DATA_INST/B2_DATA[15]
                            (internal pin)
  Destination:            thz_pipeline_top_i/mlkem_top_1/inst/process_phase_U0/grp_process_phase_Pipeline_VITIS_LOOP_44_1_fu_38/a_1_reg_260_pp0_iter2_reg_reg[15]_srl2/D
                            (rising edge-triggered cell SRL16E clocked by clk_pl_0  {rise@0.000ns fall@1.666ns period=3.333ns})
  Path Group:             (none)
  Path Type:              Setup (Max at Slow Process Corner)
  Data Path Delay:        1.756ns  (logic 1.408ns (80.182%)  route 0.348ns (19.818%))
  Logic Levels:           5  (DSP_ALU=1 DSP_M_DATA=1 DSP_MULTIPLIER=1 DSP_OUTPUT=1 DSP_PREADD_DATA=1)
  Clock Uncertainty:      0.100ns  ((TSJ^2 + DJ^2)^1/2) / 2 + PE
    Total System Jitter     (TSJ):    0.050ns
    Discrete Jitter          (DJ):    0.195ns
    Phase Error              (PE):    0.000ns
  Clock Net Delay (Destination): 1.811ns (routing 0.555ns, distribution 1.256ns)

    Location             Delay type                Incr(ns)  Path(ns)    Netlist Resource(s)
  -------------------------------------------------------------------    -------------------
    DSP48E2_X0Y101       DSP_A_B_DATA                 0.000     0.000 r  thz_pipeline_top_i/mlkem_top_1/inst/process_phase_U0/grp_process_phase_Pipeline_VITIS_LOOP_44_1_fu_38/mul_16s_12ns_28_1_1_U18/tmp_product/DSP_A_B_DATA_INST/B2_DATA[15]
                         net (fo=1, routed)           0.000     0.000    thz_pipeline_top_i/mlkem_top_1/inst/process_phase_U0/grp_process_phase_Pipeline_VITIS_LOOP_44_1_fu_38/mul_16s_12ns_28_1_1_U18/tmp_product/DSP_A_B_DATA.B2_DATA<15>
    DSP48E2_X0Y101       DSP_PREADD_DATA (Prop_DSP_PREADD_DATA_DSP48E2_B2_DATA[15]_B2B1[15])
                                                      0.073     0.073 r  thz_pipeline_top_i/mlkem_top_1/inst/process_phase_U0/grp_process_phase_Pipeline_VITIS_LOOP_44_1_fu_38/mul_16s_12ns_28_1_1_U18/tmp_product/DSP_PREADD_DATA_INST/B2B1[15]
                         net (fo=1, routed)           0.000     0.073    thz_pipeline_top_i/mlkem_top_1/inst/process_phase_U0/grp_process_phase_Pipeline_VITIS_LOOP_44_1_fu_38/mul_16s_12ns_28_1_1_U18/tmp_product/DSP_PREADD_DATA.B2B1<15>
    DSP48E2_X0Y101       DSP_MULTIPLIER (Prop_DSP_MULTIPLIER_DSP48E2_B2B1[15]_V[15])
                                                      0.609     0.682 f  thz_pipeline_top_i/mlkem_top_1/inst/process_phase_U0/grp_process_phase_Pipeline_VITIS_LOOP_44_1_fu_38/mul_16s_12ns_28_1_1_U18/tmp_product/DSP_MULTIPLIER_INST/V[15]
                         net (fo=1, routed)           0.000     0.682    thz_pipeline_top_i/mlkem_top_1/inst/process_phase_U0/grp_process_phase_Pipeline_VITIS_LOOP_44_1_fu_38/mul_16s_12ns_28_1_1_U18/tmp_product/DSP_MULTIPLIER.V<15>
    DSP48E2_X0Y101       DSP_M_DATA (Prop_DSP_M_DATA_DSP48E2_V[15]_V_DATA[15])
                                                      0.046     0.728 r  thz_pipeline_top_i/mlkem_top_1/inst/process_phase_U0/grp_process_phase_Pipeline_VITIS_LOOP_44_1_fu_38/mul_16s_12ns_28_1_1_U18/tmp_product/DSP_M_DATA_INST/V_DATA[15]
                         net (fo=1, routed)           0.000     0.728    thz_pipeline_top_i/mlkem_top_1/inst/process_phase_U0/grp_process_phase_Pipeline_VITIS_LOOP_44_1_fu_38/mul_16s_12ns_28_1_1_U18/tmp_product/DSP_M_DATA.V_DATA<15>
    DSP48E2_X0Y101       DSP_ALU (Prop_DSP_ALU_DSP48E2_V_DATA[15]_ALU_OUT[15])
                                                      0.571     1.299 f  thz_pipeline_top_i/mlkem_top_1/inst/process_phase_U0/grp_process_phase_Pipeline_VITIS_LOOP_44_1_fu_38/mul_16s_12ns_28_1_1_U18/tmp_product/DSP_ALU_INST/ALU_OUT[15]
                         net (fo=1, routed)           0.000     1.299    thz_pipeline_top_i/mlkem_top_1/inst/process_phase_U0/grp_process_phase_Pipeline_VITIS_LOOP_44_1_fu_38/mul_16s_12ns_28_1_1_U18/tmp_product/DSP_ALU.ALU_OUT<15>
    DSP48E2_X0Y101       DSP_OUTPUT (Prop_DSP_OUTPUT_DSP48E2_ALU_OUT[15]_P[15])
                                                      0.109     1.408 r  thz_pipeline_top_i/mlkem_top_1/inst/process_phase_U0/grp_process_phase_Pipeline_VITIS_LOOP_44_1_fu_38/mul_16s_12ns_28_1_1_U18/tmp_product/DSP_OUTPUT_INST/P[15]
                         net (fo=16, estimated)       0.348     1.756    thz_pipeline_top_i/mlkem_top_1/inst/process_phase_U0/grp_process_phase_Pipeline_VITIS_LOOP_44_1_fu_38/mul_16s_12ns_28_1_1_U18_n_525
    SLICE_X6Y255         SRL16E                                       r  thz_pipeline_top_i/mlkem_top_1/inst/process_phase_U0/grp_process_phase_Pipeline_VITIS_LOOP_44_1_fu_38/a_1_reg_260_pp0_iter2_reg_reg[15]_srl2/D
  -------------------------------------------------------------------    -------------------

                         (clock clk_pl_0 rise edge)
                                                      0.000     0.000 r  
    PS8_X0Y0             PS8                          0.000     0.000 r  thz_pipeline_top_i/zynq_ultra_ps_e_0/inst/PS8_i/PLCLK[0]
                         net (fo=1, estimated)        0.143     0.143    thz_pipeline_top_i/zynq_ultra_ps_e_0/inst/pl_clk_unbuffered[0]
    BUFG_PS_X0Y80        BUFG_PS (Prop_BUFG_PS_I_O)
                                                      0.025     0.168 r  thz_pipeline_top_i/zynq_ultra_ps_e_0/inst/buffer_pl_clk_0.PL_CLK_0_BUFG/O
    X1Y2 (CLOCK_ROOT)    net (fo=30604, estimated)    1.811     1.979    thz_pipeline_top_i/mlkem_top_1/inst/process_phase_U0/grp_process_phase_Pipeline_VITIS_LOOP_44_1_fu_38/ap_clk
    SLICE_X6Y255         SRL16E                                       r  thz_pipeline_top_i/mlkem_top_1/inst/process_phase_U0/grp_process_phase_Pipeline_VITIS_LOOP_44_1_fu_38/a_1_reg_260_pp0_iter2_reg_reg[15]_srl2/CLK

Slack:                    inf
  Source:                 thz_pipeline_top_i/mlkem_top_1/inst/process_phase_U0/grp_process_phase_Pipeline_VITIS_LOOP_44_1_fu_38/mul_16s_12ns_28_1_1_U18/tmp_product/DSP_A_B_DATA_INST/B2_DATA[5]
                            (internal pin)
  Destination:            thz_pipeline_top_i/mlkem_top_1/inst/process_phase_U0/grp_process_phase_Pipeline_VITIS_LOOP_44_1_fu_38/a_1_reg_260_pp0_iter2_reg_reg[5]_srl2/D
                            (rising edge-triggered cell SRL16E clocked by clk_pl_0  {rise@0.000ns fall@1.666ns period=3.333ns})
  Path Group:             (none)
  Path Type:              Setup (Max at Slow Process Corner)
  Data Path Delay:        1.749ns  (logic 1.408ns (80.503%)  route 0.341ns (19.497%))
  Logic Levels:           5  (DSP_ALU=1 DSP_M_DATA=1 DSP_MULTIPLIER=1 DSP_OUTPUT=1 DSP_PREADD_DATA=1)
  Clock Uncertainty:      0.100ns  ((TSJ^2 + DJ^2)^1/2) / 2 + PE
    Total System Jitter     (TSJ):    0.050ns
    Discrete Jitter          (DJ):    0.195ns
    Phase Error              (PE):    0.000ns
  Clock Net Delay (Destination): 1.811ns (routing 0.555ns, distribution 1.256ns)

    Location             Delay type                Incr(ns)  Path(ns)    Netlist Resource(s)
  -------------------------------------------------------------------    -------------------
    DSP48E2_X0Y101       DSP_A_B_DATA                 0.000     0.000 r  thz_pipeline_top_i/mlkem_top_1/inst/process_phase_U0/grp_process_phase_Pipeline_VITIS_LOOP_44_1_fu_38/mul_16s_12ns_28_1_1_U18/tmp_product/DSP_A_B_DATA_INST/B2_DATA[5]
                         net (fo=1, routed)           0.000     0.000    thz_pipeline_top_i/mlkem_top_1/inst/process_phase_U0/grp_process_phase_Pipeline_VITIS_LOOP_44_1_fu_38/mul_16s_12ns_28_1_1_U18/tmp_product/DSP_A_B_DATA.B2_DATA<5>
    DSP48E2_X0Y101       DSP_PREADD_DATA (Prop_DSP_PREADD_DATA_DSP48E2_B2_DATA[5]_B2B1[5])
                                                      0.073     0.073 r  thz_pipeline_top_i/mlkem_top_1/inst/process_phase_U0/grp_process_phase_Pipeline_VITIS_LOOP_44_1_fu_38/mul_16s_12ns_28_1_1_U18/tmp_product/DSP_PREADD_DATA_INST/B2B1[5]
                         net (fo=1, routed)           0.000     0.073    thz_pipeline_top_i/mlkem_top_1/inst/process_phase_U0/grp_process_phase_Pipeline_VITIS_LOOP_44_1_fu_38/mul_16s_12ns_28_1_1_U18/tmp_product/DSP_PREADD_DATA.B2B1<5>
    DSP48E2_X0Y101       DSP_MULTIPLIER (Prop_DSP_MULTIPLIER_DSP48E2_B2B1[5]_V[5])
                                                      0.609     0.682 f  thz_pipeline_top_i/mlkem_top_1/inst/process_phase_U0/grp_process_phase_Pipeline_VITIS_LOOP_44_1_fu_38/mul_16s_12ns_28_1_1_U18/tmp_product/DSP_MULTIPLIER_INST/V[5]
                         net (fo=1, routed)           0.000     0.682    thz_pipeline_top_i/mlkem_top_1/inst/process_phase_U0/grp_process_phase_Pipeline_VITIS_LOOP_44_1_fu_38/mul_16s_12ns_28_1_1_U18/tmp_product/DSP_MULTIPLIER.V<5>
    DSP48E2_X0Y101       DSP_M_DATA (Prop_DSP_M_DATA_DSP48E2_V[5]_V_DATA[5])
                                                      0.046     0.728 r  thz_pipeline_top_i/mlkem_top_1/inst/process_phase_U0/grp_process_phase_Pipeline_VITIS_LOOP_44_1_fu_38/mul_16s_12ns_28_1_1_U18/tmp_product/DSP_M_DATA_INST/V_DATA[5]
                         net (fo=1, routed)           0.000     0.728    thz_pipeline_top_i/mlkem_top_1/inst/process_phase_U0/grp_process_phase_Pipeline_VITIS_LOOP_44_1_fu_38/mul_16s_12ns_28_1_1_U18/tmp_product/DSP_M_DATA.V_DATA<5>
    DSP48E2_X0Y101       DSP_ALU (Prop_DSP_ALU_DSP48E2_V_DATA[5]_ALU_OUT[5])
                                                      0.571     1.299 f  thz_pipeline_top_i/mlkem_top_1/inst/process_phase_U0/grp_process_phase_Pipeline_VITIS_LOOP_44_1_fu_38/mul_16s_12ns_28_1_1_U18/tmp_product/DSP_ALU_INST/ALU_OUT[5]
                         net (fo=1, routed)           0.000     1.299    thz_pipeline_top_i/mlkem_top_1/inst/process_phase_U0/grp_process_phase_Pipeline_VITIS_LOOP_44_1_fu_38/mul_16s_12ns_28_1_1_U18/tmp_product/DSP_ALU.ALU_OUT<5>
    DSP48E2_X0Y101       DSP_OUTPUT (Prop_DSP_OUTPUT_DSP48E2_ALU_OUT[5]_P[5])
                                                      0.109     1.408 r  thz_pipeline_top_i/mlkem_top_1/inst/process_phase_U0/grp_process_phase_Pipeline_VITIS_LOOP_44_1_fu_38/mul_16s_12ns_28_1_1_U18/tmp_product/DSP_OUTPUT_INST/P[5]
                         net (fo=2, estimated)        0.341     1.749    thz_pipeline_top_i/mlkem_top_1/inst/process_phase_U0/grp_process_phase_Pipeline_VITIS_LOOP_44_1_fu_38/mul_16s_12ns_28_1_1_U18_n_535
    SLICE_X6Y255         SRL16E                                       r  thz_pipeline_top_i/mlkem_top_1/inst/process_phase_U0/grp_process_phase_Pipeline_VITIS_LOOP_44_1_fu_38/a_1_reg_260_pp0_iter2_reg_reg[5]_srl2/D
  -------------------------------------------------------------------    -------------------

                         (clock clk_pl_0 rise edge)
                                                      0.000     0.000 r  
    PS8_X0Y0             PS8                          0.000     0.000 r  thz_pipeline_top_i/zynq_ultra_ps_e_0/inst/PS8_i/PLCLK[0]
                         net (fo=1, estimated)        0.143     0.143    thz_pipeline_top_i/zynq_ultra_ps_e_0/inst/pl_clk_unbuffered[0]
    BUFG_PS_X0Y80        BUFG_PS (Prop_BUFG_PS_I_O)
                                                      0.025     0.168 r  thz_pipeline_top_i/zynq_ultra_ps_e_0/inst/buffer_pl_clk_0.PL_CLK_0_BUFG/O
    X1Y2 (CLOCK_ROOT)    net (fo=30604, estimated)    1.811     1.979    thz_pipeline_top_i/mlkem_top_1/inst/process_phase_U0/grp_process_phase_Pipeline_VITIS_LOOP_44_1_fu_38/ap_clk
    SLICE_X6Y255         SRL16E                                       r  thz_pipeline_top_i/mlkem_top_1/inst/process_phase_U0/grp_process_phase_Pipeline_VITIS_LOOP_44_1_fu_38/a_1_reg_260_pp0_iter2_reg_reg[5]_srl2/CLK

Slack:                    inf
  Source:                 thz_pipeline_top_i/mlkem_top_1/inst/process_phase_U0/grp_process_phase_Pipeline_VITIS_LOOP_44_1_fu_38/mul_16s_12ns_28_1_1_U18/tmp_product/DSP_A_B_DATA_INST/B2_DATA[5]
                            (internal pin)
  Destination:            thz_pipeline_top_i/mlkem_top_1/inst/process_phase_U0/grp_process_phase_Pipeline_VITIS_LOOP_44_1_fu_38/a_1_reg_260_pp0_iter2_reg_reg[4]_srl2/D
                            (rising edge-triggered cell SRL16E clocked by clk_pl_0  {rise@0.000ns fall@1.666ns period=3.333ns})
  Path Group:             (none)
  Path Type:              Setup (Max at Slow Process Corner)
  Data Path Delay:        1.747ns  (logic 1.408ns (80.595%)  route 0.339ns (19.405%))
  Logic Levels:           5  (DSP_ALU=1 DSP_M_DATA=1 DSP_MULTIPLIER=1 DSP_OUTPUT=1 DSP_PREADD_DATA=1)
  Clock Uncertainty:      0.100ns  ((TSJ^2 + DJ^2)^1/2) / 2 + PE
    Total System Jitter     (TSJ):    0.050ns
    Discrete Jitter          (DJ):    0.195ns
    Phase Error              (PE):    0.000ns
  Clock Net Delay (Destination): 1.811ns (routing 0.555ns, distribution 1.256ns)

    Location             Delay type                Incr(ns)  Path(ns)    Netlist Resource(s)
  -------------------------------------------------------------------    -------------------
    DSP48E2_X0Y101       DSP_A_B_DATA                 0.000     0.000 r  thz_pipeline_top_i/mlkem_top_1/inst/process_phase_U0/grp_process_phase_Pipeline_VITIS_LOOP_44_1_fu_38/mul_16s_12ns_28_1_1_U18/tmp_product/DSP_A_B_DATA_INST/B2_DATA[5]
                         net (fo=1, routed)           0.000     0.000    thz_pipeline_top_i/mlkem_top_1/inst/process_phase_U0/grp_process_phase_Pipeline_VITIS_LOOP_44_1_fu_38/mul_16s_12ns_28_1_1_U18/tmp_product/DSP_A_B_DATA.B2_DATA<5>
    DSP48E2_X0Y101       DSP_PREADD_DATA (Prop_DSP_PREADD_DATA_DSP48E2_B2_DATA[5]_B2B1[5])
                                                      0.073     0.073 r  thz_pipeline_top_i/mlkem_top_1/inst/process_phase_U0/grp_process_phase_Pipeline_VITIS_LOOP_44_1_fu_38/mul_16s_12ns_28_1_1_U18/tmp_product/DSP_PREADD_DATA_INST/B2B1[5]
                         net (fo=1, routed)           0.000     0.073    thz_pipeline_top_i/mlkem_top_1/inst/process_phase_U0/grp_process_phase_Pipeline_VITIS_LOOP_44_1_fu_38/mul_16s_12ns_28_1_1_U18/tmp_product/DSP_PREADD_DATA.B2B1<5>
    DSP48E2_X0Y101       DSP_MULTIPLIER (Prop_DSP_MULTIPLIER_DSP48E2_B2B1[5]_V[4])
                                                      0.609     0.682 f  thz_pipeline_top_i/mlkem_top_1/inst/process_phase_U0/grp_process_phase_Pipeline_VITIS_LOOP_44_1_fu_38/mul_16s_12ns_28_1_1_U18/tmp_product/DSP_MULTIPLIER_INST/V[4]
                         net (fo=1, routed)           0.000     0.682    thz_pipeline_top_i/mlkem_top_1/inst/process_phase_U0/grp_process_phase_Pipeline_VITIS_LOOP_44_1_fu_38/mul_16s_12ns_28_1_1_U18/tmp_product/DSP_MULTIPLIER.V<4>
    DSP48E2_X0Y101       DSP_M_DATA (Prop_DSP_M_DATA_DSP48E2_V[4]_V_DATA[4])
                                                      0.046     0.728 r  thz_pipeline_top_i/mlkem_top_1/inst/process_phase_U0/grp_process_phase_Pipeline_VITIS_LOOP_44_1_fu_38/mul_16s_12ns_28_1_1_U18/tmp_product/DSP_M_DATA_INST/V_DATA[4]
                         net (fo=1, routed)           0.000     0.728    thz_pipeline_top_i/mlkem_top_1/inst/process_phase_U0/grp_process_phase_Pipeline_VITIS_LOOP_44_1_fu_38/mul_16s_12ns_28_1_1_U18/tmp_product/DSP_M_DATA.V_DATA<4>
    DSP48E2_X0Y101       DSP_ALU (Prop_DSP_ALU_DSP48E2_V_DATA[4]_ALU_OUT[4])
                                                      0.571     1.299 f  thz_pipeline_top_i/mlkem_top_1/inst/process_phase_U0/grp_process_phase_Pipeline_VITIS_LOOP_44_1_fu_38/mul_16s_12ns_28_1_1_U18/tmp_product/DSP_ALU_INST/ALU_OUT[4]
                         net (fo=1, routed)           0.000     1.299    thz_pipeline_top_i/mlkem_top_1/inst/process_phase_U0/grp_process_phase_Pipeline_VITIS_LOOP_44_1_fu_38/mul_16s_12ns_28_1_1_U18/tmp_product/DSP_ALU.ALU_OUT<4>
    DSP48E2_X0Y101       DSP_OUTPUT (Prop_DSP_OUTPUT_DSP48E2_ALU_OUT[4]_P[4])
                                                      0.109     1.408 r  thz_pipeline_top_i/mlkem_top_1/inst/process_phase_U0/grp_process_phase_Pipeline_VITIS_LOOP_44_1_fu_38/mul_16s_12ns_28_1_1_U18/tmp_product/DSP_OUTPUT_INST/P[4]
                         net (fo=2, estimated)        0.339     1.747    thz_pipeline_top_i/mlkem_top_1/inst/process_phase_U0/grp_process_phase_Pipeline_VITIS_LOOP_44_1_fu_38/mul_16s_12ns_28_1_1_U18_n_536
    SLICE_X6Y255         SRL16E                                       r  thz_pipeline_top_i/mlkem_top_1/inst/process_phase_U0/grp_process_phase_Pipeline_VITIS_LOOP_44_1_fu_38/a_1_reg_260_pp0_iter2_reg_reg[4]_srl2/D
  -------------------------------------------------------------------    -------------------

                         (clock clk_pl_0 rise edge)
                                                      0.000     0.000 r  
    PS8_X0Y0             PS8                          0.000     0.000 r  thz_pipeline_top_i/zynq_ultra_ps_e_0/inst/PS8_i/PLCLK[0]
                         net (fo=1, estimated)        0.143     0.143    thz_pipeline_top_i/zynq_ultra_ps_e_0/inst/pl_clk_unbuffered[0]
    BUFG_PS_X0Y80        BUFG_PS (Prop_BUFG_PS_I_O)
                                                      0.025     0.168 r  thz_pipeline_top_i/zynq_ultra_ps_e_0/inst/buffer_pl_clk_0.PL_CLK_0_BUFG/O
    X1Y2 (CLOCK_ROOT)    net (fo=30604, estimated)    1.811     1.979    thz_pipeline_top_i/mlkem_top_1/inst/process_phase_U0/grp_process_phase_Pipeline_VITIS_LOOP_44_1_fu_38/ap_clk
    SLICE_X6Y255         SRL16E                                       r  thz_pipeline_top_i/mlkem_top_1/inst/process_phase_U0/grp_process_phase_Pipeline_VITIS_LOOP_44_1_fu_38/a_1_reg_260_pp0_iter2_reg_reg[4]_srl2/CLK

Slack:                    inf
  Source:                 thz_pipeline_top_i/mlkem_top_1/inst/process_phase_U0/grp_process_phase_Pipeline_VITIS_LOOP_44_1_fu_38/mul_16s_13ns_29_1_1_U17/tmp_product/DSP_A_B_DATA_INST/B2_DATA[5]
                            (internal pin)
  Destination:            thz_pipeline_top_i/mlkem_top_1/inst/process_phase_U0/grp_process_phase_Pipeline_VITIS_LOOP_44_1_fu_38/a_2_reg_250_pp0_iter2_reg_reg[4]_srl2/D
                            (rising edge-triggered cell SRL16E clocked by clk_pl_0  {rise@0.000ns fall@1.666ns period=3.333ns})
  Path Group:             (none)
  Path Type:              Setup (Max at Slow Process Corner)
  Data Path Delay:        1.730ns  (logic 1.408ns (81.387%)  route 0.322ns (18.613%))
  Logic Levels:           5  (DSP_ALU=1 DSP_M_DATA=1 DSP_MULTIPLIER=1 DSP_OUTPUT=1 DSP_PREADD_DATA=1)
  Clock Uncertainty:      0.100ns  ((TSJ^2 + DJ^2)^1/2) / 2 + PE
    Total System Jitter     (TSJ):    0.050ns
    Discrete Jitter          (DJ):    0.195ns
    Phase Error              (PE):    0.000ns
  Clock Net Delay (Destination): 1.815ns (routing 0.555ns, distribution 1.260ns)

    Location             Delay type                Incr(ns)  Path(ns)    Netlist Resource(s)
  -------------------------------------------------------------------    -------------------
    DSP48E2_X0Y100       DSP_A_B_DATA                 0.000     0.000 r  thz_pipeline_top_i/mlkem_top_1/inst/process_phase_U0/grp_process_phase_Pipeline_VITIS_LOOP_44_1_fu_38/mul_16s_13ns_29_1_1_U17/tmp_product/DSP_A_B_DATA_INST/B2_DATA[5]
                         net (fo=1, routed)           0.000     0.000    thz_pipeline_top_i/mlkem_top_1/inst/process_phase_U0/grp_process_phase_Pipeline_VITIS_LOOP_44_1_fu_38/mul_16s_13ns_29_1_1_U17/tmp_product/DSP_A_B_DATA.B2_DATA<5>
    DSP48E2_X0Y100       DSP_PREADD_DATA (Prop_DSP_PREADD_DATA_DSP48E2_B2_DATA[5]_B2B1[5])
                                                      0.073     0.073 r  thz_pipeline_top_i/mlkem_top_1/inst/process_phase_U0/grp_process_phase_Pipeline_VITIS_LOOP_44_1_fu_38/mul_16s_13ns_29_1_1_U17/tmp_product/DSP_PREADD_DATA_INST/B2B1[5]
                         net (fo=1, routed)           0.000     0.073    thz_pipeline_top_i/mlkem_top_1/inst/process_phase_U0/grp_process_phase_Pipeline_VITIS_LOOP_44_1_fu_38/mul_16s_13ns_29_1_1_U17/tmp_product/DSP_PREADD_DATA.B2B1<5>
    DSP48E2_X0Y100       DSP_MULTIPLIER (Prop_DSP_MULTIPLIER_DSP48E2_B2B1[5]_V[4])
                                                      0.609     0.682 f  thz_pipeline_top_i/mlkem_top_1/inst/process_phase_U0/grp_process_phase_Pipeline_VITIS_LOOP_44_1_fu_38/mul_16s_13ns_29_1_1_U17/tmp_product/DSP_MULTIPLIER_INST/V[4]
                         net (fo=1, routed)           0.000     0.682    thz_pipeline_top_i/mlkem_top_1/inst/process_phase_U0/grp_process_phase_Pipeline_VITIS_LOOP_44_1_fu_38/mul_16s_13ns_29_1_1_U17/tmp_product/DSP_MULTIPLIER.V<4>
    DSP48E2_X0Y100       DSP_M_DATA (Prop_DSP_M_DATA_DSP48E2_V[4]_V_DATA[4])
                                                      0.046     0.728 r  thz_pipeline_top_i/mlkem_top_1/inst/process_phase_U0/grp_process_phase_Pipeline_VITIS_LOOP_44_1_fu_38/mul_16s_13ns_29_1_1_U17/tmp_product/DSP_M_DATA_INST/V_DATA[4]
                         net (fo=1, routed)           0.000     0.728    thz_pipeline_top_i/mlkem_top_1/inst/process_phase_U0/grp_process_phase_Pipeline_VITIS_LOOP_44_1_fu_38/mul_16s_13ns_29_1_1_U17/tmp_product/DSP_M_DATA.V_DATA<4>
    DSP48E2_X0Y100       DSP_ALU (Prop_DSP_ALU_DSP48E2_V_DATA[4]_ALU_OUT[4])
                                                      0.571     1.299 f  thz_pipeline_top_i/mlkem_top_1/inst/process_phase_U0/grp_process_phase_Pipeline_VITIS_LOOP_44_1_fu_38/mul_16s_13ns_29_1_1_U17/tmp_product/DSP_ALU_INST/ALU_OUT[4]
                         net (fo=1, routed)           0.000     1.299    thz_pipeline_top_i/mlkem_top_1/inst/process_phase_U0/grp_process_phase_Pipeline_VITIS_LOOP_44_1_fu_38/mul_16s_13ns_29_1_1_U17/tmp_product/DSP_ALU.ALU_OUT<4>
    DSP48E2_X0Y100       DSP_OUTPUT (Prop_DSP_OUTPUT_DSP48E2_ALU_OUT[4]_P[4])
                                                      0.109     1.408 r  thz_pipeline_top_i/mlkem_top_1/inst/process_phase_U0/grp_process_phase_Pipeline_VITIS_LOOP_44_1_fu_38/mul_16s_13ns_29_1_1_U17/tmp_product/DSP_OUTPUT_INST/P[4]
                         net (fo=2, estimated)        0.322     1.730    thz_pipeline_top_i/mlkem_top_1/inst/process_phase_U0/grp_process_phase_Pipeline_VITIS_LOOP_44_1_fu_38/mul_16s_13ns_29_1_1_U17_n_537
    SLICE_X6Y246         SRL16E                                       r  thz_pipeline_top_i/mlkem_top_1/inst/process_phase_U0/grp_process_phase_Pipeline_VITIS_LOOP_44_1_fu_38/a_2_reg_250_pp0_iter2_reg_reg[4]_srl2/D
  -------------------------------------------------------------------    -------------------

                         (clock clk_pl_0 rise edge)
                                                      0.000     0.000 r  
    PS8_X0Y0             PS8                          0.000     0.000 r  thz_pipeline_top_i/zynq_ultra_ps_e_0/inst/PS8_i/PLCLK[0]
                         net (fo=1, estimated)        0.143     0.143    thz_pipeline_top_i/zynq_ultra_ps_e_0/inst/pl_clk_unbuffered[0]
    BUFG_PS_X0Y80        BUFG_PS (Prop_BUFG_PS_I_O)
                                                      0.025     0.168 r  thz_pipeline_top_i/zynq_ultra_ps_e_0/inst/buffer_pl_clk_0.PL_CLK_0_BUFG/O
    X1Y2 (CLOCK_ROOT)    net (fo=30604, estimated)    1.815     1.983    thz_pipeline_top_i/mlkem_top_1/inst/process_phase_U0/grp_process_phase_Pipeline_VITIS_LOOP_44_1_fu_38/ap_clk
    SLICE_X6Y246         SRL16E                                       r  thz_pipeline_top_i/mlkem_top_1/inst/process_phase_U0/grp_process_phase_Pipeline_VITIS_LOOP_44_1_fu_38/a_2_reg_250_pp0_iter2_reg_reg[4]_srl2/CLK

Slack:                    inf
  Source:                 thz_pipeline_top_i/mlkem_top_1/inst/process_phase_U0/grp_process_phase_Pipeline_VITIS_LOOP_44_1_fu_38/mul_16s_13ns_29_1_1_U17/tmp_product/DSP_A_B_DATA_INST/B2_DATA[17]
                            (internal pin)
  Destination:            thz_pipeline_top_i/mlkem_top_1/inst/process_phase_U0/grp_process_phase_Pipeline_VITIS_LOOP_44_1_fu_38/a_2_reg_250_pp0_iter2_reg_reg[24]_srl2/D
                            (rising edge-triggered cell SRL16E clocked by clk_pl_0  {rise@0.000ns fall@1.666ns period=3.333ns})
  Path Group:             (none)
  Path Type:              Setup (Max at Slow Process Corner)
  Data Path Delay:        1.728ns  (logic 1.408ns (81.481%)  route 0.320ns (18.519%))
  Logic Levels:           5  (DSP_ALU=1 DSP_M_DATA=1 DSP_MULTIPLIER=1 DSP_OUTPUT=1 DSP_PREADD_DATA=1)
  Clock Uncertainty:      0.100ns  ((TSJ^2 + DJ^2)^1/2) / 2 + PE
    Total System Jitter     (TSJ):    0.050ns
    Discrete Jitter          (DJ):    0.195ns
    Phase Error              (PE):    0.000ns
  Clock Net Delay (Destination): 1.814ns (routing 0.555ns, distribution 1.259ns)

    Location             Delay type                Incr(ns)  Path(ns)    Netlist Resource(s)
  -------------------------------------------------------------------    -------------------
    DSP48E2_X0Y100       DSP_A_B_DATA                 0.000     0.000 r  thz_pipeline_top_i/mlkem_top_1/inst/process_phase_U0/grp_process_phase_Pipeline_VITIS_LOOP_44_1_fu_38/mul_16s_13ns_29_1_1_U17/tmp_product/DSP_A_B_DATA_INST/B2_DATA[17]
                         net (fo=1, routed)           0.000     0.000    thz_pipeline_top_i/mlkem_top_1/inst/process_phase_U0/grp_process_phase_Pipeline_VITIS_LOOP_44_1_fu_38/mul_16s_13ns_29_1_1_U17/tmp_product/DSP_A_B_DATA.B2_DATA<17>
    DSP48E2_X0Y100       DSP_PREADD_DATA (Prop_DSP_PREADD_DATA_DSP48E2_B2_DATA[17]_B2B1[17])
                                                      0.073     0.073 r  thz_pipeline_top_i/mlkem_top_1/inst/process_phase_U0/grp_process_phase_Pipeline_VITIS_LOOP_44_1_fu_38/mul_16s_13ns_29_1_1_U17/tmp_product/DSP_PREADD_DATA_INST/B2B1[17]
                         net (fo=1, routed)           0.000     0.073    thz_pipeline_top_i/mlkem_top_1/inst/process_phase_U0/grp_process_phase_Pipeline_VITIS_LOOP_44_1_fu_38/mul_16s_13ns_29_1_1_U17/tmp_product/DSP_PREADD_DATA.B2B1<17>
    DSP48E2_X0Y100       DSP_MULTIPLIER (Prop_DSP_MULTIPLIER_DSP48E2_B2B1[17]_V[24])
                                                      0.609     0.682 f  thz_pipeline_top_i/mlkem_top_1/inst/process_phase_U0/grp_process_phase_Pipeline_VITIS_LOOP_44_1_fu_38/mul_16s_13ns_29_1_1_U17/tmp_product/DSP_MULTIPLIER_INST/V[24]
                         net (fo=1, routed)           0.000     0.682    thz_pipeline_top_i/mlkem_top_1/inst/process_phase_U0/grp_process_phase_Pipeline_VITIS_LOOP_44_1_fu_38/mul_16s_13ns_29_1_1_U17/tmp_product/DSP_MULTIPLIER.V<24>
    DSP48E2_X0Y100       DSP_M_DATA (Prop_DSP_M_DATA_DSP48E2_V[24]_V_DATA[24])
                                                      0.046     0.728 r  thz_pipeline_top_i/mlkem_top_1/inst/process_phase_U0/grp_process_phase_Pipeline_VITIS_LOOP_44_1_fu_38/mul_16s_13ns_29_1_1_U17/tmp_product/DSP_M_DATA_INST/V_DATA[24]
                         net (fo=1, routed)           0.000     0.728    thz_pipeline_top_i/mlkem_top_1/inst/process_phase_U0/grp_process_phase_Pipeline_VITIS_LOOP_44_1_fu_38/mul_16s_13ns_29_1_1_U17/tmp_product/DSP_M_DATA.V_DATA<24>
    DSP48E2_X0Y100       DSP_ALU (Prop_DSP_ALU_DSP48E2_V_DATA[24]_ALU_OUT[24])
                                                      0.571     1.299 f  thz_pipeline_top_i/mlkem_top_1/inst/process_phase_U0/grp_process_phase_Pipeline_VITIS_LOOP_44_1_fu_38/mul_16s_13ns_29_1_1_U17/tmp_product/DSP_ALU_INST/ALU_OUT[24]
                         net (fo=1, routed)           0.000     1.299    thz_pipeline_top_i/mlkem_top_1/inst/process_phase_U0/grp_process_phase_Pipeline_VITIS_LOOP_44_1_fu_38/mul_16s_13ns_29_1_1_U17/tmp_product/DSP_ALU.ALU_OUT<24>
    DSP48E2_X0Y100       DSP_OUTPUT (Prop_DSP_OUTPUT_DSP48E2_ALU_OUT[24]_P[24])
                                                      0.109     1.408 r  thz_pipeline_top_i/mlkem_top_1/inst/process_phase_U0/grp_process_phase_Pipeline_VITIS_LOOP_44_1_fu_38/mul_16s_13ns_29_1_1_U17/tmp_product/DSP_OUTPUT_INST/P[24]
                         net (fo=1, estimated)        0.320     1.728    thz_pipeline_top_i/mlkem_top_1/inst/process_phase_U0/grp_process_phase_Pipeline_VITIS_LOOP_44_1_fu_38/mul_16s_13ns_29_1_1_U17_n_517
    SLICE_X6Y250         SRL16E                                       r  thz_pipeline_top_i/mlkem_top_1/inst/process_phase_U0/grp_process_phase_Pipeline_VITIS_LOOP_44_1_fu_38/a_2_reg_250_pp0_iter2_reg_reg[24]_srl2/D
  -------------------------------------------------------------------    -------------------

                         (clock clk_pl_0 rise edge)
                                                      0.000     0.000 r  
    PS8_X0Y0             PS8                          0.000     0.000 r  thz_pipeline_top_i/zynq_ultra_ps_e_0/inst/PS8_i/PLCLK[0]
                         net (fo=1, estimated)        0.143     0.143    thz_pipeline_top_i/zynq_ultra_ps_e_0/inst/pl_clk_unbuffered[0]
    BUFG_PS_X0Y80        BUFG_PS (Prop_BUFG_PS_I_O)
                                                      0.025     0.168 r  thz_pipeline_top_i/zynq_ultra_ps_e_0/inst/buffer_pl_clk_0.PL_CLK_0_BUFG/O
    X1Y2 (CLOCK_ROOT)    net (fo=30604, estimated)    1.814     1.982    thz_pipeline_top_i/mlkem_top_1/inst/process_phase_U0/grp_process_phase_Pipeline_VITIS_LOOP_44_1_fu_38/ap_clk
    SLICE_X6Y250         SRL16E                                       r  thz_pipeline_top_i/mlkem_top_1/inst/process_phase_U0/grp_process_phase_Pipeline_VITIS_LOOP_44_1_fu_38/a_2_reg_250_pp0_iter2_reg_reg[24]_srl2/CLK

Slack:                    inf
  Source:                 thz_pipeline_top_i/mlkem_top_1/inst/process_phase_U0/grp_process_phase_Pipeline_VITIS_LOOP_44_1_fu_38/mul_16s_12ns_28_1_1_U18/tmp_product/DSP_A_B_DATA_INST/B2_DATA[9]
                            (internal pin)
  Destination:            thz_pipeline_top_i/mlkem_top_1/inst/process_phase_U0/grp_process_phase_Pipeline_VITIS_LOOP_44_1_fu_38/a_1_reg_260_pp0_iter2_reg_reg[8]_srl2/D
                            (rising edge-triggered cell SRL16E clocked by clk_pl_0  {rise@0.000ns fall@1.666ns period=3.333ns})
  Path Group:             (none)
  Path Type:              Setup (Max at Slow Process Corner)
  Data Path Delay:        1.723ns  (logic 1.408ns (81.718%)  route 0.315ns (18.282%))
  Logic Levels:           5  (DSP_ALU=1 DSP_M_DATA=1 DSP_MULTIPLIER=1 DSP_OUTPUT=1 DSP_PREADD_DATA=1)
  Clock Uncertainty:      0.100ns  ((TSJ^2 + DJ^2)^1/2) / 2 + PE
    Total System Jitter     (TSJ):    0.050ns
    Discrete Jitter          (DJ):    0.195ns
    Phase Error              (PE):    0.000ns
  Clock Net Delay (Destination): 1.811ns (routing 0.555ns, distribution 1.256ns)

    Location             Delay type                Incr(ns)  Path(ns)    Netlist Resource(s)
  -------------------------------------------------------------------    -------------------
    DSP48E2_X0Y101       DSP_A_B_DATA                 0.000     0.000 r  thz_pipeline_top_i/mlkem_top_1/inst/process_phase_U0/grp_process_phase_Pipeline_VITIS_LOOP_44_1_fu_38/mul_16s_12ns_28_1_1_U18/tmp_product/DSP_A_B_DATA_INST/B2_DATA[9]
                         net (fo=1, routed)           0.000     0.000    thz_pipeline_top_i/mlkem_top_1/inst/process_phase_U0/grp_process_phase_Pipeline_VITIS_LOOP_44_1_fu_38/mul_16s_12ns_28_1_1_U18/tmp_product/DSP_A_B_DATA.B2_DATA<9>
    DSP48E2_X0Y101       DSP_PREADD_DATA (Prop_DSP_PREADD_DATA_DSP48E2_B2_DATA[9]_B2B1[9])
                                                      0.073     0.073 r  thz_pipeline_top_i/mlkem_top_1/inst/process_phase_U0/grp_process_phase_Pipeline_VITIS_LOOP_44_1_fu_38/mul_16s_12ns_28_1_1_U18/tmp_product/DSP_PREADD_DATA_INST/B2B1[9]
                         net (fo=1, routed)           0.000     0.073    thz_pipeline_top_i/mlkem_top_1/inst/process_phase_U0/grp_process_phase_Pipeline_VITIS_LOOP_44_1_fu_38/mul_16s_12ns_28_1_1_U18/tmp_product/DSP_PREADD_DATA.B2B1<9>
    DSP48E2_X0Y101       DSP_MULTIPLIER (Prop_DSP_MULTIPLIER_DSP48E2_B2B1[9]_V[8])
                                                      0.609     0.682 f  thz_pipeline_top_i/mlkem_top_1/inst/process_phase_U0/grp_process_phase_Pipeline_VITIS_LOOP_44_1_fu_38/mul_16s_12ns_28_1_1_U18/tmp_product/DSP_MULTIPLIER_INST/V[8]
                         net (fo=1, routed)           0.000     0.682    thz_pipeline_top_i/mlkem_top_1/inst/process_phase_U0/grp_process_phase_Pipeline_VITIS_LOOP_44_1_fu_38/mul_16s_12ns_28_1_1_U18/tmp_product/DSP_MULTIPLIER.V<8>
    DSP48E2_X0Y101       DSP_M_DATA (Prop_DSP_M_DATA_DSP48E2_V[8]_V_DATA[8])
                                                      0.046     0.728 r  thz_pipeline_top_i/mlkem_top_1/inst/process_phase_U0/grp_process_phase_Pipeline_VITIS_LOOP_44_1_fu_38/mul_16s_12ns_28_1_1_U18/tmp_product/DSP_M_DATA_INST/V_DATA[8]
                         net (fo=1, routed)           0.000     0.728    thz_pipeline_top_i/mlkem_top_1/inst/process_phase_U0/grp_process_phase_Pipeline_VITIS_LOOP_44_1_fu_38/mul_16s_12ns_28_1_1_U18/tmp_product/DSP_M_DATA.V_DATA<8>
    DSP48E2_X0Y101       DSP_ALU (Prop_DSP_ALU_DSP48E2_V_DATA[8]_ALU_OUT[8])
                                                      0.571     1.299 f  thz_pipeline_top_i/mlkem_top_1/inst/process_phase_U0/grp_process_phase_Pipeline_VITIS_LOOP_44_1_fu_38/mul_16s_12ns_28_1_1_U18/tmp_product/DSP_ALU_INST/ALU_OUT[8]
                         net (fo=1, routed)           0.000     1.299    thz_pipeline_top_i/mlkem_top_1/inst/process_phase_U0/grp_process_phase_Pipeline_VITIS_LOOP_44_1_fu_38/mul_16s_12ns_28_1_1_U18/tmp_product/DSP_ALU.ALU_OUT<8>
    DSP48E2_X0Y101       DSP_OUTPUT (Prop_DSP_OUTPUT_DSP48E2_ALU_OUT[8]_P[8])
                                                      0.109     1.408 r  thz_pipeline_top_i/mlkem_top_1/inst/process_phase_U0/grp_process_phase_Pipeline_VITIS_LOOP_44_1_fu_38/mul_16s_12ns_28_1_1_U18/tmp_product/DSP_OUTPUT_INST/P[8]
                         net (fo=2, estimated)        0.315     1.723    thz_pipeline_top_i/mlkem_top_1/inst/process_phase_U0/grp_process_phase_Pipeline_VITIS_LOOP_44_1_fu_38/mul_16s_12ns_28_1_1_U18_n_532
    SLICE_X6Y255         SRL16E                                       r  thz_pipeline_top_i/mlkem_top_1/inst/process_phase_U0/grp_process_phase_Pipeline_VITIS_LOOP_44_1_fu_38/a_1_reg_260_pp0_iter2_reg_reg[8]_srl2/D
  -------------------------------------------------------------------    -------------------

                         (clock clk_pl_0 rise edge)
                                                      0.000     0.000 r  
    PS8_X0Y0             PS8                          0.000     0.000 r  thz_pipeline_top_i/zynq_ultra_ps_e_0/inst/PS8_i/PLCLK[0]
                         net (fo=1, estimated)        0.143     0.143    thz_pipeline_top_i/zynq_ultra_ps_e_0/inst/pl_clk_unbuffered[0]
    BUFG_PS_X0Y80        BUFG_PS (Prop_BUFG_PS_I_O)
                                                      0.025     0.168 r  thz_pipeline_top_i/zynq_ultra_ps_e_0/inst/buffer_pl_clk_0.PL_CLK_0_BUFG/O
    X1Y2 (CLOCK_ROOT)    net (fo=30604, estimated)    1.811     1.979    thz_pipeline_top_i/mlkem_top_1/inst/process_phase_U0/grp_process_phase_Pipeline_VITIS_LOOP_44_1_fu_38/ap_clk
    SLICE_X6Y255         SRL16E                                       r  thz_pipeline_top_i/mlkem_top_1/inst/process_phase_U0/grp_process_phase_Pipeline_VITIS_LOOP_44_1_fu_38/a_1_reg_260_pp0_iter2_reg_reg[8]_srl2/CLK

Slack:                    inf
  Source:                 thz_pipeline_top_i/mlkem_top_1/inst/process_phase_U0/grp_process_phase_Pipeline_VITIS_LOOP_44_1_fu_38/mul_16s_12ns_28_1_1_U18/tmp_product/DSP_A_B_DATA_INST/B2_DATA[1]
                            (internal pin)
  Destination:            thz_pipeline_top_i/mlkem_top_1/inst/process_phase_U0/grp_process_phase_Pipeline_VITIS_LOOP_44_1_fu_38/a_1_reg_260_pp0_iter2_reg_reg[1]_srl2/D
                            (rising edge-triggered cell SRL16E clocked by clk_pl_0  {rise@0.000ns fall@1.666ns period=3.333ns})
  Path Group:             (none)
  Path Type:              Setup (Max at Slow Process Corner)
  Data Path Delay:        1.721ns  (logic 1.408ns (81.813%)  route 0.313ns (18.187%))
  Logic Levels:           5  (DSP_ALU=1 DSP_M_DATA=1 DSP_MULTIPLIER=1 DSP_OUTPUT=1 DSP_PREADD_DATA=1)
  Clock Uncertainty:      0.100ns  ((TSJ^2 + DJ^2)^1/2) / 2 + PE
    Total System Jitter     (TSJ):    0.050ns
    Discrete Jitter          (DJ):    0.195ns
    Phase Error              (PE):    0.000ns
  Clock Net Delay (Destination): 1.811ns (routing 0.555ns, distribution 1.256ns)

    Location             Delay type                Incr(ns)  Path(ns)    Netlist Resource(s)
  -------------------------------------------------------------------    -------------------
    DSP48E2_X0Y101       DSP_A_B_DATA                 0.000     0.000 r  thz_pipeline_top_i/mlkem_top_1/inst/process_phase_U0/grp_process_phase_Pipeline_VITIS_LOOP_44_1_fu_38/mul_16s_12ns_28_1_1_U18/tmp_product/DSP_A_B_DATA_INST/B2_DATA[1]
                         net (fo=1, routed)           0.000     0.000    thz_pipeline_top_i/mlkem_top_1/inst/process_phase_U0/grp_process_phase_Pipeline_VITIS_LOOP_44_1_fu_38/mul_16s_12ns_28_1_1_U18/tmp_product/DSP_A_B_DATA.B2_DATA<1>
    DSP48E2_X0Y101       DSP_PREADD_DATA (Prop_DSP_PREADD_DATA_DSP48E2_B2_DATA[1]_B2B1[1])
                                                      0.073     0.073 r  thz_pipeline_top_i/mlkem_top_1/inst/process_phase_U0/grp_process_phase_Pipeline_VITIS_LOOP_44_1_fu_38/mul_16s_12ns_28_1_1_U18/tmp_product/DSP_PREADD_DATA_INST/B2B1[1]
                         net (fo=1, routed)           0.000     0.073    thz_pipeline_top_i/mlkem_top_1/inst/process_phase_U0/grp_process_phase_Pipeline_VITIS_LOOP_44_1_fu_38/mul_16s_12ns_28_1_1_U18/tmp_product/DSP_PREADD_DATA.B2B1<1>
    DSP48E2_X0Y101       DSP_MULTIPLIER (Prop_DSP_MULTIPLIER_DSP48E2_B2B1[1]_V[0])
                                                      0.609     0.682 f  thz_pipeline_top_i/mlkem_top_1/inst/process_phase_U0/grp_process_phase_Pipeline_VITIS_LOOP_44_1_fu_38/mul_16s_12ns_28_1_1_U18/tmp_product/DSP_MULTIPLIER_INST/V[0]
                         net (fo=1, routed)           0.000     0.682    thz_pipeline_top_i/mlkem_top_1/inst/process_phase_U0/grp_process_phase_Pipeline_VITIS_LOOP_44_1_fu_38/mul_16s_12ns_28_1_1_U18/tmp_product/DSP_MULTIPLIER.V<0>
    DSP48E2_X0Y101       DSP_M_DATA (Prop_DSP_M_DATA_DSP48E2_V[0]_V_DATA[0])
                                                      0.046     0.728 r  thz_pipeline_top_i/mlkem_top_1/inst/process_phase_U0/grp_process_phase_Pipeline_VITIS_LOOP_44_1_fu_38/mul_16s_12ns_28_1_1_U18/tmp_product/DSP_M_DATA_INST/V_DATA[0]
                         net (fo=1, routed)           0.000     0.728    thz_pipeline_top_i/mlkem_top_1/inst/process_phase_U0/grp_process_phase_Pipeline_VITIS_LOOP_44_1_fu_38/mul_16s_12ns_28_1_1_U18/tmp_product/DSP_M_DATA.V_DATA<0>
    DSP48E2_X0Y101       DSP_ALU (Prop_DSP_ALU_DSP48E2_V_DATA[0]_ALU_OUT[1])
                                                      0.571     1.299 f  thz_pipeline_top_i/mlkem_top_1/inst/process_phase_U0/grp_process_phase_Pipeline_VITIS_LOOP_44_1_fu_38/mul_16s_12ns_28_1_1_U18/tmp_product/DSP_ALU_INST/ALU_OUT[1]
                         net (fo=1, routed)           0.000     1.299    thz_pipeline_top_i/mlkem_top_1/inst/process_phase_U0/grp_process_phase_Pipeline_VITIS_LOOP_44_1_fu_38/mul_16s_12ns_28_1_1_U18/tmp_product/DSP_ALU.ALU_OUT<1>
    DSP48E2_X0Y101       DSP_OUTPUT (Prop_DSP_OUTPUT_DSP48E2_ALU_OUT[1]_P[1])
                                                      0.109     1.408 r  thz_pipeline_top_i/mlkem_top_1/inst/process_phase_U0/grp_process_phase_Pipeline_VITIS_LOOP_44_1_fu_38/mul_16s_12ns_28_1_1_U18/tmp_product/DSP_OUTPUT_INST/P[1]
                         net (fo=2, estimated)        0.313     1.721    thz_pipeline_top_i/mlkem_top_1/inst/process_phase_U0/grp_process_phase_Pipeline_VITIS_LOOP_44_1_fu_38/mul_16s_12ns_28_1_1_U18_n_539
    SLICE_X6Y255         SRL16E                                       r  thz_pipeline_top_i/mlkem_top_1/inst/process_phase_U0/grp_process_phase_Pipeline_VITIS_LOOP_44_1_fu_38/a_1_reg_260_pp0_iter2_reg_reg[1]_srl2/D
  -------------------------------------------------------------------    -------------------

                         (clock clk_pl_0 rise edge)
                                                      0.000     0.000 r  
    PS8_X0Y0             PS8                          0.000     0.000 r  thz_pipeline_top_i/zynq_ultra_ps_e_0/inst/PS8_i/PLCLK[0]
                         net (fo=1, estimated)        0.143     0.143    thz_pipeline_top_i/zynq_ultra_ps_e_0/inst/pl_clk_unbuffered[0]
    BUFG_PS_X0Y80        BUFG_PS (Prop_BUFG_PS_I_O)
                                                      0.025     0.168 r  thz_pipeline_top_i/zynq_ultra_ps_e_0/inst/buffer_pl_clk_0.PL_CLK_0_BUFG/O
    X1Y2 (CLOCK_ROOT)    net (fo=30604, estimated)    1.811     1.979    thz_pipeline_top_i/mlkem_top_1/inst/process_phase_U0/grp_process_phase_Pipeline_VITIS_LOOP_44_1_fu_38/ap_clk
    SLICE_X6Y255         SRL16E                                       r  thz_pipeline_top_i/mlkem_top_1/inst/process_phase_U0/grp_process_phase_Pipeline_VITIS_LOOP_44_1_fu_38/a_1_reg_260_pp0_iter2_reg_reg[1]_srl2/CLK

Slack:                    inf
  Source:                 thz_pipeline_top_i/mlkem_top_1/inst/process_phase_U0/grp_process_phase_Pipeline_VITIS_LOOP_44_1_fu_38/mul_16s_13ns_29_1_1_U17/tmp_product/DSP_A_B_DATA_INST/B2_DATA[15]
                            (internal pin)
  Destination:            thz_pipeline_top_i/mlkem_top_1/inst/process_phase_U0/grp_process_phase_Pipeline_VITIS_LOOP_44_1_fu_38/a_2_reg_250_pp0_iter2_reg_reg[15]_srl2/D
                            (rising edge-triggered cell SRL16E clocked by clk_pl_0  {rise@0.000ns fall@1.666ns period=3.333ns})
  Path Group:             (none)
  Path Type:              Setup (Max at Slow Process Corner)
  Data Path Delay:        1.717ns  (logic 1.408ns (82.003%)  route 0.309ns (17.997%))
  Logic Levels:           5  (DSP_ALU=1 DSP_M_DATA=1 DSP_MULTIPLIER=1 DSP_OUTPUT=1 DSP_PREADD_DATA=1)
  Clock Uncertainty:      0.100ns  ((TSJ^2 + DJ^2)^1/2) / 2 + PE
    Total System Jitter     (TSJ):    0.050ns
    Discrete Jitter          (DJ):    0.195ns
    Phase Error              (PE):    0.000ns
  Clock Net Delay (Destination): 1.815ns (routing 0.555ns, distribution 1.260ns)

    Location             Delay type                Incr(ns)  Path(ns)    Netlist Resource(s)
  -------------------------------------------------------------------    -------------------
    DSP48E2_X0Y100       DSP_A_B_DATA                 0.000     0.000 r  thz_pipeline_top_i/mlkem_top_1/inst/process_phase_U0/grp_process_phase_Pipeline_VITIS_LOOP_44_1_fu_38/mul_16s_13ns_29_1_1_U17/tmp_product/DSP_A_B_DATA_INST/B2_DATA[15]
                         net (fo=1, routed)           0.000     0.000    thz_pipeline_top_i/mlkem_top_1/inst/process_phase_U0/grp_process_phase_Pipeline_VITIS_LOOP_44_1_fu_38/mul_16s_13ns_29_1_1_U17/tmp_product/DSP_A_B_DATA.B2_DATA<15>
    DSP48E2_X0Y100       DSP_PREADD_DATA (Prop_DSP_PREADD_DATA_DSP48E2_B2_DATA[15]_B2B1[15])
                                                      0.073     0.073 r  thz_pipeline_top_i/mlkem_top_1/inst/process_phase_U0/grp_process_phase_Pipeline_VITIS_LOOP_44_1_fu_38/mul_16s_13ns_29_1_1_U17/tmp_product/DSP_PREADD_DATA_INST/B2B1[15]
                         net (fo=1, routed)           0.000     0.073    thz_pipeline_top_i/mlkem_top_1/inst/process_phase_U0/grp_process_phase_Pipeline_VITIS_LOOP_44_1_fu_38/mul_16s_13ns_29_1_1_U17/tmp_product/DSP_PREADD_DATA.B2B1<15>
    DSP48E2_X0Y100       DSP_MULTIPLIER (Prop_DSP_MULTIPLIER_DSP48E2_B2B1[15]_V[15])
                                                      0.609     0.682 f  thz_pipeline_top_i/mlkem_top_1/inst/process_phase_U0/grp_process_phase_Pipeline_VITIS_LOOP_44_1_fu_38/mul_16s_13ns_29_1_1_U17/tmp_product/DSP_MULTIPLIER_INST/V[15]
                         net (fo=1, routed)           0.000     0.682    thz_pipeline_top_i/mlkem_top_1/inst/process_phase_U0/grp_process_phase_Pipeline_VITIS_LOOP_44_1_fu_38/mul_16s_13ns_29_1_1_U17/tmp_product/DSP_MULTIPLIER.V<15>
    DSP48E2_X0Y100       DSP_M_DATA (Prop_DSP_M_DATA_DSP48E2_V[15]_V_DATA[15])
                                                      0.046     0.728 r  thz_pipeline_top_i/mlkem_top_1/inst/process_phase_U0/grp_process_phase_Pipeline_VITIS_LOOP_44_1_fu_38/mul_16s_13ns_29_1_1_U17/tmp_product/DSP_M_DATA_INST/V_DATA[15]
                         net (fo=1, routed)           0.000     0.728    thz_pipeline_top_i/mlkem_top_1/inst/process_phase_U0/grp_process_phase_Pipeline_VITIS_LOOP_44_1_fu_38/mul_16s_13ns_29_1_1_U17/tmp_product/DSP_M_DATA.V_DATA<15>
    DSP48E2_X0Y100       DSP_ALU (Prop_DSP_ALU_DSP48E2_V_DATA[15]_ALU_OUT[15])
                                                      0.571     1.299 f  thz_pipeline_top_i/mlkem_top_1/inst/process_phase_U0/grp_process_phase_Pipeline_VITIS_LOOP_44_1_fu_38/mul_16s_13ns_29_1_1_U17/tmp_product/DSP_ALU_INST/ALU_OUT[15]
                         net (fo=1, routed)           0.000     1.299    thz_pipeline_top_i/mlkem_top_1/inst/process_phase_U0/grp_process_phase_Pipeline_VITIS_LOOP_44_1_fu_38/mul_16s_13ns_29_1_1_U17/tmp_product/DSP_ALU.ALU_OUT<15>
    DSP48E2_X0Y100       DSP_OUTPUT (Prop_DSP_OUTPUT_DSP48E2_ALU_OUT[15]_P[15])
                                                      0.109     1.408 r  thz_pipeline_top_i/mlkem_top_1/inst/process_phase_U0/grp_process_phase_Pipeline_VITIS_LOOP_44_1_fu_38/mul_16s_13ns_29_1_1_U17/tmp_product/DSP_OUTPUT_INST/P[15]
                         net (fo=16, estimated)       0.309     1.717    thz_pipeline_top_i/mlkem_top_1/inst/process_phase_U0/grp_process_phase_Pipeline_VITIS_LOOP_44_1_fu_38/mul_16s_13ns_29_1_1_U17_n_526
    SLICE_X6Y246         SRL16E                                       r  thz_pipeline_top_i/mlkem_top_1/inst/process_phase_U0/grp_process_phase_Pipeline_VITIS_LOOP_44_1_fu_38/a_2_reg_250_pp0_iter2_reg_reg[15]_srl2/D
  -------------------------------------------------------------------    -------------------

                         (clock clk_pl_0 rise edge)
                                                      0.000     0.000 r  
    PS8_X0Y0             PS8                          0.000     0.000 r  thz_pipeline_top_i/zynq_ultra_ps_e_0/inst/PS8_i/PLCLK[0]
                         net (fo=1, estimated)        0.143     0.143    thz_pipeline_top_i/zynq_ultra_ps_e_0/inst/pl_clk_unbuffered[0]
    BUFG_PS_X0Y80        BUFG_PS (Prop_BUFG_PS_I_O)
                                                      0.025     0.168 r  thz_pipeline_top_i/zynq_ultra_ps_e_0/inst/buffer_pl_clk_0.PL_CLK_0_BUFG/O
    X1Y2 (CLOCK_ROOT)    net (fo=30604, estimated)    1.815     1.983    thz_pipeline_top_i/mlkem_top_1/inst/process_phase_U0/grp_process_phase_Pipeline_VITIS_LOOP_44_1_fu_38/ap_clk
    SLICE_X6Y246         SRL16E                                       r  thz_pipeline_top_i/mlkem_top_1/inst/process_phase_U0/grp_process_phase_Pipeline_VITIS_LOOP_44_1_fu_38/a_2_reg_250_pp0_iter2_reg_reg[15]_srl2/CLK

Slack:                    inf
  Source:                 thz_pipeline_top_i/mlkem_top_1/inst/process_phase_U0/grp_process_phase_Pipeline_VITIS_LOOP_44_1_fu_38/mul_16s_13ns_29_1_1_U17/tmp_product/DSP_A_B_DATA_INST/B2_DATA[9]
                            (internal pin)
  Destination:            thz_pipeline_top_i/mlkem_top_1/inst/process_phase_U0/grp_process_phase_Pipeline_VITIS_LOOP_44_1_fu_38/a_2_reg_250_pp0_iter2_reg_reg[9]_srl2/D
                            (rising edge-triggered cell SRL16E clocked by clk_pl_0  {rise@0.000ns fall@1.666ns period=3.333ns})
  Path Group:             (none)
  Path Type:              Setup (Max at Slow Process Corner)
  Data Path Delay:        1.711ns  (logic 1.408ns (82.291%)  route 0.303ns (17.709%))
  Logic Levels:           5  (DSP_ALU=1 DSP_M_DATA=1 DSP_MULTIPLIER=1 DSP_OUTPUT=1 DSP_PREADD_DATA=1)
  Clock Uncertainty:      0.100ns  ((TSJ^2 + DJ^2)^1/2) / 2 + PE
    Total System Jitter     (TSJ):    0.050ns
    Discrete Jitter          (DJ):    0.195ns
    Phase Error              (PE):    0.000ns
  Clock Net Delay (Destination): 1.815ns (routing 0.555ns, distribution 1.260ns)

    Location             Delay type                Incr(ns)  Path(ns)    Netlist Resource(s)
  -------------------------------------------------------------------    -------------------
    DSP48E2_X0Y100       DSP_A_B_DATA                 0.000     0.000 r  thz_pipeline_top_i/mlkem_top_1/inst/process_phase_U0/grp_process_phase_Pipeline_VITIS_LOOP_44_1_fu_38/mul_16s_13ns_29_1_1_U17/tmp_product/DSP_A_B_DATA_INST/B2_DATA[9]
                         net (fo=1, routed)           0.000     0.000    thz_pipeline_top_i/mlkem_top_1/inst/process_phase_U0/grp_process_phase_Pipeline_VITIS_LOOP_44_1_fu_38/mul_16s_13ns_29_1_1_U17/tmp_product/DSP_A_B_DATA.B2_DATA<9>
    DSP48E2_X0Y100       DSP_PREADD_DATA (Prop_DSP_PREADD_DATA_DSP48E2_B2_DATA[9]_B2B1[9])
                                                      0.073     0.073 r  thz_pipeline_top_i/mlkem_top_1/inst/process_phase_U0/grp_process_phase_Pipeline_VITIS_LOOP_44_1_fu_38/mul_16s_13ns_29_1_1_U17/tmp_product/DSP_PREADD_DATA_INST/B2B1[9]
                         net (fo=1, routed)           0.000     0.073    thz_pipeline_top_i/mlkem_top_1/inst/process_phase_U0/grp_process_phase_Pipeline_VITIS_LOOP_44_1_fu_38/mul_16s_13ns_29_1_1_U17/tmp_product/DSP_PREADD_DATA.B2B1<9>
    DSP48E2_X0Y100       DSP_MULTIPLIER (Prop_DSP_MULTIPLIER_DSP48E2_B2B1[9]_V[9])
                                                      0.609     0.682 f  thz_pipeline_top_i/mlkem_top_1/inst/process_phase_U0/grp_process_phase_Pipeline_VITIS_LOOP_44_1_fu_38/mul_16s_13ns_29_1_1_U17/tmp_product/DSP_MULTIPLIER_INST/V[9]
                         net (fo=1, routed)           0.000     0.682    thz_pipeline_top_i/mlkem_top_1/inst/process_phase_U0/grp_process_phase_Pipeline_VITIS_LOOP_44_1_fu_38/mul_16s_13ns_29_1_1_U17/tmp_product/DSP_MULTIPLIER.V<9>
    DSP48E2_X0Y100       DSP_M_DATA (Prop_DSP_M_DATA_DSP48E2_V[9]_V_DATA[9])
                                                      0.046     0.728 r  thz_pipeline_top_i/mlkem_top_1/inst/process_phase_U0/grp_process_phase_Pipeline_VITIS_LOOP_44_1_fu_38/mul_16s_13ns_29_1_1_U17/tmp_product/DSP_M_DATA_INST/V_DATA[9]
                         net (fo=1, routed)           0.000     0.728    thz_pipeline_top_i/mlkem_top_1/inst/process_phase_U0/grp_process_phase_Pipeline_VITIS_LOOP_44_1_fu_38/mul_16s_13ns_29_1_1_U17/tmp_product/DSP_M_DATA.V_DATA<9>
    DSP48E2_X0Y100       DSP_ALU (Prop_DSP_ALU_DSP48E2_V_DATA[9]_ALU_OUT[9])
                                                      0.571     1.299 f  thz_pipeline_top_i/mlkem_top_1/inst/process_phase_U0/grp_process_phase_Pipeline_VITIS_LOOP_44_1_fu_38/mul_16s_13ns_29_1_1_U17/tmp_product/DSP_ALU_INST/ALU_OUT[9]
                         net (fo=1, routed)           0.000     1.299    thz_pipeline_top_i/mlkem_top_1/inst/process_phase_U0/grp_process_phase_Pipeline_VITIS_LOOP_44_1_fu_38/mul_16s_13ns_29_1_1_U17/tmp_product/DSP_ALU.ALU_OUT<9>
    DSP48E2_X0Y100       DSP_OUTPUT (Prop_DSP_OUTPUT_DSP48E2_ALU_OUT[9]_P[9])
                                                      0.109     1.408 r  thz_pipeline_top_i/mlkem_top_1/inst/process_phase_U0/grp_process_phase_Pipeline_VITIS_LOOP_44_1_fu_38/mul_16s_13ns_29_1_1_U17/tmp_product/DSP_OUTPUT_INST/P[9]
                         net (fo=2, estimated)        0.303     1.711    thz_pipeline_top_i/mlkem_top_1/inst/process_phase_U0/grp_process_phase_Pipeline_VITIS_LOOP_44_1_fu_38/mul_16s_13ns_29_1_1_U17_n_532
    SLICE_X6Y246         SRL16E                                       r  thz_pipeline_top_i/mlkem_top_1/inst/process_phase_U0/grp_process_phase_Pipeline_VITIS_LOOP_44_1_fu_38/a_2_reg_250_pp0_iter2_reg_reg[9]_srl2/D
  -------------------------------------------------------------------    -------------------

                         (clock clk_pl_0 rise edge)
                                                      0.000     0.000 r  
    PS8_X0Y0             PS8                          0.000     0.000 r  thz_pipeline_top_i/zynq_ultra_ps_e_0/inst/PS8_i/PLCLK[0]
                         net (fo=1, estimated)        0.143     0.143    thz_pipeline_top_i/zynq_ultra_ps_e_0/inst/pl_clk_unbuffered[0]
    BUFG_PS_X0Y80        BUFG_PS (Prop_BUFG_PS_I_O)
                                                      0.025     0.168 r  thz_pipeline_top_i/zynq_ultra_ps_e_0/inst/buffer_pl_clk_0.PL_CLK_0_BUFG/O
    X1Y2 (CLOCK_ROOT)    net (fo=30604, estimated)    1.815     1.983    thz_pipeline_top_i/mlkem_top_1/inst/process_phase_U0/grp_process_phase_Pipeline_VITIS_LOOP_44_1_fu_38/ap_clk
    SLICE_X6Y246         SRL16E                                       r  thz_pipeline_top_i/mlkem_top_1/inst/process_phase_U0/grp_process_phase_Pipeline_VITIS_LOOP_44_1_fu_38/a_2_reg_250_pp0_iter2_reg_reg[9]_srl2/CLK

Slack:                    inf
  Source:                 thz_pipeline_top_i/mlkem_top_1/inst/process_phase_U0/grp_process_phase_Pipeline_VITIS_LOOP_44_1_fu_38/mul_16s_12ns_28_1_1_U18/tmp_product/DSP_A_B_DATA_INST/B2_DATA[1]
                            (internal pin)
  Destination:            thz_pipeline_top_i/mlkem_top_1/inst/process_phase_U0/grp_process_phase_Pipeline_VITIS_LOOP_44_1_fu_38/a_1_reg_260_pp0_iter2_reg_reg[3]_srl2/D
                            (rising edge-triggered cell SRL16E clocked by clk_pl_0  {rise@0.000ns fall@1.666ns period=3.333ns})
  Path Group:             (none)
  Path Type:              Setup (Max at Slow Process Corner)
  Data Path Delay:        1.709ns  (logic 1.408ns (82.387%)  route 0.301ns (17.613%))
  Logic Levels:           5  (DSP_ALU=1 DSP_M_DATA=1 DSP_MULTIPLIER=1 DSP_OUTPUT=1 DSP_PREADD_DATA=1)
  Clock Uncertainty:      0.100ns  ((TSJ^2 + DJ^2)^1/2) / 2 + PE
    Total System Jitter     (TSJ):    0.050ns
    Discrete Jitter          (DJ):    0.195ns
    Phase Error              (PE):    0.000ns
  Clock Net Delay (Destination): 1.811ns (routing 0.555ns, distribution 1.256ns)

    Location             Delay type                Incr(ns)  Path(ns)    Netlist Resource(s)
  -------------------------------------------------------------------    -------------------
    DSP48E2_X0Y101       DSP_A_B_DATA                 0.000     0.000 r  thz_pipeline_top_i/mlkem_top_1/inst/process_phase_U0/grp_process_phase_Pipeline_VITIS_LOOP_44_1_fu_38/mul_16s_12ns_28_1_1_U18/tmp_product/DSP_A_B_DATA_INST/B2_DATA[1]
                         net (fo=1, routed)           0.000     0.000    thz_pipeline_top_i/mlkem_top_1/inst/process_phase_U0/grp_process_phase_Pipeline_VITIS_LOOP_44_1_fu_38/mul_16s_12ns_28_1_1_U18/tmp_product/DSP_A_B_DATA.B2_DATA<1>
    DSP48E2_X0Y101       DSP_PREADD_DATA (Prop_DSP_PREADD_DATA_DSP48E2_B2_DATA[1]_B2B1[1])
                                                      0.073     0.073 r  thz_pipeline_top_i/mlkem_top_1/inst/process_phase_U0/grp_process_phase_Pipeline_VITIS_LOOP_44_1_fu_38/mul_16s_12ns_28_1_1_U18/tmp_product/DSP_PREADD_DATA_INST/B2B1[1]
                         net (fo=1, routed)           0.000     0.073    thz_pipeline_top_i/mlkem_top_1/inst/process_phase_U0/grp_process_phase_Pipeline_VITIS_LOOP_44_1_fu_38/mul_16s_12ns_28_1_1_U18/tmp_product/DSP_PREADD_DATA.B2B1<1>
    DSP48E2_X0Y101       DSP_MULTIPLIER (Prop_DSP_MULTIPLIER_DSP48E2_B2B1[1]_V[0])
                                                      0.609     0.682 f  thz_pipeline_top_i/mlkem_top_1/inst/process_phase_U0/grp_process_phase_Pipeline_VITIS_LOOP_44_1_fu_38/mul_16s_12ns_28_1_1_U18/tmp_product/DSP_MULTIPLIER_INST/V[0]
                         net (fo=1, routed)           0.000     0.682    thz_pipeline_top_i/mlkem_top_1/inst/process_phase_U0/grp_process_phase_Pipeline_VITIS_LOOP_44_1_fu_38/mul_16s_12ns_28_1_1_U18/tmp_product/DSP_MULTIPLIER.V<0>
    DSP48E2_X0Y101       DSP_M_DATA (Prop_DSP_M_DATA_DSP48E2_V[0]_V_DATA[0])
                                                      0.046     0.728 r  thz_pipeline_top_i/mlkem_top_1/inst/process_phase_U0/grp_process_phase_Pipeline_VITIS_LOOP_44_1_fu_38/mul_16s_12ns_28_1_1_U18/tmp_product/DSP_M_DATA_INST/V_DATA[0]
                         net (fo=1, routed)           0.000     0.728    thz_pipeline_top_i/mlkem_top_1/inst/process_phase_U0/grp_process_phase_Pipeline_VITIS_LOOP_44_1_fu_38/mul_16s_12ns_28_1_1_U18/tmp_product/DSP_M_DATA.V_DATA<0>
    DSP48E2_X0Y101       DSP_ALU (Prop_DSP_ALU_DSP48E2_V_DATA[0]_ALU_OUT[3])
                                                      0.571     1.299 f  thz_pipeline_top_i/mlkem_top_1/inst/process_phase_U0/grp_process_phase_Pipeline_VITIS_LOOP_44_1_fu_38/mul_16s_12ns_28_1_1_U18/tmp_product/DSP_ALU_INST/ALU_OUT[3]
                         net (fo=1, routed)           0.000     1.299    thz_pipeline_top_i/mlkem_top_1/inst/process_phase_U0/grp_process_phase_Pipeline_VITIS_LOOP_44_1_fu_38/mul_16s_12ns_28_1_1_U18/tmp_product/DSP_ALU.ALU_OUT<3>
    DSP48E2_X0Y101       DSP_OUTPUT (Prop_DSP_OUTPUT_DSP48E2_ALU_OUT[3]_P[3])
                                                      0.109     1.408 r  thz_pipeline_top_i/mlkem_top_1/inst/process_phase_U0/grp_process_phase_Pipeline_VITIS_LOOP_44_1_fu_38/mul_16s_12ns_28_1_1_U18/tmp_product/DSP_OUTPUT_INST/P[3]
                         net (fo=2, estimated)        0.301     1.709    thz_pipeline_top_i/mlkem_top_1/inst/process_phase_U0/grp_process_phase_Pipeline_VITIS_LOOP_44_1_fu_38/mul_16s_12ns_28_1_1_U18_n_537
    SLICE_X6Y255         SRL16E                                       r  thz_pipeline_top_i/mlkem_top_1/inst/process_phase_U0/grp_process_phase_Pipeline_VITIS_LOOP_44_1_fu_38/a_1_reg_260_pp0_iter2_reg_reg[3]_srl2/D
  -------------------------------------------------------------------    -------------------

                         (clock clk_pl_0 rise edge)
                                                      0.000     0.000 r  
    PS8_X0Y0             PS8                          0.000     0.000 r  thz_pipeline_top_i/zynq_ultra_ps_e_0/inst/PS8_i/PLCLK[0]
                         net (fo=1, estimated)        0.143     0.143    thz_pipeline_top_i/zynq_ultra_ps_e_0/inst/pl_clk_unbuffered[0]
    BUFG_PS_X0Y80        BUFG_PS (Prop_BUFG_PS_I_O)
                                                      0.025     0.168 r  thz_pipeline_top_i/zynq_ultra_ps_e_0/inst/buffer_pl_clk_0.PL_CLK_0_BUFG/O
    X1Y2 (CLOCK_ROOT)    net (fo=30604, estimated)    1.811     1.979    thz_pipeline_top_i/mlkem_top_1/inst/process_phase_U0/grp_process_phase_Pipeline_VITIS_LOOP_44_1_fu_38/ap_clk
    SLICE_X6Y255         SRL16E                                       r  thz_pipeline_top_i/mlkem_top_1/inst/process_phase_U0/grp_process_phase_Pipeline_VITIS_LOOP_44_1_fu_38/a_1_reg_260_pp0_iter2_reg_reg[3]_srl2/CLK





Min Delay Paths
--------------------------------------------------------------------------------------
Slack:                    inf
  Source:                 thz_pipeline_top_i/mlkem_top_1/inst/process_phase_U0/grp_process_phase_Pipeline_VITIS_LOOP_44_1_fu_38/mul_16s_12ns_28_1_1_U18/tmp_product/DSP_A_B_DATA_INST/B2_DATA[17]
                            (internal pin)
  Destination:            thz_pipeline_top_i/mlkem_top_1/inst/process_phase_U0/grp_process_phase_Pipeline_VITIS_LOOP_44_1_fu_38/a_1_reg_260_pp0_iter2_reg_reg[25]_srl2/D
                            (rising edge-triggered cell SRL16E clocked by clk_pl_0  {rise@0.000ns fall@1.666ns period=3.333ns})
  Path Group:             (none)
  Path Type:              Hold (Min at Fast Process Corner)
  Data Path Delay:        0.311ns  (logic 0.250ns (80.386%)  route 0.061ns (19.614%))
  Logic Levels:           5  (DSP_ALU=1 DSP_M_DATA=1 DSP_MULTIPLIER=1 DSP_OUTPUT=1 DSP_PREADD_DATA=1)
  Clock Uncertainty:      0.100ns  ((TSJ^2 + DJ^2)^1/2) / 2 + PE
    Total System Jitter     (TSJ):    0.050ns
    Discrete Jitter          (DJ):    0.195ns
    Phase Error              (PE):    0.000ns
  Clock Net Delay (Destination): 1.275ns (routing 0.380ns, distribution 0.895ns)

    Location             Delay type                Incr(ns)  Path(ns)    Netlist Resource(s)
  -------------------------------------------------------------------    -------------------
    DSP48E2_X0Y101       DSP_A_B_DATA                 0.000     0.000 r  thz_pipeline_top_i/mlkem_top_1/inst/process_phase_U0/grp_process_phase_Pipeline_VITIS_LOOP_44_1_fu_38/mul_16s_12ns_28_1_1_U18/tmp_product/DSP_A_B_DATA_INST/B2_DATA[17]
                         net (fo=1, routed)           0.000     0.000    thz_pipeline_top_i/mlkem_top_1/inst/process_phase_U0/grp_process_phase_Pipeline_VITIS_LOOP_44_1_fu_38/mul_16s_12ns_28_1_1_U18/tmp_product/DSP_A_B_DATA.B2_DATA<17>
    DSP48E2_X0Y101       DSP_PREADD_DATA (Prop_DSP_PREADD_DATA_DSP48E2_B2_DATA[17]_B2B1[17])
                                                      0.020     0.020 r  thz_pipeline_top_i/mlkem_top_1/inst/process_phase_U0/grp_process_phase_Pipeline_VITIS_LOOP_44_1_fu_38/mul_16s_12ns_28_1_1_U18/tmp_product/DSP_PREADD_DATA_INST/B2B1[17]
                         net (fo=1, routed)           0.000     0.020    thz_pipeline_top_i/mlkem_top_1/inst/process_phase_U0/grp_process_phase_Pipeline_VITIS_LOOP_44_1_fu_38/mul_16s_12ns_28_1_1_U18/tmp_product/DSP_PREADD_DATA.B2B1<17>
    DSP48E2_X0Y101       DSP_MULTIPLIER (Prop_DSP_MULTIPLIER_DSP48E2_B2B1[17]_U[25])
                                                      0.075     0.095 f  thz_pipeline_top_i/mlkem_top_1/inst/process_phase_U0/grp_process_phase_Pipeline_VITIS_LOOP_44_1_fu_38/mul_16s_12ns_28_1_1_U18/tmp_product/DSP_MULTIPLIER_INST/U[25]
                         net (fo=1, routed)           0.000     0.095    thz_pipeline_top_i/mlkem_top_1/inst/process_phase_U0/grp_process_phase_Pipeline_VITIS_LOOP_44_1_fu_38/mul_16s_12ns_28_1_1_U18/tmp_product/DSP_MULTIPLIER.U<25>
    DSP48E2_X0Y101       DSP_M_DATA (Prop_DSP_M_DATA_DSP48E2_U[25]_U_DATA[25])
                                                      0.012     0.107 r  thz_pipeline_top_i/mlkem_top_1/inst/process_phase_U0/grp_process_phase_Pipeline_VITIS_LOOP_44_1_fu_38/mul_16s_12ns_28_1_1_U18/tmp_product/DSP_M_DATA_INST/U_DATA[25]
                         net (fo=1, routed)           0.000     0.107    thz_pipeline_top_i/mlkem_top_1/inst/process_phase_U0/grp_process_phase_Pipeline_VITIS_LOOP_44_1_fu_38/mul_16s_12ns_28_1_1_U18/tmp_product/DSP_M_DATA.U_DATA<25>
    DSP48E2_X0Y101       DSP_ALU (Prop_DSP_ALU_DSP48E2_U_DATA[25]_ALU_OUT[25])
                                                      0.113     0.220 f  thz_pipeline_top_i/mlkem_top_1/inst/process_phase_U0/grp_process_phase_Pipeline_VITIS_LOOP_44_1_fu_38/mul_16s_12ns_28_1_1_U18/tmp_product/DSP_ALU_INST/ALU_OUT[25]
                         net (fo=1, routed)           0.000     0.220    thz_pipeline_top_i/mlkem_top_1/inst/process_phase_U0/grp_process_phase_Pipeline_VITIS_LOOP_44_1_fu_38/mul_16s_12ns_28_1_1_U18/tmp_product/DSP_ALU.ALU_OUT<25>
    DSP48E2_X0Y101       DSP_OUTPUT (Prop_DSP_OUTPUT_DSP48E2_ALU_OUT[25]_P[25])
                                                      0.030     0.250 r  thz_pipeline_top_i/mlkem_top_1/inst/process_phase_U0/grp_process_phase_Pipeline_VITIS_LOOP_44_1_fu_38/mul_16s_12ns_28_1_1_U18/tmp_product/DSP_OUTPUT_INST/P[25]
                         net (fo=1, estimated)        0.061     0.311    thz_pipeline_top_i/mlkem_top_1/inst/process_phase_U0/grp_process_phase_Pipeline_VITIS_LOOP_44_1_fu_38/mul_16s_12ns_28_1_1_U18_n_515
    SLICE_X6Y253         SRL16E                                       r  thz_pipeline_top_i/mlkem_top_1/inst/process_phase_U0/grp_process_phase_Pipeline_VITIS_LOOP_44_1_fu_38/a_1_reg_260_pp0_iter2_reg_reg[25]_srl2/D
  -------------------------------------------------------------------    -------------------

                         (clock clk_pl_0 rise edge)
                                                      0.000     0.000 r  
    PS8_X0Y0             PS8                          0.000     0.000 r  thz_pipeline_top_i/zynq_ultra_ps_e_0/inst/PS8_i/PLCLK[0]
                         net (fo=1, estimated)        0.154     0.154    thz_pipeline_top_i/zynq_ultra_ps_e_0/inst/pl_clk_unbuffered[0]
    BUFG_PS_X0Y80        BUFG_PS (Prop_BUFG_PS_I_O)
                                                      0.018     0.172 r  thz_pipeline_top_i/zynq_ultra_ps_e_0/inst/buffer_pl_clk_0.PL_CLK_0_BUFG/O
    X1Y2 (CLOCK_ROOT)    net (fo=30604, estimated)    1.275     1.447    thz_pipeline_top_i/mlkem_top_1/inst/process_phase_U0/grp_process_phase_Pipeline_VITIS_LOOP_44_1_fu_38/ap_clk
    SLICE_X6Y253         SRL16E                                       r  thz_pipeline_top_i/mlkem_top_1/inst/process_phase_U0/grp_process_phase_Pipeline_VITIS_LOOP_44_1_fu_38/a_1_reg_260_pp0_iter2_reg_reg[25]_srl2/CLK

Slack:                    inf
  Source:                 thz_pipeline_top_i/mlkem_top_0/inst/process_phase_U0/grp_process_phase_Pipeline_VITIS_LOOP_44_1_fu_38/mul_16s_12ns_28_1_1_U18/tmp_product/DSP_A_B_DATA_INST/B2_DATA[17]
                            (internal pin)
  Destination:            thz_pipeline_top_i/mlkem_top_0/inst/process_phase_U0/grp_process_phase_Pipeline_VITIS_LOOP_44_1_fu_38/a_1_reg_260_pp0_iter2_reg_reg[23]_srl2/D
                            (rising edge-triggered cell SRL16E clocked by clk_pl_0  {rise@0.000ns fall@1.666ns period=3.333ns})
  Path Group:             (none)
  Path Type:              Hold (Min at Fast Process Corner)
  Data Path Delay:        0.313ns  (logic 0.250ns (79.872%)  route 0.063ns (20.128%))
  Logic Levels:           5  (DSP_ALU=1 DSP_M_DATA=1 DSP_MULTIPLIER=1 DSP_OUTPUT=1 DSP_PREADD_DATA=1)
  Clock Uncertainty:      0.100ns  ((TSJ^2 + DJ^2)^1/2) / 2 + PE
    Total System Jitter     (TSJ):    0.050ns
    Discrete Jitter          (DJ):    0.195ns
    Phase Error              (PE):    0.000ns
  Clock Net Delay (Destination): 1.161ns (routing 0.380ns, distribution 0.781ns)

    Location             Delay type                Incr(ns)  Path(ns)    Netlist Resource(s)
  -------------------------------------------------------------------    -------------------
    DSP48E2_X4Y97        DSP_A_B_DATA                 0.000     0.000 r  thz_pipeline_top_i/mlkem_top_0/inst/process_phase_U0/grp_process_phase_Pipeline_VITIS_LOOP_44_1_fu_38/mul_16s_12ns_28_1_1_U18/tmp_product/DSP_A_B_DATA_INST/B2_DATA[17]
                         net (fo=1, routed)           0.000     0.000    thz_pipeline_top_i/mlkem_top_0/inst/process_phase_U0/grp_process_phase_Pipeline_VITIS_LOOP_44_1_fu_38/mul_16s_12ns_28_1_1_U18/tmp_product/DSP_A_B_DATA.B2_DATA<17>
    DSP48E2_X4Y97        DSP_PREADD_DATA (Prop_DSP_PREADD_DATA_DSP48E2_B2_DATA[17]_B2B1[17])
                                                      0.020     0.020 r  thz_pipeline_top_i/mlkem_top_0/inst/process_phase_U0/grp_process_phase_Pipeline_VITIS_LOOP_44_1_fu_38/mul_16s_12ns_28_1_1_U18/tmp_product/DSP_PREADD_DATA_INST/B2B1[17]
                         net (fo=1, routed)           0.000     0.020    thz_pipeline_top_i/mlkem_top_0/inst/process_phase_U0/grp_process_phase_Pipeline_VITIS_LOOP_44_1_fu_38/mul_16s_12ns_28_1_1_U18/tmp_product/DSP_PREADD_DATA.B2B1<17>
    DSP48E2_X4Y97        DSP_MULTIPLIER (Prop_DSP_MULTIPLIER_DSP48E2_B2B1[17]_U[23])
                                                      0.075     0.095 f  thz_pipeline_top_i/mlkem_top_0/inst/process_phase_U0/grp_process_phase_Pipeline_VITIS_LOOP_44_1_fu_38/mul_16s_12ns_28_1_1_U18/tmp_product/DSP_MULTIPLIER_INST/U[23]
                         net (fo=1, routed)           0.000     0.095    thz_pipeline_top_i/mlkem_top_0/inst/process_phase_U0/grp_process_phase_Pipeline_VITIS_LOOP_44_1_fu_38/mul_16s_12ns_28_1_1_U18/tmp_product/DSP_MULTIPLIER.U<23>
    DSP48E2_X4Y97        DSP_M_DATA (Prop_DSP_M_DATA_DSP48E2_U[23]_U_DATA[23])
                                                      0.012     0.107 r  thz_pipeline_top_i/mlkem_top_0/inst/process_phase_U0/grp_process_phase_Pipeline_VITIS_LOOP_44_1_fu_38/mul_16s_12ns_28_1_1_U18/tmp_product/DSP_M_DATA_INST/U_DATA[23]
                         net (fo=1, routed)           0.000     0.107    thz_pipeline_top_i/mlkem_top_0/inst/process_phase_U0/grp_process_phase_Pipeline_VITIS_LOOP_44_1_fu_38/mul_16s_12ns_28_1_1_U18/tmp_product/DSP_M_DATA.U_DATA<23>
    DSP48E2_X4Y97        DSP_ALU (Prop_DSP_ALU_DSP48E2_U_DATA[23]_ALU_OUT[23])
                                                      0.113     0.220 f  thz_pipeline_top_i/mlkem_top_0/inst/process_phase_U0/grp_process_phase_Pipeline_VITIS_LOOP_44_1_fu_38/mul_16s_12ns_28_1_1_U18/tmp_product/DSP_ALU_INST/ALU_OUT[23]
                         net (fo=1, routed)           0.000     0.220    thz_pipeline_top_i/mlkem_top_0/inst/process_phase_U0/grp_process_phase_Pipeline_VITIS_LOOP_44_1_fu_38/mul_16s_12ns_28_1_1_U18/tmp_product/DSP_ALU.ALU_OUT<23>
    DSP48E2_X4Y97        DSP_OUTPUT (Prop_DSP_OUTPUT_DSP48E2_ALU_OUT[23]_P[23])
                                                      0.030     0.250 r  thz_pipeline_top_i/mlkem_top_0/inst/process_phase_U0/grp_process_phase_Pipeline_VITIS_LOOP_44_1_fu_38/mul_16s_12ns_28_1_1_U18/tmp_product/DSP_OUTPUT_INST/P[23]
                         net (fo=1, estimated)        0.063     0.313    thz_pipeline_top_i/mlkem_top_0/inst/process_phase_U0/grp_process_phase_Pipeline_VITIS_LOOP_44_1_fu_38/mul_16s_12ns_28_1_1_U18_n_517
    SLICE_X53Y242        SRL16E                                       r  thz_pipeline_top_i/mlkem_top_0/inst/process_phase_U0/grp_process_phase_Pipeline_VITIS_LOOP_44_1_fu_38/a_1_reg_260_pp0_iter2_reg_reg[23]_srl2/D
  -------------------------------------------------------------------    -------------------

                         (clock clk_pl_0 rise edge)
                                                      0.000     0.000 r  
    PS8_X0Y0             PS8                          0.000     0.000 r  thz_pipeline_top_i/zynq_ultra_ps_e_0/inst/PS8_i/PLCLK[0]
                         net (fo=1, estimated)        0.154     0.154    thz_pipeline_top_i/zynq_ultra_ps_e_0/inst/pl_clk_unbuffered[0]
    BUFG_PS_X0Y80        BUFG_PS (Prop_BUFG_PS_I_O)
                                                      0.018     0.172 r  thz_pipeline_top_i/zynq_ultra_ps_e_0/inst/buffer_pl_clk_0.PL_CLK_0_BUFG/O
    X1Y2 (CLOCK_ROOT)    net (fo=30604, estimated)    1.161     1.333    thz_pipeline_top_i/mlkem_top_0/inst/process_phase_U0/grp_process_phase_Pipeline_VITIS_LOOP_44_1_fu_38/ap_clk
    SLICE_X53Y242        SRL16E                                       r  thz_pipeline_top_i/mlkem_top_0/inst/process_phase_U0/grp_process_phase_Pipeline_VITIS_LOOP_44_1_fu_38/a_1_reg_260_pp0_iter2_reg_reg[23]_srl2/CLK

Slack:                    inf
  Source:                 thz_pipeline_top_i/mlkem_top_0/inst/process_phase_U0/grp_process_phase_Pipeline_VITIS_LOOP_44_1_fu_38/mul_16s_13ns_29_1_1_U17/tmp_product/DSP_A_B_DATA_INST/B2_DATA[13]
                            (internal pin)
  Destination:            thz_pipeline_top_i/mlkem_top_0/inst/process_phase_U0/grp_process_phase_Pipeline_VITIS_LOOP_44_1_fu_38/a_2_reg_250_pp0_iter2_reg_reg[14]_srl2/D
                            (rising edge-triggered cell SRL16E clocked by clk_pl_0  {rise@0.000ns fall@1.666ns period=3.333ns})
  Path Group:             (none)
  Path Type:              Hold (Min at Fast Process Corner)
  Data Path Delay:        0.313ns  (logic 0.250ns (79.872%)  route 0.063ns (20.128%))
  Logic Levels:           5  (DSP_ALU=1 DSP_M_DATA=1 DSP_MULTIPLIER=1 DSP_OUTPUT=1 DSP_PREADD_DATA=1)
  Clock Uncertainty:      0.100ns  ((TSJ^2 + DJ^2)^1/2) / 2 + PE
    Total System Jitter     (TSJ):    0.050ns
    Discrete Jitter          (DJ):    0.195ns
    Phase Error              (PE):    0.000ns
  Clock Net Delay (Destination): 1.167ns (routing 0.380ns, distribution 0.787ns)

    Location             Delay type                Incr(ns)  Path(ns)    Netlist Resource(s)
  -------------------------------------------------------------------    -------------------
    DSP48E2_X5Y97        DSP_A_B_DATA                 0.000     0.000 r  thz_pipeline_top_i/mlkem_top_0/inst/process_phase_U0/grp_process_phase_Pipeline_VITIS_LOOP_44_1_fu_38/mul_16s_13ns_29_1_1_U17/tmp_product/DSP_A_B_DATA_INST/B2_DATA[13]
                         net (fo=1, routed)           0.000     0.000    thz_pipeline_top_i/mlkem_top_0/inst/process_phase_U0/grp_process_phase_Pipeline_VITIS_LOOP_44_1_fu_38/mul_16s_13ns_29_1_1_U17/tmp_product/DSP_A_B_DATA.B2_DATA<13>
    DSP48E2_X5Y97        DSP_PREADD_DATA (Prop_DSP_PREADD_DATA_DSP48E2_B2_DATA[13]_B2B1[13])
                                                      0.020     0.020 r  thz_pipeline_top_i/mlkem_top_0/inst/process_phase_U0/grp_process_phase_Pipeline_VITIS_LOOP_44_1_fu_38/mul_16s_13ns_29_1_1_U17/tmp_product/DSP_PREADD_DATA_INST/B2B1[13]
                         net (fo=1, routed)           0.000     0.020    thz_pipeline_top_i/mlkem_top_0/inst/process_phase_U0/grp_process_phase_Pipeline_VITIS_LOOP_44_1_fu_38/mul_16s_13ns_29_1_1_U17/tmp_product/DSP_PREADD_DATA.B2B1<13>
    DSP48E2_X5Y97        DSP_MULTIPLIER (Prop_DSP_MULTIPLIER_DSP48E2_B2B1[13]_U[14])
                                                      0.075     0.095 f  thz_pipeline_top_i/mlkem_top_0/inst/process_phase_U0/grp_process_phase_Pipeline_VITIS_LOOP_44_1_fu_38/mul_16s_13ns_29_1_1_U17/tmp_product/DSP_MULTIPLIER_INST/U[14]
                         net (fo=1, routed)           0.000     0.095    thz_pipeline_top_i/mlkem_top_0/inst/process_phase_U0/grp_process_phase_Pipeline_VITIS_LOOP_44_1_fu_38/mul_16s_13ns_29_1_1_U17/tmp_product/DSP_MULTIPLIER.U<14>
    DSP48E2_X5Y97        DSP_M_DATA (Prop_DSP_M_DATA_DSP48E2_U[14]_U_DATA[14])
                                                      0.012     0.107 r  thz_pipeline_top_i/mlkem_top_0/inst/process_phase_U0/grp_process_phase_Pipeline_VITIS_LOOP_44_1_fu_38/mul_16s_13ns_29_1_1_U17/tmp_product/DSP_M_DATA_INST/U_DATA[14]
                         net (fo=1, routed)           0.000     0.107    thz_pipeline_top_i/mlkem_top_0/inst/process_phase_U0/grp_process_phase_Pipeline_VITIS_LOOP_44_1_fu_38/mul_16s_13ns_29_1_1_U17/tmp_product/DSP_M_DATA.U_DATA<14>
    DSP48E2_X5Y97        DSP_ALU (Prop_DSP_ALU_DSP48E2_U_DATA[14]_ALU_OUT[14])
                                                      0.113     0.220 f  thz_pipeline_top_i/mlkem_top_0/inst/process_phase_U0/grp_process_phase_Pipeline_VITIS_LOOP_44_1_fu_38/mul_16s_13ns_29_1_1_U17/tmp_product/DSP_ALU_INST/ALU_OUT[14]
                         net (fo=1, routed)           0.000     0.220    thz_pipeline_top_i/mlkem_top_0/inst/process_phase_U0/grp_process_phase_Pipeline_VITIS_LOOP_44_1_fu_38/mul_16s_13ns_29_1_1_U17/tmp_product/DSP_ALU.ALU_OUT<14>
    DSP48E2_X5Y97        DSP_OUTPUT (Prop_DSP_OUTPUT_DSP48E2_ALU_OUT[14]_P[14])
                                                      0.030     0.250 r  thz_pipeline_top_i/mlkem_top_0/inst/process_phase_U0/grp_process_phase_Pipeline_VITIS_LOOP_44_1_fu_38/mul_16s_13ns_29_1_1_U17/tmp_product/DSP_OUTPUT_INST/P[14]
                         net (fo=2, estimated)        0.063     0.313    thz_pipeline_top_i/mlkem_top_0/inst/process_phase_U0/grp_process_phase_Pipeline_VITIS_LOOP_44_1_fu_38/mul_16s_13ns_29_1_1_U17_n_527
    SLICE_X56Y241        SRL16E                                       r  thz_pipeline_top_i/mlkem_top_0/inst/process_phase_U0/grp_process_phase_Pipeline_VITIS_LOOP_44_1_fu_38/a_2_reg_250_pp0_iter2_reg_reg[14]_srl2/D
  -------------------------------------------------------------------    -------------------

                         (clock clk_pl_0 rise edge)
                                                      0.000     0.000 r  
    PS8_X0Y0             PS8                          0.000     0.000 r  thz_pipeline_top_i/zynq_ultra_ps_e_0/inst/PS8_i/PLCLK[0]
                         net (fo=1, estimated)        0.154     0.154    thz_pipeline_top_i/zynq_ultra_ps_e_0/inst/pl_clk_unbuffered[0]
    BUFG_PS_X0Y80        BUFG_PS (Prop_BUFG_PS_I_O)
                                                      0.018     0.172 r  thz_pipeline_top_i/zynq_ultra_ps_e_0/inst/buffer_pl_clk_0.PL_CLK_0_BUFG/O
    X1Y2 (CLOCK_ROOT)    net (fo=30604, estimated)    1.167     1.339    thz_pipeline_top_i/mlkem_top_0/inst/process_phase_U0/grp_process_phase_Pipeline_VITIS_LOOP_44_1_fu_38/ap_clk
    SLICE_X56Y241        SRL16E                                       r  thz_pipeline_top_i/mlkem_top_0/inst/process_phase_U0/grp_process_phase_Pipeline_VITIS_LOOP_44_1_fu_38/a_2_reg_250_pp0_iter2_reg_reg[14]_srl2/CLK

Slack:                    inf
  Source:                 thz_pipeline_top_i/mlkem_top_0/inst/process_phase_U0/grp_process_phase_Pipeline_VITIS_LOOP_44_1_fu_38/mul_16s_13ns_29_1_1_U17/tmp_product/DSP_A_B_DATA_INST/B2_DATA[17]
                            (internal pin)
  Destination:            thz_pipeline_top_i/mlkem_top_0/inst/process_phase_U0/grp_process_phase_Pipeline_VITIS_LOOP_44_1_fu_38/a_2_reg_250_pp0_iter2_reg_reg[23]_srl2/D
                            (rising edge-triggered cell SRL16E clocked by clk_pl_0  {rise@0.000ns fall@1.666ns period=3.333ns})
  Path Group:             (none)
  Path Type:              Hold (Min at Fast Process Corner)
  Data Path Delay:        0.313ns  (logic 0.250ns (79.872%)  route 0.063ns (20.128%))
  Logic Levels:           5  (DSP_ALU=1 DSP_M_DATA=1 DSP_MULTIPLIER=1 DSP_OUTPUT=1 DSP_PREADD_DATA=1)
  Clock Uncertainty:      0.100ns  ((TSJ^2 + DJ^2)^1/2) / 2 + PE
    Total System Jitter     (TSJ):    0.050ns
    Discrete Jitter          (DJ):    0.195ns
    Phase Error              (PE):    0.000ns
  Clock Net Delay (Destination): 1.167ns (routing 0.380ns, distribution 0.787ns)

    Location             Delay type                Incr(ns)  Path(ns)    Netlist Resource(s)
  -------------------------------------------------------------------    -------------------
    DSP48E2_X5Y97        DSP_A_B_DATA                 0.000     0.000 r  thz_pipeline_top_i/mlkem_top_0/inst/process_phase_U0/grp_process_phase_Pipeline_VITIS_LOOP_44_1_fu_38/mul_16s_13ns_29_1_1_U17/tmp_product/DSP_A_B_DATA_INST/B2_DATA[17]
                         net (fo=1, routed)           0.000     0.000    thz_pipeline_top_i/mlkem_top_0/inst/process_phase_U0/grp_process_phase_Pipeline_VITIS_LOOP_44_1_fu_38/mul_16s_13ns_29_1_1_U17/tmp_product/DSP_A_B_DATA.B2_DATA<17>
    DSP48E2_X5Y97        DSP_PREADD_DATA (Prop_DSP_PREADD_DATA_DSP48E2_B2_DATA[17]_B2B1[17])
                                                      0.020     0.020 r  thz_pipeline_top_i/mlkem_top_0/inst/process_phase_U0/grp_process_phase_Pipeline_VITIS_LOOP_44_1_fu_38/mul_16s_13ns_29_1_1_U17/tmp_product/DSP_PREADD_DATA_INST/B2B1[17]
                         net (fo=1, routed)           0.000     0.020    thz_pipeline_top_i/mlkem_top_0/inst/process_phase_U0/grp_process_phase_Pipeline_VITIS_LOOP_44_1_fu_38/mul_16s_13ns_29_1_1_U17/tmp_product/DSP_PREADD_DATA.B2B1<17>
    DSP48E2_X5Y97        DSP_MULTIPLIER (Prop_DSP_MULTIPLIER_DSP48E2_B2B1[17]_U[23])
                                                      0.075     0.095 f  thz_pipeline_top_i/mlkem_top_0/inst/process_phase_U0/grp_process_phase_Pipeline_VITIS_LOOP_44_1_fu_38/mul_16s_13ns_29_1_1_U17/tmp_product/DSP_MULTIPLIER_INST/U[23]
                         net (fo=1, routed)           0.000     0.095    thz_pipeline_top_i/mlkem_top_0/inst/process_phase_U0/grp_process_phase_Pipeline_VITIS_LOOP_44_1_fu_38/mul_16s_13ns_29_1_1_U17/tmp_product/DSP_MULTIPLIER.U<23>
    DSP48E2_X5Y97        DSP_M_DATA (Prop_DSP_M_DATA_DSP48E2_U[23]_U_DATA[23])
                                                      0.012     0.107 r  thz_pipeline_top_i/mlkem_top_0/inst/process_phase_U0/grp_process_phase_Pipeline_VITIS_LOOP_44_1_fu_38/mul_16s_13ns_29_1_1_U17/tmp_product/DSP_M_DATA_INST/U_DATA[23]
                         net (fo=1, routed)           0.000     0.107    thz_pipeline_top_i/mlkem_top_0/inst/process_phase_U0/grp_process_phase_Pipeline_VITIS_LOOP_44_1_fu_38/mul_16s_13ns_29_1_1_U17/tmp_product/DSP_M_DATA.U_DATA<23>
    DSP48E2_X5Y97        DSP_ALU (Prop_DSP_ALU_DSP48E2_U_DATA[23]_ALU_OUT[23])
                                                      0.113     0.220 f  thz_pipeline_top_i/mlkem_top_0/inst/process_phase_U0/grp_process_phase_Pipeline_VITIS_LOOP_44_1_fu_38/mul_16s_13ns_29_1_1_U17/tmp_product/DSP_ALU_INST/ALU_OUT[23]
                         net (fo=1, routed)           0.000     0.220    thz_pipeline_top_i/mlkem_top_0/inst/process_phase_U0/grp_process_phase_Pipeline_VITIS_LOOP_44_1_fu_38/mul_16s_13ns_29_1_1_U17/tmp_product/DSP_ALU.ALU_OUT<23>
    DSP48E2_X5Y97        DSP_OUTPUT (Prop_DSP_OUTPUT_DSP48E2_ALU_OUT[23]_P[23])
                                                      0.030     0.250 r  thz_pipeline_top_i/mlkem_top_0/inst/process_phase_U0/grp_process_phase_Pipeline_VITIS_LOOP_44_1_fu_38/mul_16s_13ns_29_1_1_U17/tmp_product/DSP_OUTPUT_INST/P[23]
                         net (fo=1, estimated)        0.063     0.313    thz_pipeline_top_i/mlkem_top_0/inst/process_phase_U0/grp_process_phase_Pipeline_VITIS_LOOP_44_1_fu_38/mul_16s_13ns_29_1_1_U17_n_518
    SLICE_X56Y242        SRL16E                                       r  thz_pipeline_top_i/mlkem_top_0/inst/process_phase_U0/grp_process_phase_Pipeline_VITIS_LOOP_44_1_fu_38/a_2_reg_250_pp0_iter2_reg_reg[23]_srl2/D
  -------------------------------------------------------------------    -------------------

                         (clock clk_pl_0 rise edge)
                                                      0.000     0.000 r  
    PS8_X0Y0             PS8                          0.000     0.000 r  thz_pipeline_top_i/zynq_ultra_ps_e_0/inst/PS8_i/PLCLK[0]
                         net (fo=1, estimated)        0.154     0.154    thz_pipeline_top_i/zynq_ultra_ps_e_0/inst/pl_clk_unbuffered[0]
    BUFG_PS_X0Y80        BUFG_PS (Prop_BUFG_PS_I_O)
                                                      0.018     0.172 r  thz_pipeline_top_i/zynq_ultra_ps_e_0/inst/buffer_pl_clk_0.PL_CLK_0_BUFG/O
    X1Y2 (CLOCK_ROOT)    net (fo=30604, estimated)    1.167     1.339    thz_pipeline_top_i/mlkem_top_0/inst/process_phase_U0/grp_process_phase_Pipeline_VITIS_LOOP_44_1_fu_38/ap_clk
    SLICE_X56Y242        SRL16E                                       r  thz_pipeline_top_i/mlkem_top_0/inst/process_phase_U0/grp_process_phase_Pipeline_VITIS_LOOP_44_1_fu_38/a_2_reg_250_pp0_iter2_reg_reg[23]_srl2/CLK

Slack:                    inf
  Source:                 thz_pipeline_top_i/mlkem_top_1/inst/process_phase_U0/grp_process_phase_Pipeline_VITIS_LOOP_44_1_fu_38/mul_16s_12ns_28_1_1_U18/tmp_product/DSP_A_B_DATA_INST/B2_DATA[17]
                            (internal pin)
  Destination:            thz_pipeline_top_i/mlkem_top_1/inst/process_phase_U0/grp_process_phase_Pipeline_VITIS_LOOP_44_1_fu_38/a_1_reg_260_pp0_iter2_reg_reg[26]_srl2/D
                            (rising edge-triggered cell SRL16E clocked by clk_pl_0  {rise@0.000ns fall@1.666ns period=3.333ns})
  Path Group:             (none)
  Path Type:              Hold (Min at Fast Process Corner)
  Data Path Delay:        0.314ns  (logic 0.250ns (79.618%)  route 0.064ns (20.382%))
  Logic Levels:           5  (DSP_ALU=1 DSP_M_DATA=1 DSP_MULTIPLIER=1 DSP_OUTPUT=1 DSP_PREADD_DATA=1)
  Clock Uncertainty:      0.100ns  ((TSJ^2 + DJ^2)^1/2) / 2 + PE
    Total System Jitter     (TSJ):    0.050ns
    Discrete Jitter          (DJ):    0.195ns
    Phase Error              (PE):    0.000ns
  Clock Net Delay (Destination): 1.275ns (routing 0.380ns, distribution 0.895ns)

    Location             Delay type                Incr(ns)  Path(ns)    Netlist Resource(s)
  -------------------------------------------------------------------    -------------------
    DSP48E2_X0Y101       DSP_A_B_DATA                 0.000     0.000 r  thz_pipeline_top_i/mlkem_top_1/inst/process_phase_U0/grp_process_phase_Pipeline_VITIS_LOOP_44_1_fu_38/mul_16s_12ns_28_1_1_U18/tmp_product/DSP_A_B_DATA_INST/B2_DATA[17]
                         net (fo=1, routed)           0.000     0.000    thz_pipeline_top_i/mlkem_top_1/inst/process_phase_U0/grp_process_phase_Pipeline_VITIS_LOOP_44_1_fu_38/mul_16s_12ns_28_1_1_U18/tmp_product/DSP_A_B_DATA.B2_DATA<17>
    DSP48E2_X0Y101       DSP_PREADD_DATA (Prop_DSP_PREADD_DATA_DSP48E2_B2_DATA[17]_B2B1[17])
                                                      0.020     0.020 r  thz_pipeline_top_i/mlkem_top_1/inst/process_phase_U0/grp_process_phase_Pipeline_VITIS_LOOP_44_1_fu_38/mul_16s_12ns_28_1_1_U18/tmp_product/DSP_PREADD_DATA_INST/B2B1[17]
                         net (fo=1, routed)           0.000     0.020    thz_pipeline_top_i/mlkem_top_1/inst/process_phase_U0/grp_process_phase_Pipeline_VITIS_LOOP_44_1_fu_38/mul_16s_12ns_28_1_1_U18/tmp_product/DSP_PREADD_DATA.B2B1<17>
    DSP48E2_X0Y101       DSP_MULTIPLIER (Prop_DSP_MULTIPLIER_DSP48E2_B2B1[17]_U[26])
                                                      0.075     0.095 f  thz_pipeline_top_i/mlkem_top_1/inst/process_phase_U0/grp_process_phase_Pipeline_VITIS_LOOP_44_1_fu_38/mul_16s_12ns_28_1_1_U18/tmp_product/DSP_MULTIPLIER_INST/U[26]
                         net (fo=1, routed)           0.000     0.095    thz_pipeline_top_i/mlkem_top_1/inst/process_phase_U0/grp_process_phase_Pipeline_VITIS_LOOP_44_1_fu_38/mul_16s_12ns_28_1_1_U18/tmp_product/DSP_MULTIPLIER.U<26>
    DSP48E2_X0Y101       DSP_M_DATA (Prop_DSP_M_DATA_DSP48E2_U[26]_U_DATA[26])
                                                      0.012     0.107 r  thz_pipeline_top_i/mlkem_top_1/inst/process_phase_U0/grp_process_phase_Pipeline_VITIS_LOOP_44_1_fu_38/mul_16s_12ns_28_1_1_U18/tmp_product/DSP_M_DATA_INST/U_DATA[26]
                         net (fo=1, routed)           0.000     0.107    thz_pipeline_top_i/mlkem_top_1/inst/process_phase_U0/grp_process_phase_Pipeline_VITIS_LOOP_44_1_fu_38/mul_16s_12ns_28_1_1_U18/tmp_product/DSP_M_DATA.U_DATA<26>
    DSP48E2_X0Y101       DSP_ALU (Prop_DSP_ALU_DSP48E2_U_DATA[26]_ALU_OUT[26])
                                                      0.113     0.220 f  thz_pipeline_top_i/mlkem_top_1/inst/process_phase_U0/grp_process_phase_Pipeline_VITIS_LOOP_44_1_fu_38/mul_16s_12ns_28_1_1_U18/tmp_product/DSP_ALU_INST/ALU_OUT[26]
                         net (fo=1, routed)           0.000     0.220    thz_pipeline_top_i/mlkem_top_1/inst/process_phase_U0/grp_process_phase_Pipeline_VITIS_LOOP_44_1_fu_38/mul_16s_12ns_28_1_1_U18/tmp_product/DSP_ALU.ALU_OUT<26>
    DSP48E2_X0Y101       DSP_OUTPUT (Prop_DSP_OUTPUT_DSP48E2_ALU_OUT[26]_P[26])
                                                      0.030     0.250 r  thz_pipeline_top_i/mlkem_top_1/inst/process_phase_U0/grp_process_phase_Pipeline_VITIS_LOOP_44_1_fu_38/mul_16s_12ns_28_1_1_U18/tmp_product/DSP_OUTPUT_INST/P[26]
                         net (fo=1, estimated)        0.064     0.314    thz_pipeline_top_i/mlkem_top_1/inst/process_phase_U0/grp_process_phase_Pipeline_VITIS_LOOP_44_1_fu_38/mul_16s_12ns_28_1_1_U18_n_514
    SLICE_X6Y253         SRL16E                                       r  thz_pipeline_top_i/mlkem_top_1/inst/process_phase_U0/grp_process_phase_Pipeline_VITIS_LOOP_44_1_fu_38/a_1_reg_260_pp0_iter2_reg_reg[26]_srl2/D
  -------------------------------------------------------------------    -------------------

                         (clock clk_pl_0 rise edge)
                                                      0.000     0.000 r  
    PS8_X0Y0             PS8                          0.000     0.000 r  thz_pipeline_top_i/zynq_ultra_ps_e_0/inst/PS8_i/PLCLK[0]
                         net (fo=1, estimated)        0.154     0.154    thz_pipeline_top_i/zynq_ultra_ps_e_0/inst/pl_clk_unbuffered[0]
    BUFG_PS_X0Y80        BUFG_PS (Prop_BUFG_PS_I_O)
                                                      0.018     0.172 r  thz_pipeline_top_i/zynq_ultra_ps_e_0/inst/buffer_pl_clk_0.PL_CLK_0_BUFG/O
    X1Y2 (CLOCK_ROOT)    net (fo=30604, estimated)    1.275     1.447    thz_pipeline_top_i/mlkem_top_1/inst/process_phase_U0/grp_process_phase_Pipeline_VITIS_LOOP_44_1_fu_38/ap_clk
    SLICE_X6Y253         SRL16E                                       r  thz_pipeline_top_i/mlkem_top_1/inst/process_phase_U0/grp_process_phase_Pipeline_VITIS_LOOP_44_1_fu_38/a_1_reg_260_pp0_iter2_reg_reg[26]_srl2/CLK

Slack:                    inf
  Source:                 thz_pipeline_top_i/mlkem_top_1/inst/process_phase_U0/grp_process_phase_Pipeline_VITIS_LOOP_44_1_fu_38/mul_16s_12ns_28_1_1_U18/tmp_product/DSP_A_B_DATA_INST/B2_DATA[17]
                            (internal pin)
  Destination:            thz_pipeline_top_i/mlkem_top_1/inst/process_phase_U0/grp_process_phase_Pipeline_VITIS_LOOP_44_1_fu_38/a_1_reg_260_pp0_iter2_reg_reg[27]_srl2/D
                            (rising edge-triggered cell SRL16E clocked by clk_pl_0  {rise@0.000ns fall@1.666ns period=3.333ns})
  Path Group:             (none)
  Path Type:              Hold (Min at Fast Process Corner)
  Data Path Delay:        0.314ns  (logic 0.250ns (79.618%)  route 0.064ns (20.382%))
  Logic Levels:           5  (DSP_ALU=1 DSP_M_DATA=1 DSP_MULTIPLIER=1 DSP_OUTPUT=1 DSP_PREADD_DATA=1)
  Clock Uncertainty:      0.100ns  ((TSJ^2 + DJ^2)^1/2) / 2 + PE
    Total System Jitter     (TSJ):    0.050ns
    Discrete Jitter          (DJ):    0.195ns
    Phase Error              (PE):    0.000ns
  Clock Net Delay (Destination): 1.275ns (routing 0.380ns, distribution 0.895ns)

    Location             Delay type                Incr(ns)  Path(ns)    Netlist Resource(s)
  -------------------------------------------------------------------    -------------------
    DSP48E2_X0Y101       DSP_A_B_DATA                 0.000     0.000 r  thz_pipeline_top_i/mlkem_top_1/inst/process_phase_U0/grp_process_phase_Pipeline_VITIS_LOOP_44_1_fu_38/mul_16s_12ns_28_1_1_U18/tmp_product/DSP_A_B_DATA_INST/B2_DATA[17]
                         net (fo=1, routed)           0.000     0.000    thz_pipeline_top_i/mlkem_top_1/inst/process_phase_U0/grp_process_phase_Pipeline_VITIS_LOOP_44_1_fu_38/mul_16s_12ns_28_1_1_U18/tmp_product/DSP_A_B_DATA.B2_DATA<17>
    DSP48E2_X0Y101       DSP_PREADD_DATA (Prop_DSP_PREADD_DATA_DSP48E2_B2_DATA[17]_B2B1[17])
                                                      0.020     0.020 r  thz_pipeline_top_i/mlkem_top_1/inst/process_phase_U0/grp_process_phase_Pipeline_VITIS_LOOP_44_1_fu_38/mul_16s_12ns_28_1_1_U18/tmp_product/DSP_PREADD_DATA_INST/B2B1[17]
                         net (fo=1, routed)           0.000     0.020    thz_pipeline_top_i/mlkem_top_1/inst/process_phase_U0/grp_process_phase_Pipeline_VITIS_LOOP_44_1_fu_38/mul_16s_12ns_28_1_1_U18/tmp_product/DSP_PREADD_DATA.B2B1<17>
    DSP48E2_X0Y101       DSP_MULTIPLIER (Prop_DSP_MULTIPLIER_DSP48E2_B2B1[17]_U[27])
                                                      0.075     0.095 f  thz_pipeline_top_i/mlkem_top_1/inst/process_phase_U0/grp_process_phase_Pipeline_VITIS_LOOP_44_1_fu_38/mul_16s_12ns_28_1_1_U18/tmp_product/DSP_MULTIPLIER_INST/U[27]
                         net (fo=1, routed)           0.000     0.095    thz_pipeline_top_i/mlkem_top_1/inst/process_phase_U0/grp_process_phase_Pipeline_VITIS_LOOP_44_1_fu_38/mul_16s_12ns_28_1_1_U18/tmp_product/DSP_MULTIPLIER.U<27>
    DSP48E2_X0Y101       DSP_M_DATA (Prop_DSP_M_DATA_DSP48E2_U[27]_U_DATA[27])
                                                      0.012     0.107 r  thz_pipeline_top_i/mlkem_top_1/inst/process_phase_U0/grp_process_phase_Pipeline_VITIS_LOOP_44_1_fu_38/mul_16s_12ns_28_1_1_U18/tmp_product/DSP_M_DATA_INST/U_DATA[27]
                         net (fo=1, routed)           0.000     0.107    thz_pipeline_top_i/mlkem_top_1/inst/process_phase_U0/grp_process_phase_Pipeline_VITIS_LOOP_44_1_fu_38/mul_16s_12ns_28_1_1_U18/tmp_product/DSP_M_DATA.U_DATA<27>
    DSP48E2_X0Y101       DSP_ALU (Prop_DSP_ALU_DSP48E2_U_DATA[27]_ALU_OUT[27])
                                                      0.113     0.220 f  thz_pipeline_top_i/mlkem_top_1/inst/process_phase_U0/grp_process_phase_Pipeline_VITIS_LOOP_44_1_fu_38/mul_16s_12ns_28_1_1_U18/tmp_product/DSP_ALU_INST/ALU_OUT[27]
                         net (fo=1, routed)           0.000     0.220    thz_pipeline_top_i/mlkem_top_1/inst/process_phase_U0/grp_process_phase_Pipeline_VITIS_LOOP_44_1_fu_38/mul_16s_12ns_28_1_1_U18/tmp_product/DSP_ALU.ALU_OUT<27>
    DSP48E2_X0Y101       DSP_OUTPUT (Prop_DSP_OUTPUT_DSP48E2_ALU_OUT[27]_P[27])
                                                      0.030     0.250 r  thz_pipeline_top_i/mlkem_top_1/inst/process_phase_U0/grp_process_phase_Pipeline_VITIS_LOOP_44_1_fu_38/mul_16s_12ns_28_1_1_U18/tmp_product/DSP_OUTPUT_INST/P[27]
                         net (fo=1, estimated)        0.064     0.314    thz_pipeline_top_i/mlkem_top_1/inst/process_phase_U0/grp_process_phase_Pipeline_VITIS_LOOP_44_1_fu_38/mul_16s_12ns_28_1_1_U18_n_513
    SLICE_X6Y253         SRL16E                                       r  thz_pipeline_top_i/mlkem_top_1/inst/process_phase_U0/grp_process_phase_Pipeline_VITIS_LOOP_44_1_fu_38/a_1_reg_260_pp0_iter2_reg_reg[27]_srl2/D
  -------------------------------------------------------------------    -------------------

                         (clock clk_pl_0 rise edge)
                                                      0.000     0.000 r  
    PS8_X0Y0             PS8                          0.000     0.000 r  thz_pipeline_top_i/zynq_ultra_ps_e_0/inst/PS8_i/PLCLK[0]
                         net (fo=1, estimated)        0.154     0.154    thz_pipeline_top_i/zynq_ultra_ps_e_0/inst/pl_clk_unbuffered[0]
    BUFG_PS_X0Y80        BUFG_PS (Prop_BUFG_PS_I_O)
                                                      0.018     0.172 r  thz_pipeline_top_i/zynq_ultra_ps_e_0/inst/buffer_pl_clk_0.PL_CLK_0_BUFG/O
    X1Y2 (CLOCK_ROOT)    net (fo=30604, estimated)    1.275     1.447    thz_pipeline_top_i/mlkem_top_1/inst/process_phase_U0/grp_process_phase_Pipeline_VITIS_LOOP_44_1_fu_38/ap_clk
    SLICE_X6Y253         SRL16E                                       r  thz_pipeline_top_i/mlkem_top_1/inst/process_phase_U0/grp_process_phase_Pipeline_VITIS_LOOP_44_1_fu_38/a_1_reg_260_pp0_iter2_reg_reg[27]_srl2/CLK

Slack:                    inf
  Source:                 thz_pipeline_top_i/mlkem_top_0/inst/process_phase_U0/grp_process_phase_Pipeline_VITIS_LOOP_44_1_fu_38/mul_16s_13ns_29_1_1_U17/tmp_product/DSP_A_B_DATA_INST/B2_DATA[9]
                            (internal pin)
  Destination:            thz_pipeline_top_i/mlkem_top_0/inst/process_phase_U0/grp_process_phase_Pipeline_VITIS_LOOP_44_1_fu_38/a_2_reg_250_pp0_iter2_reg_reg[9]_srl2/D
                            (rising edge-triggered cell SRL16E clocked by clk_pl_0  {rise@0.000ns fall@1.666ns period=3.333ns})
  Path Group:             (none)
  Path Type:              Hold (Min at Fast Process Corner)
  Data Path Delay:        0.316ns  (logic 0.250ns (79.114%)  route 0.066ns (20.886%))
  Logic Levels:           5  (DSP_ALU=1 DSP_M_DATA=1 DSP_MULTIPLIER=1 DSP_OUTPUT=1 DSP_PREADD_DATA=1)
  Clock Uncertainty:      0.100ns  ((TSJ^2 + DJ^2)^1/2) / 2 + PE
    Total System Jitter     (TSJ):    0.050ns
    Discrete Jitter          (DJ):    0.195ns
    Phase Error              (PE):    0.000ns
  Clock Net Delay (Destination): 1.167ns (routing 0.380ns, distribution 0.787ns)

    Location             Delay type                Incr(ns)  Path(ns)    Netlist Resource(s)
  -------------------------------------------------------------------    -------------------
    DSP48E2_X5Y97        DSP_A_B_DATA                 0.000     0.000 r  thz_pipeline_top_i/mlkem_top_0/inst/process_phase_U0/grp_process_phase_Pipeline_VITIS_LOOP_44_1_fu_38/mul_16s_13ns_29_1_1_U17/tmp_product/DSP_A_B_DATA_INST/B2_DATA[9]
                         net (fo=1, routed)           0.000     0.000    thz_pipeline_top_i/mlkem_top_0/inst/process_phase_U0/grp_process_phase_Pipeline_VITIS_LOOP_44_1_fu_38/mul_16s_13ns_29_1_1_U17/tmp_product/DSP_A_B_DATA.B2_DATA<9>
    DSP48E2_X5Y97        DSP_PREADD_DATA (Prop_DSP_PREADD_DATA_DSP48E2_B2_DATA[9]_B2B1[9])
                                                      0.020     0.020 r  thz_pipeline_top_i/mlkem_top_0/inst/process_phase_U0/grp_process_phase_Pipeline_VITIS_LOOP_44_1_fu_38/mul_16s_13ns_29_1_1_U17/tmp_product/DSP_PREADD_DATA_INST/B2B1[9]
                         net (fo=1, routed)           0.000     0.020    thz_pipeline_top_i/mlkem_top_0/inst/process_phase_U0/grp_process_phase_Pipeline_VITIS_LOOP_44_1_fu_38/mul_16s_13ns_29_1_1_U17/tmp_product/DSP_PREADD_DATA.B2B1<9>
    DSP48E2_X5Y97        DSP_MULTIPLIER (Prop_DSP_MULTIPLIER_DSP48E2_B2B1[9]_U[9])
                                                      0.075     0.095 f  thz_pipeline_top_i/mlkem_top_0/inst/process_phase_U0/grp_process_phase_Pipeline_VITIS_LOOP_44_1_fu_38/mul_16s_13ns_29_1_1_U17/tmp_product/DSP_MULTIPLIER_INST/U[9]
                         net (fo=1, routed)           0.000     0.095    thz_pipeline_top_i/mlkem_top_0/inst/process_phase_U0/grp_process_phase_Pipeline_VITIS_LOOP_44_1_fu_38/mul_16s_13ns_29_1_1_U17/tmp_product/DSP_MULTIPLIER.U<9>
    DSP48E2_X5Y97        DSP_M_DATA (Prop_DSP_M_DATA_DSP48E2_U[9]_U_DATA[9])
                                                      0.012     0.107 r  thz_pipeline_top_i/mlkem_top_0/inst/process_phase_U0/grp_process_phase_Pipeline_VITIS_LOOP_44_1_fu_38/mul_16s_13ns_29_1_1_U17/tmp_product/DSP_M_DATA_INST/U_DATA[9]
                         net (fo=1, routed)           0.000     0.107    thz_pipeline_top_i/mlkem_top_0/inst/process_phase_U0/grp_process_phase_Pipeline_VITIS_LOOP_44_1_fu_38/mul_16s_13ns_29_1_1_U17/tmp_product/DSP_M_DATA.U_DATA<9>
    DSP48E2_X5Y97        DSP_ALU (Prop_DSP_ALU_DSP48E2_U_DATA[9]_ALU_OUT[9])
                                                      0.113     0.220 f  thz_pipeline_top_i/mlkem_top_0/inst/process_phase_U0/grp_process_phase_Pipeline_VITIS_LOOP_44_1_fu_38/mul_16s_13ns_29_1_1_U17/tmp_product/DSP_ALU_INST/ALU_OUT[9]
                         net (fo=1, routed)           0.000     0.220    thz_pipeline_top_i/mlkem_top_0/inst/process_phase_U0/grp_process_phase_Pipeline_VITIS_LOOP_44_1_fu_38/mul_16s_13ns_29_1_1_U17/tmp_product/DSP_ALU.ALU_OUT<9>
    DSP48E2_X5Y97        DSP_OUTPUT (Prop_DSP_OUTPUT_DSP48E2_ALU_OUT[9]_P[9])
                                                      0.030     0.250 r  thz_pipeline_top_i/mlkem_top_0/inst/process_phase_U0/grp_process_phase_Pipeline_VITIS_LOOP_44_1_fu_38/mul_16s_13ns_29_1_1_U17/tmp_product/DSP_OUTPUT_INST/P[9]
                         net (fo=2, estimated)        0.066     0.316    thz_pipeline_top_i/mlkem_top_0/inst/process_phase_U0/grp_process_phase_Pipeline_VITIS_LOOP_44_1_fu_38/mul_16s_13ns_29_1_1_U17_n_532
    SLICE_X56Y241        SRL16E                                       r  thz_pipeline_top_i/mlkem_top_0/inst/process_phase_U0/grp_process_phase_Pipeline_VITIS_LOOP_44_1_fu_38/a_2_reg_250_pp0_iter2_reg_reg[9]_srl2/D
  -------------------------------------------------------------------    -------------------

                         (clock clk_pl_0 rise edge)
                                                      0.000     0.000 r  
    PS8_X0Y0             PS8                          0.000     0.000 r  thz_pipeline_top_i/zynq_ultra_ps_e_0/inst/PS8_i/PLCLK[0]
                         net (fo=1, estimated)        0.154     0.154    thz_pipeline_top_i/zynq_ultra_ps_e_0/inst/pl_clk_unbuffered[0]
    BUFG_PS_X0Y80        BUFG_PS (Prop_BUFG_PS_I_O)
                                                      0.018     0.172 r  thz_pipeline_top_i/zynq_ultra_ps_e_0/inst/buffer_pl_clk_0.PL_CLK_0_BUFG/O
    X1Y2 (CLOCK_ROOT)    net (fo=30604, estimated)    1.167     1.339    thz_pipeline_top_i/mlkem_top_0/inst/process_phase_U0/grp_process_phase_Pipeline_VITIS_LOOP_44_1_fu_38/ap_clk
    SLICE_X56Y241        SRL16E                                       r  thz_pipeline_top_i/mlkem_top_0/inst/process_phase_U0/grp_process_phase_Pipeline_VITIS_LOOP_44_1_fu_38/a_2_reg_250_pp0_iter2_reg_reg[9]_srl2/CLK

Slack:                    inf
  Source:                 thz_pipeline_top_i/mlkem_top_0/inst/process_phase_U0/grp_process_phase_Pipeline_VITIS_LOOP_44_1_fu_38/mul_16s_13ns_29_1_1_U17/tmp_product/DSP_A_B_DATA_INST/B2_DATA[9]
                            (internal pin)
  Destination:            thz_pipeline_top_i/mlkem_top_0/inst/process_phase_U0/grp_process_phase_Pipeline_VITIS_LOOP_44_1_fu_38/a_2_reg_250_pp0_iter2_reg_reg[10]_srl2/D
                            (rising edge-triggered cell SRL16E clocked by clk_pl_0  {rise@0.000ns fall@1.666ns period=3.333ns})
  Path Group:             (none)
  Path Type:              Hold (Min at Fast Process Corner)
  Data Path Delay:        0.317ns  (logic 0.250ns (78.864%)  route 0.067ns (21.136%))
  Logic Levels:           5  (DSP_ALU=1 DSP_M_DATA=1 DSP_MULTIPLIER=1 DSP_OUTPUT=1 DSP_PREADD_DATA=1)
  Clock Uncertainty:      0.100ns  ((TSJ^2 + DJ^2)^1/2) / 2 + PE
    Total System Jitter     (TSJ):    0.050ns
    Discrete Jitter          (DJ):    0.195ns
    Phase Error              (PE):    0.000ns
  Clock Net Delay (Destination): 1.167ns (routing 0.380ns, distribution 0.787ns)

    Location             Delay type                Incr(ns)  Path(ns)    Netlist Resource(s)
  -------------------------------------------------------------------    -------------------
    DSP48E2_X5Y97        DSP_A_B_DATA                 0.000     0.000 r  thz_pipeline_top_i/mlkem_top_0/inst/process_phase_U0/grp_process_phase_Pipeline_VITIS_LOOP_44_1_fu_38/mul_16s_13ns_29_1_1_U17/tmp_product/DSP_A_B_DATA_INST/B2_DATA[9]
                         net (fo=1, routed)           0.000     0.000    thz_pipeline_top_i/mlkem_top_0/inst/process_phase_U0/grp_process_phase_Pipeline_VITIS_LOOP_44_1_fu_38/mul_16s_13ns_29_1_1_U17/tmp_product/DSP_A_B_DATA.B2_DATA<9>
    DSP48E2_X5Y97        DSP_PREADD_DATA (Prop_DSP_PREADD_DATA_DSP48E2_B2_DATA[9]_B2B1[9])
                                                      0.020     0.020 r  thz_pipeline_top_i/mlkem_top_0/inst/process_phase_U0/grp_process_phase_Pipeline_VITIS_LOOP_44_1_fu_38/mul_16s_13ns_29_1_1_U17/tmp_product/DSP_PREADD_DATA_INST/B2B1[9]
                         net (fo=1, routed)           0.000     0.020    thz_pipeline_top_i/mlkem_top_0/inst/process_phase_U0/grp_process_phase_Pipeline_VITIS_LOOP_44_1_fu_38/mul_16s_13ns_29_1_1_U17/tmp_product/DSP_PREADD_DATA.B2B1<9>
    DSP48E2_X5Y97        DSP_MULTIPLIER (Prop_DSP_MULTIPLIER_DSP48E2_B2B1[9]_U[10])
                                                      0.075     0.095 f  thz_pipeline_top_i/mlkem_top_0/inst/process_phase_U0/grp_process_phase_Pipeline_VITIS_LOOP_44_1_fu_38/mul_16s_13ns_29_1_1_U17/tmp_product/DSP_MULTIPLIER_INST/U[10]
                         net (fo=1, routed)           0.000     0.095    thz_pipeline_top_i/mlkem_top_0/inst/process_phase_U0/grp_process_phase_Pipeline_VITIS_LOOP_44_1_fu_38/mul_16s_13ns_29_1_1_U17/tmp_product/DSP_MULTIPLIER.U<10>
    DSP48E2_X5Y97        DSP_M_DATA (Prop_DSP_M_DATA_DSP48E2_U[10]_U_DATA[10])
                                                      0.012     0.107 r  thz_pipeline_top_i/mlkem_top_0/inst/process_phase_U0/grp_process_phase_Pipeline_VITIS_LOOP_44_1_fu_38/mul_16s_13ns_29_1_1_U17/tmp_product/DSP_M_DATA_INST/U_DATA[10]
                         net (fo=1, routed)           0.000     0.107    thz_pipeline_top_i/mlkem_top_0/inst/process_phase_U0/grp_process_phase_Pipeline_VITIS_LOOP_44_1_fu_38/mul_16s_13ns_29_1_1_U17/tmp_product/DSP_M_DATA.U_DATA<10>
    DSP48E2_X5Y97        DSP_ALU (Prop_DSP_ALU_DSP48E2_U_DATA[10]_ALU_OUT[10])
                                                      0.113     0.220 f  thz_pipeline_top_i/mlkem_top_0/inst/process_phase_U0/grp_process_phase_Pipeline_VITIS_LOOP_44_1_fu_38/mul_16s_13ns_29_1_1_U17/tmp_product/DSP_ALU_INST/ALU_OUT[10]
                         net (fo=1, routed)           0.000     0.220    thz_pipeline_top_i/mlkem_top_0/inst/process_phase_U0/grp_process_phase_Pipeline_VITIS_LOOP_44_1_fu_38/mul_16s_13ns_29_1_1_U17/tmp_product/DSP_ALU.ALU_OUT<10>
    DSP48E2_X5Y97        DSP_OUTPUT (Prop_DSP_OUTPUT_DSP48E2_ALU_OUT[10]_P[10])
                                                      0.030     0.250 r  thz_pipeline_top_i/mlkem_top_0/inst/process_phase_U0/grp_process_phase_Pipeline_VITIS_LOOP_44_1_fu_38/mul_16s_13ns_29_1_1_U17/tmp_product/DSP_OUTPUT_INST/P[10]
                         net (fo=2, estimated)        0.067     0.317    thz_pipeline_top_i/mlkem_top_0/inst/process_phase_U0/grp_process_phase_Pipeline_VITIS_LOOP_44_1_fu_38/mul_16s_13ns_29_1_1_U17_n_531
    SLICE_X56Y241        SRL16E                                       r  thz_pipeline_top_i/mlkem_top_0/inst/process_phase_U0/grp_process_phase_Pipeline_VITIS_LOOP_44_1_fu_38/a_2_reg_250_pp0_iter2_reg_reg[10]_srl2/D
  -------------------------------------------------------------------    -------------------

                         (clock clk_pl_0 rise edge)
                                                      0.000     0.000 r  
    PS8_X0Y0             PS8                          0.000     0.000 r  thz_pipeline_top_i/zynq_ultra_ps_e_0/inst/PS8_i/PLCLK[0]
                         net (fo=1, estimated)        0.154     0.154    thz_pipeline_top_i/zynq_ultra_ps_e_0/inst/pl_clk_unbuffered[0]
    BUFG_PS_X0Y80        BUFG_PS (Prop_BUFG_PS_I_O)
                                                      0.018     0.172 r  thz_pipeline_top_i/zynq_ultra_ps_e_0/inst/buffer_pl_clk_0.PL_CLK_0_BUFG/O
    X1Y2 (CLOCK_ROOT)    net (fo=30604, estimated)    1.167     1.339    thz_pipeline_top_i/mlkem_top_0/inst/process_phase_U0/grp_process_phase_Pipeline_VITIS_LOOP_44_1_fu_38/ap_clk
    SLICE_X56Y241        SRL16E                                       r  thz_pipeline_top_i/mlkem_top_0/inst/process_phase_U0/grp_process_phase_Pipeline_VITIS_LOOP_44_1_fu_38/a_2_reg_250_pp0_iter2_reg_reg[10]_srl2/CLK

Slack:                    inf
  Source:                 thz_pipeline_top_i/mlkem_top_0/inst/process_phase_U0/grp_process_phase_Pipeline_VITIS_LOOP_44_1_fu_38/mul_16s_13ns_29_1_1_U17/tmp_product/DSP_A_B_DATA_INST/B2_DATA[11]
                            (internal pin)
  Destination:            thz_pipeline_top_i/mlkem_top_0/inst/process_phase_U0/grp_process_phase_Pipeline_VITIS_LOOP_44_1_fu_38/a_2_reg_250_pp0_iter2_reg_reg[11]_srl2/D
                            (rising edge-triggered cell SRL16E clocked by clk_pl_0  {rise@0.000ns fall@1.666ns period=3.333ns})
  Path Group:             (none)
  Path Type:              Hold (Min at Fast Process Corner)
  Data Path Delay:        0.317ns  (logic 0.250ns (78.864%)  route 0.067ns (21.136%))
  Logic Levels:           5  (DSP_ALU=1 DSP_M_DATA=1 DSP_MULTIPLIER=1 DSP_OUTPUT=1 DSP_PREADD_DATA=1)
  Clock Uncertainty:      0.100ns  ((TSJ^2 + DJ^2)^1/2) / 2 + PE
    Total System Jitter     (TSJ):    0.050ns
    Discrete Jitter          (DJ):    0.195ns
    Phase Error              (PE):    0.000ns
  Clock Net Delay (Destination): 1.167ns (routing 0.380ns, distribution 0.787ns)

    Location             Delay type                Incr(ns)  Path(ns)    Netlist Resource(s)
  -------------------------------------------------------------------    -------------------
    DSP48E2_X5Y97        DSP_A_B_DATA                 0.000     0.000 r  thz_pipeline_top_i/mlkem_top_0/inst/process_phase_U0/grp_process_phase_Pipeline_VITIS_LOOP_44_1_fu_38/mul_16s_13ns_29_1_1_U17/tmp_product/DSP_A_B_DATA_INST/B2_DATA[11]
                         net (fo=1, routed)           0.000     0.000    thz_pipeline_top_i/mlkem_top_0/inst/process_phase_U0/grp_process_phase_Pipeline_VITIS_LOOP_44_1_fu_38/mul_16s_13ns_29_1_1_U17/tmp_product/DSP_A_B_DATA.B2_DATA<11>
    DSP48E2_X5Y97        DSP_PREADD_DATA (Prop_DSP_PREADD_DATA_DSP48E2_B2_DATA[11]_B2B1[11])
                                                      0.020     0.020 r  thz_pipeline_top_i/mlkem_top_0/inst/process_phase_U0/grp_process_phase_Pipeline_VITIS_LOOP_44_1_fu_38/mul_16s_13ns_29_1_1_U17/tmp_product/DSP_PREADD_DATA_INST/B2B1[11]
                         net (fo=1, routed)           0.000     0.020    thz_pipeline_top_i/mlkem_top_0/inst/process_phase_U0/grp_process_phase_Pipeline_VITIS_LOOP_44_1_fu_38/mul_16s_13ns_29_1_1_U17/tmp_product/DSP_PREADD_DATA.B2B1<11>
    DSP48E2_X5Y97        DSP_MULTIPLIER (Prop_DSP_MULTIPLIER_DSP48E2_B2B1[11]_U[11])
                                                      0.075     0.095 f  thz_pipeline_top_i/mlkem_top_0/inst/process_phase_U0/grp_process_phase_Pipeline_VITIS_LOOP_44_1_fu_38/mul_16s_13ns_29_1_1_U17/tmp_product/DSP_MULTIPLIER_INST/U[11]
                         net (fo=1, routed)           0.000     0.095    thz_pipeline_top_i/mlkem_top_0/inst/process_phase_U0/grp_process_phase_Pipeline_VITIS_LOOP_44_1_fu_38/mul_16s_13ns_29_1_1_U17/tmp_product/DSP_MULTIPLIER.U<11>
    DSP48E2_X5Y97        DSP_M_DATA (Prop_DSP_M_DATA_DSP48E2_U[11]_U_DATA[11])
                                                      0.012     0.107 r  thz_pipeline_top_i/mlkem_top_0/inst/process_phase_U0/grp_process_phase_Pipeline_VITIS_LOOP_44_1_fu_38/mul_16s_13ns_29_1_1_U17/tmp_product/DSP_M_DATA_INST/U_DATA[11]
                         net (fo=1, routed)           0.000     0.107    thz_pipeline_top_i/mlkem_top_0/inst/process_phase_U0/grp_process_phase_Pipeline_VITIS_LOOP_44_1_fu_38/mul_16s_13ns_29_1_1_U17/tmp_product/DSP_M_DATA.U_DATA<11>
    DSP48E2_X5Y97        DSP_ALU (Prop_DSP_ALU_DSP48E2_U_DATA[11]_ALU_OUT[11])
                                                      0.113     0.220 f  thz_pipeline_top_i/mlkem_top_0/inst/process_phase_U0/grp_process_phase_Pipeline_VITIS_LOOP_44_1_fu_38/mul_16s_13ns_29_1_1_U17/tmp_product/DSP_ALU_INST/ALU_OUT[11]
                         net (fo=1, routed)           0.000     0.220    thz_pipeline_top_i/mlkem_top_0/inst/process_phase_U0/grp_process_phase_Pipeline_VITIS_LOOP_44_1_fu_38/mul_16s_13ns_29_1_1_U17/tmp_product/DSP_ALU.ALU_OUT<11>
    DSP48E2_X5Y97        DSP_OUTPUT (Prop_DSP_OUTPUT_DSP48E2_ALU_OUT[11]_P[11])
                                                      0.030     0.250 r  thz_pipeline_top_i/mlkem_top_0/inst/process_phase_U0/grp_process_phase_Pipeline_VITIS_LOOP_44_1_fu_38/mul_16s_13ns_29_1_1_U17/tmp_product/DSP_OUTPUT_INST/P[11]
                         net (fo=2, estimated)        0.067     0.317    thz_pipeline_top_i/mlkem_top_0/inst/process_phase_U0/grp_process_phase_Pipeline_VITIS_LOOP_44_1_fu_38/mul_16s_13ns_29_1_1_U17_n_530
    SLICE_X56Y241        SRL16E                                       r  thz_pipeline_top_i/mlkem_top_0/inst/process_phase_U0/grp_process_phase_Pipeline_VITIS_LOOP_44_1_fu_38/a_2_reg_250_pp0_iter2_reg_reg[11]_srl2/D
  -------------------------------------------------------------------    -------------------

                         (clock clk_pl_0 rise edge)
                                                      0.000     0.000 r  
    PS8_X0Y0             PS8                          0.000     0.000 r  thz_pipeline_top_i/zynq_ultra_ps_e_0/inst/PS8_i/PLCLK[0]
                         net (fo=1, estimated)        0.154     0.154    thz_pipeline_top_i/zynq_ultra_ps_e_0/inst/pl_clk_unbuffered[0]
    BUFG_PS_X0Y80        BUFG_PS (Prop_BUFG_PS_I_O)
                                                      0.018     0.172 r  thz_pipeline_top_i/zynq_ultra_ps_e_0/inst/buffer_pl_clk_0.PL_CLK_0_BUFG/O
    X1Y2 (CLOCK_ROOT)    net (fo=30604, estimated)    1.167     1.339    thz_pipeline_top_i/mlkem_top_0/inst/process_phase_U0/grp_process_phase_Pipeline_VITIS_LOOP_44_1_fu_38/ap_clk
    SLICE_X56Y241        SRL16E                                       r  thz_pipeline_top_i/mlkem_top_0/inst/process_phase_U0/grp_process_phase_Pipeline_VITIS_LOOP_44_1_fu_38/a_2_reg_250_pp0_iter2_reg_reg[11]_srl2/CLK

Slack:                    inf
  Source:                 thz_pipeline_top_i/mlkem_top_0/inst/process_phase_U0/grp_process_phase_Pipeline_VITIS_LOOP_44_1_fu_38/mul_16s_12ns_28_1_1_U18/tmp_product/DSP_A_B_DATA_INST/B2_DATA[17]
                            (internal pin)
  Destination:            thz_pipeline_top_i/mlkem_top_0/inst/process_phase_U0/grp_process_phase_Pipeline_VITIS_LOOP_44_1_fu_38/a_1_reg_260_pp0_iter2_reg_reg[22]_srl2/D
                            (rising edge-triggered cell SRL16E clocked by clk_pl_0  {rise@0.000ns fall@1.666ns period=3.333ns})
  Path Group:             (none)
  Path Type:              Hold (Min at Fast Process Corner)
  Data Path Delay:        0.318ns  (logic 0.250ns (78.616%)  route 0.068ns (21.384%))
  Logic Levels:           5  (DSP_ALU=1 DSP_M_DATA=1 DSP_MULTIPLIER=1 DSP_OUTPUT=1 DSP_PREADD_DATA=1)
  Clock Uncertainty:      0.100ns  ((TSJ^2 + DJ^2)^1/2) / 2 + PE
    Total System Jitter     (TSJ):    0.050ns
    Discrete Jitter          (DJ):    0.195ns
    Phase Error              (PE):    0.000ns
  Clock Net Delay (Destination): 1.161ns (routing 0.380ns, distribution 0.781ns)

    Location             Delay type                Incr(ns)  Path(ns)    Netlist Resource(s)
  -------------------------------------------------------------------    -------------------
    DSP48E2_X4Y97        DSP_A_B_DATA                 0.000     0.000 r  thz_pipeline_top_i/mlkem_top_0/inst/process_phase_U0/grp_process_phase_Pipeline_VITIS_LOOP_44_1_fu_38/mul_16s_12ns_28_1_1_U18/tmp_product/DSP_A_B_DATA_INST/B2_DATA[17]
                         net (fo=1, routed)           0.000     0.000    thz_pipeline_top_i/mlkem_top_0/inst/process_phase_U0/grp_process_phase_Pipeline_VITIS_LOOP_44_1_fu_38/mul_16s_12ns_28_1_1_U18/tmp_product/DSP_A_B_DATA.B2_DATA<17>
    DSP48E2_X4Y97        DSP_PREADD_DATA (Prop_DSP_PREADD_DATA_DSP48E2_B2_DATA[17]_B2B1[17])
                                                      0.020     0.020 r  thz_pipeline_top_i/mlkem_top_0/inst/process_phase_U0/grp_process_phase_Pipeline_VITIS_LOOP_44_1_fu_38/mul_16s_12ns_28_1_1_U18/tmp_product/DSP_PREADD_DATA_INST/B2B1[17]
                         net (fo=1, routed)           0.000     0.020    thz_pipeline_top_i/mlkem_top_0/inst/process_phase_U0/grp_process_phase_Pipeline_VITIS_LOOP_44_1_fu_38/mul_16s_12ns_28_1_1_U18/tmp_product/DSP_PREADD_DATA.B2B1<17>
    DSP48E2_X4Y97        DSP_MULTIPLIER (Prop_DSP_MULTIPLIER_DSP48E2_B2B1[17]_U[22])
                                                      0.075     0.095 f  thz_pipeline_top_i/mlkem_top_0/inst/process_phase_U0/grp_process_phase_Pipeline_VITIS_LOOP_44_1_fu_38/mul_16s_12ns_28_1_1_U18/tmp_product/DSP_MULTIPLIER_INST/U[22]
                         net (fo=1, routed)           0.000     0.095    thz_pipeline_top_i/mlkem_top_0/inst/process_phase_U0/grp_process_phase_Pipeline_VITIS_LOOP_44_1_fu_38/mul_16s_12ns_28_1_1_U18/tmp_product/DSP_MULTIPLIER.U<22>
    DSP48E2_X4Y97        DSP_M_DATA (Prop_DSP_M_DATA_DSP48E2_U[22]_U_DATA[22])
                                                      0.012     0.107 r  thz_pipeline_top_i/mlkem_top_0/inst/process_phase_U0/grp_process_phase_Pipeline_VITIS_LOOP_44_1_fu_38/mul_16s_12ns_28_1_1_U18/tmp_product/DSP_M_DATA_INST/U_DATA[22]
                         net (fo=1, routed)           0.000     0.107    thz_pipeline_top_i/mlkem_top_0/inst/process_phase_U0/grp_process_phase_Pipeline_VITIS_LOOP_44_1_fu_38/mul_16s_12ns_28_1_1_U18/tmp_product/DSP_M_DATA.U_DATA<22>
    DSP48E2_X4Y97        DSP_ALU (Prop_DSP_ALU_DSP48E2_U_DATA[22]_ALU_OUT[22])
                                                      0.113     0.220 f  thz_pipeline_top_i/mlkem_top_0/inst/process_phase_U0/grp_process_phase_Pipeline_VITIS_LOOP_44_1_fu_38/mul_16s_12ns_28_1_1_U18/tmp_product/DSP_ALU_INST/ALU_OUT[22]
                         net (fo=1, routed)           0.000     0.220    thz_pipeline_top_i/mlkem_top_0/inst/process_phase_U0/grp_process_phase_Pipeline_VITIS_LOOP_44_1_fu_38/mul_16s_12ns_28_1_1_U18/tmp_product/DSP_ALU.ALU_OUT<22>
    DSP48E2_X4Y97        DSP_OUTPUT (Prop_DSP_OUTPUT_DSP48E2_ALU_OUT[22]_P[22])
                                                      0.030     0.250 r  thz_pipeline_top_i/mlkem_top_0/inst/process_phase_U0/grp_process_phase_Pipeline_VITIS_LOOP_44_1_fu_38/mul_16s_12ns_28_1_1_U18/tmp_product/DSP_OUTPUT_INST/P[22]
                         net (fo=1, estimated)        0.068     0.318    thz_pipeline_top_i/mlkem_top_0/inst/process_phase_U0/grp_process_phase_Pipeline_VITIS_LOOP_44_1_fu_38/mul_16s_12ns_28_1_1_U18_n_518
    SLICE_X53Y242        SRL16E                                       r  thz_pipeline_top_i/mlkem_top_0/inst/process_phase_U0/grp_process_phase_Pipeline_VITIS_LOOP_44_1_fu_38/a_1_reg_260_pp0_iter2_reg_reg[22]_srl2/D
  -------------------------------------------------------------------    -------------------

                         (clock clk_pl_0 rise edge)
                                                      0.000     0.000 r  
    PS8_X0Y0             PS8                          0.000     0.000 r  thz_pipeline_top_i/zynq_ultra_ps_e_0/inst/PS8_i/PLCLK[0]
                         net (fo=1, estimated)        0.154     0.154    thz_pipeline_top_i/zynq_ultra_ps_e_0/inst/pl_clk_unbuffered[0]
    BUFG_PS_X0Y80        BUFG_PS (Prop_BUFG_PS_I_O)
                                                      0.018     0.172 r  thz_pipeline_top_i/zynq_ultra_ps_e_0/inst/buffer_pl_clk_0.PL_CLK_0_BUFG/O
    X1Y2 (CLOCK_ROOT)    net (fo=30604, estimated)    1.161     1.333    thz_pipeline_top_i/mlkem_top_0/inst/process_phase_U0/grp_process_phase_Pipeline_VITIS_LOOP_44_1_fu_38/ap_clk
    SLICE_X53Y242        SRL16E                                       r  thz_pipeline_top_i/mlkem_top_0/inst/process_phase_U0/grp_process_phase_Pipeline_VITIS_LOOP_44_1_fu_38/a_1_reg_260_pp0_iter2_reg_reg[22]_srl2/CLK





