Copyright 1986-2022 Xilinx, Inc. All Rights Reserved. Copyright 2022-2024 Advanced Micro Devices, Inc. All Rights Reserved.
-----------------------------------------------------------------------------------------------------------------------------------------------------------------------------------------------------------------------------------------------------------------
| Tool Version      : Vivado v.2024.1 (lin64) Build 5076996 Wed May 22 18:36:09 MDT 2024
| Date              : Mon Mar  2 12:40:24 2026
| Host              : localhost.localdomain running 64-bit unknown
| Command           : report_timing_summary -max_paths 10 -report_unconstrained -warn_on_violation -file post_route_phys_opt_report_timing_summary_0.rpt -pb post_route_phys_opt_report_timing_summary_0.pb -rpx post_route_phys_opt_report_timing_summary_0.rpx
| Design            : thz_pipeline_top_wrapper
| Device            : xczu7ev-ffvc1156
| Speed File        : -2  PRODUCTION 1.30 05-15-2022
| Design State      : Physopt postRoute
| Temperature Grade : E
-----------------------------------------------------------------------------------------------------------------------------------------------------------------------------------------------------------------------------------------------------------------

Timing Summary Report

------------------------------------------------------------------------------------------------
| Timer Settings
| --------------
------------------------------------------------------------------------------------------------

  Enable Multi Corner Analysis               :  Yes
  Enable Pessimism Removal                   :  Yes
  Pessimism Removal Resolution               :  Nearest Common Node
  Enable Input Delay Default Clock           :  No
  Enable Preset / Clear Arcs                 :  No
  Disable Flight Delays                      :  No
  Ignore I/O Paths                           :  No
  Timing Early Launch at Borrowing Latches   :  No
  Borrow Time for Max Delay Exceptions       :  Yes
  Merge Timing Exceptions                    :  Yes
  Inter-SLR Compensation                     :  Conservative

  Corner  Analyze    Analyze    
  Name    Max Paths  Min Paths  
  ------  ---------  ---------  
  Slow    Yes        Yes        
  Fast    Yes        Yes        


------------------------------------------------------------------------------------------------
| Report Methodology
| ------------------
------------------------------------------------------------------------------------------------

Rule     Severity  Description                                                  Violations  
-------  --------  -----------------------------------------------------------  ----------  
NTCN-11  Warning   CLOCK_DEDICATED_ROUTE net not driven by global clock buffer  1           

Note: This report is based on the most recent report_methodology run and may not be up-to-date. Run report_methodology on the current design for the latest report.



check_timing report

Table of Contents
-----------------
1. checking no_clock (0)
2. checking constant_clock (0)
3. checking pulse_width_clock (0)
4. checking unconstrained_internal_endpoints (0)
5. checking no_input_delay (0)
6. checking no_output_delay (0)
7. checking multiple_clock (0)
8. checking generated_clocks (0)
9. checking loops (0)
10. checking partial_input_delay (0)
11. checking partial_output_delay (0)
12. checking latch_loops (0)

1. checking no_clock (0)
------------------------
 There are 0 register/latch pins with no clock.


2. checking constant_clock (0)
------------------------------
 There are 0 register/latch pins with constant_clock.


3. checking pulse_width_clock (0)
---------------------------------
 There are 0 register/latch pins which need pulse_width check


4. checking unconstrained_internal_endpoints (0)
------------------------------------------------
 There are 0 pins that are not constrained for maximum delay.

 There are 0 pins that are not constrained for maximum delay due to constant clock.


5. checking no_input_delay (0)
------------------------------
 There are 0 input ports with no input delay specified.

 There are 0 input ports with no input delay but user has a false path constraint.


6. checking no_output_delay (0)
-------------------------------
 There are 0 ports with no output delay specified.

 There are 0 ports with no output delay but user has a false path constraint

 There are 0 ports with no output delay but with a timing clock defined on it or propagating through it


7. checking multiple_clock (0)
------------------------------
 There are 0 register/latch pins with multiple clocks.


8. checking generated_clocks (0)
--------------------------------
 There are 0 generated clocks that are not connected to a clock source.


9. checking loops (0)
---------------------
 There are 0 combinational loops in the design.


10. checking partial_input_delay (0)
------------------------------------
 There are 0 input ports with partial input delay specified.


11. checking partial_output_delay (0)
-------------------------------------
 There are 0 ports with partial output delay specified.


12. checking latch_loops (0)
----------------------------
 There are 0 combinational latch loops in the design through latch input



------------------------------------------------------------------------------------------------
| Design Timing Summary
| ---------------------
------------------------------------------------------------------------------------------------

    WNS(ns)      TNS(ns)  TNS Failing Endpoints  TNS Total Endpoints      WHS(ns)      THS(ns)  THS Failing Endpoints  THS Total Endpoints     WPWS(ns)     TPWS(ns)  TPWS Failing Endpoints  TPWS Total Endpoints  
    -------      -------  ---------------------  -------------------      -------      -------  ---------------------  -------------------     --------     --------  ----------------------  --------------------  
      0.302        0.000                      0                88950        0.010        0.000                      0                88950        0.166        0.000                       0                 30245  


All user specified timing constraints are met.


------------------------------------------------------------------------------------------------
| Clock Summary
| -------------
------------------------------------------------------------------------------------------------

Clock     Waveform(ns)         Period(ns)      Frequency(MHz)
-----     ------------         ----------      --------------
clk_pl_0  {0.000 1.666}        3.333           300.030         


------------------------------------------------------------------------------------------------
| Intra Clock Table
| -----------------
------------------------------------------------------------------------------------------------

Clock             WNS(ns)      TNS(ns)  TNS Failing Endpoints  TNS Total Endpoints      WHS(ns)      THS(ns)  THS Failing Endpoints  THS Total Endpoints     WPWS(ns)     TPWS(ns)  TPWS Failing Endpoints  TPWS Total Endpoints  
-----             -------      -------  ---------------------  -------------------      -------      -------  ---------------------  -------------------     --------     --------  ----------------------  --------------------  
clk_pl_0            0.302        0.000                      0                88950        0.010        0.000                      0                88950        0.166        0.000                       0                 30245  


------------------------------------------------------------------------------------------------
| Inter Clock Table
| -----------------
------------------------------------------------------------------------------------------------

From Clock    To Clock          WNS(ns)      TNS(ns)  TNS Failing Endpoints  TNS Total Endpoints      WHS(ns)      THS(ns)  THS Failing Endpoints  THS Total Endpoints  
----------    --------          -------      -------  ---------------------  -------------------      -------      -------  ---------------------  -------------------  


------------------------------------------------------------------------------------------------
| Other Path Groups Table
| -----------------------
------------------------------------------------------------------------------------------------

Path Group    From Clock    To Clock          WNS(ns)      TNS(ns)  TNS Failing Endpoints  TNS Total Endpoints      WHS(ns)      THS(ns)  THS Failing Endpoints  THS Total Endpoints  
----------    ----------    --------          -------      -------  ---------------------  -------------------      -------      -------  ---------------------  -------------------  


------------------------------------------------------------------------------------------------
| User Ignored Path Table
| -----------------------
------------------------------------------------------------------------------------------------

Path Group    From Clock    To Clock    
----------    ----------    --------    
(none)                      clk_pl_0      
(none)        clk_pl_0      clk_pl_0      


------------------------------------------------------------------------------------------------
| Unconstrained Path Table
| ------------------------
------------------------------------------------------------------------------------------------

Path Group    From Clock    To Clock    
----------    ----------    --------    
(none)                      clk_pl_0      


------------------------------------------------------------------------------------------------
| Timing Details
| --------------
------------------------------------------------------------------------------------------------


---------------------------------------------------------------------------------------------------
From Clock:  clk_pl_0
  To Clock:  clk_pl_0

Setup :            0  Failing Endpoints,  Worst Slack        0.302ns,  Total Violation        0.000ns
Hold  :            0  Failing Endpoints,  Worst Slack        0.010ns,  Total Violation        0.000ns
PW    :            0  Failing Endpoints,  Worst Slack        0.166ns,  Total Violation        0.000ns
---------------------------------------------------------------------------------------------------


Max Delay Paths
--------------------------------------------------------------------------------------
Slack (MET) :             0.302ns  (required time - arrival time)
  Source:                 thz_pipeline_top_i/rst_ps8_0_266M/U0/ACTIVE_LOW_PR_OUT_DFF[0].FDRE_PER_N/C
                            (rising edge-triggered cell FDRE clocked by clk_pl_0  {rise@0.000ns fall@1.666ns period=3.333ns})
  Destination:            thz_pipeline_top_i/mlkem_top_1/inst/process_phase_U0/ap_CS_fsm_reg[0]/S
                            (rising edge-triggered cell FDSE clocked by clk_pl_0  {rise@0.000ns fall@1.666ns period=3.333ns})
  Path Group:             clk_pl_0
  Path Type:              Setup (Max at Slow Process Corner)
  Requirement:            3.333ns  (clk_pl_0 rise@3.333ns - clk_pl_0 rise@0.000ns)
  Data Path Delay:        2.644ns  (logic 0.079ns (2.988%)  route 2.565ns (97.012%))
  Logic Levels:           0  
  Clock Path Skew:        -0.209ns (DCD - SCD + CPR)
    Destination Clock Delay (DCD):    1.726ns = ( 5.059 - 3.333 ) 
    Source Clock Delay      (SCD):    2.032ns
    Clock Pessimism Removal (CPR):    0.097ns
  Clock Uncertainty:      0.104ns  ((TSJ^2 + DJ^2)^1/2) / 2 + PE
    Total System Jitter     (TSJ):    0.071ns
    Discrete Jitter          (DJ):    0.195ns
    Phase Error              (PE):    0.000ns
  Clock Net Delay (Source):      1.824ns (routing 0.569ns, distribution 1.255ns)
  Clock Net Delay (Destination): 1.558ns (routing 0.512ns, distribution 1.046ns)

    Location             Delay type                Incr(ns)  Path(ns)    Netlist Resource(s)
  -------------------------------------------------------------------    -------------------
                         (clock clk_pl_0 rise edge)
                                                      0.000     0.000 r  
    PS8_X0Y0             PS8                          0.000     0.000 r  thz_pipeline_top_i/zynq_ultra_ps_e_0/inst/PS8_i/PLCLK[0]
                         net (fo=1, routed)           0.180     0.180    thz_pipeline_top_i/zynq_ultra_ps_e_0/inst/pl_clk_unbuffered[0]
    BUFG_PS_X0Y80        BUFG_PS (Prop_BUFG_PS_I_O)
                                                      0.028     0.208 r  thz_pipeline_top_i/zynq_ultra_ps_e_0/inst/buffer_pl_clk_0.PL_CLK_0_BUFG/O
    X1Y2 (CLOCK_ROOT)    net (fo=30604, routed)       1.824     2.032    thz_pipeline_top_i/rst_ps8_0_266M/U0/slowest_sync_clk
    SLICE_X65Y109        FDRE                                         r  thz_pipeline_top_i/rst_ps8_0_266M/U0/ACTIVE_LOW_PR_OUT_DFF[0].FDRE_PER_N/C
  -------------------------------------------------------------------    -------------------
    SLICE_X65Y109        FDRE (Prop_EFF_SLICEL_C_Q)
                                                      0.079     2.111 f  thz_pipeline_top_i/rst_ps8_0_266M/U0/ACTIVE_LOW_PR_OUT_DFF[0].FDRE_PER_N/Q
                         net (fo=965, routed)         2.565     4.676    thz_pipeline_top_i/mlkem_top_1/inst/process_phase_U0/SR[0]
    SLICE_X52Y212        FDSE                                         r  thz_pipeline_top_i/mlkem_top_1/inst/process_phase_U0/ap_CS_fsm_reg[0]/S  (IS_INVERTED)
  -------------------------------------------------------------------    -------------------

                         (clock clk_pl_0 rise edge)
                                                      3.333     3.333 r  
    PS8_X0Y0             PS8                          0.000     3.333 r  thz_pipeline_top_i/zynq_ultra_ps_e_0/inst/PS8_i/PLCLK[0]
                         net (fo=1, routed)           0.143     3.476    thz_pipeline_top_i/zynq_ultra_ps_e_0/inst/pl_clk_unbuffered[0]
    BUFG_PS_X0Y80        BUFG_PS (Prop_BUFG_PS_I_O)
                                                      0.025     3.501 r  thz_pipeline_top_i/zynq_ultra_ps_e_0/inst/buffer_pl_clk_0.PL_CLK_0_BUFG/O
    X1Y2 (CLOCK_ROOT)    net (fo=30604, routed)       1.558     5.059    thz_pipeline_top_i/mlkem_top_1/inst/process_phase_U0/ap_clk
    SLICE_X52Y212        FDSE                                         r  thz_pipeline_top_i/mlkem_top_1/inst/process_phase_U0/ap_CS_fsm_reg[0]/C
                         clock pessimism              0.097     5.156    
                         clock uncertainty           -0.104     5.052    
    SLICE_X52Y212        FDSE (Setup_DFF_SLICEL_C_S)
                                                     -0.074     4.978    thz_pipeline_top_i/mlkem_top_1/inst/process_phase_U0/ap_CS_fsm_reg[0]
  -------------------------------------------------------------------
                         required time                          4.978    
                         arrival time                          -4.676    
  -------------------------------------------------------------------
                         slack                                  0.302    

Slack (MET) :             0.302ns  (required time - arrival time)
  Source:                 thz_pipeline_top_i/rst_ps8_0_266M/U0/ACTIVE_LOW_PR_OUT_DFF[0].FDRE_PER_N/C
                            (rising edge-triggered cell FDRE clocked by clk_pl_0  {rise@0.000ns fall@1.666ns period=3.333ns})
  Destination:            thz_pipeline_top_i/mlkem_top_1/inst/process_phase_U0/ap_CS_fsm_reg[2]/R
                            (rising edge-triggered cell FDRE clocked by clk_pl_0  {rise@0.000ns fall@1.666ns period=3.333ns})
  Path Group:             clk_pl_0
  Path Type:              Setup (Max at Slow Process Corner)
  Requirement:            3.333ns  (clk_pl_0 rise@3.333ns - clk_pl_0 rise@0.000ns)
  Data Path Delay:        2.644ns  (logic 0.079ns (2.988%)  route 2.565ns (97.012%))
  Logic Levels:           0  
  Clock Path Skew:        -0.209ns (DCD - SCD + CPR)
    Destination Clock Delay (DCD):    1.726ns = ( 5.059 - 3.333 ) 
    Source Clock Delay      (SCD):    2.032ns
    Clock Pessimism Removal (CPR):    0.097ns
  Clock Uncertainty:      0.104ns  ((TSJ^2 + DJ^2)^1/2) / 2 + PE
    Total System Jitter     (TSJ):    0.071ns
    Discrete Jitter          (DJ):    0.195ns
    Phase Error              (PE):    0.000ns
  Clock Net Delay (Source):      1.824ns (routing 0.569ns, distribution 1.255ns)
  Clock Net Delay (Destination): 1.558ns (routing 0.512ns, distribution 1.046ns)

    Location             Delay type                Incr(ns)  Path(ns)    Netlist Resource(s)
  -------------------------------------------------------------------    -------------------
                         (clock clk_pl_0 rise edge)
                                                      0.000     0.000 r  
    PS8_X0Y0             PS8                          0.000     0.000 r  thz_pipeline_top_i/zynq_ultra_ps_e_0/inst/PS8_i/PLCLK[0]
                         net (fo=1, routed)           0.180     0.180    thz_pipeline_top_i/zynq_ultra_ps_e_0/inst/pl_clk_unbuffered[0]
    BUFG_PS_X0Y80        BUFG_PS (Prop_BUFG_PS_I_O)
                                                      0.028     0.208 r  thz_pipeline_top_i/zynq_ultra_ps_e_0/inst/buffer_pl_clk_0.PL_CLK_0_BUFG/O
    X1Y2 (CLOCK_ROOT)    net (fo=30604, routed)       1.824     2.032    thz_pipeline_top_i/rst_ps8_0_266M/U0/slowest_sync_clk
    SLICE_X65Y109        FDRE                                         r  thz_pipeline_top_i/rst_ps8_0_266M/U0/ACTIVE_LOW_PR_OUT_DFF[0].FDRE_PER_N/C
  -------------------------------------------------------------------    -------------------
    SLICE_X65Y109        FDRE (Prop_EFF_SLICEL_C_Q)
                                                      0.079     2.111 f  thz_pipeline_top_i/rst_ps8_0_266M/U0/ACTIVE_LOW_PR_OUT_DFF[0].FDRE_PER_N/Q
                         net (fo=965, routed)         2.565     4.676    thz_pipeline_top_i/mlkem_top_1/inst/process_phase_U0/SR[0]
    SLICE_X52Y212        FDRE                                         r  thz_pipeline_top_i/mlkem_top_1/inst/process_phase_U0/ap_CS_fsm_reg[2]/R  (IS_INVERTED)
  -------------------------------------------------------------------    -------------------

                         (clock clk_pl_0 rise edge)
                                                      3.333     3.333 r  
    PS8_X0Y0             PS8                          0.000     3.333 r  thz_pipeline_top_i/zynq_ultra_ps_e_0/inst/PS8_i/PLCLK[0]
                         net (fo=1, routed)           0.143     3.476    thz_pipeline_top_i/zynq_ultra_ps_e_0/inst/pl_clk_unbuffered[0]
    BUFG_PS_X0Y80        BUFG_PS (Prop_BUFG_PS_I_O)
                                                      0.025     3.501 r  thz_pipeline_top_i/zynq_ultra_ps_e_0/inst/buffer_pl_clk_0.PL_CLK_0_BUFG/O
    X1Y2 (CLOCK_ROOT)    net (fo=30604, routed)       1.558     5.059    thz_pipeline_top_i/mlkem_top_1/inst/process_phase_U0/ap_clk
    SLICE_X52Y212        FDRE                                         r  thz_pipeline_top_i/mlkem_top_1/inst/process_phase_U0/ap_CS_fsm_reg[2]/C
                         clock pessimism              0.097     5.156    
                         clock uncertainty           -0.104     5.052    
    SLICE_X52Y212        FDRE (Setup_DFF2_SLICEL_C_R)
                                                     -0.074     4.978    thz_pipeline_top_i/mlkem_top_1/inst/process_phase_U0/ap_CS_fsm_reg[2]
  -------------------------------------------------------------------
                         required time                          4.978    
                         arrival time                          -4.676    
  -------------------------------------------------------------------
                         slack                                  0.302    

Slack (MET) :             0.302ns  (required time - arrival time)
  Source:                 thz_pipeline_top_i/rst_ps8_0_266M/U0/ACTIVE_LOW_PR_OUT_DFF[0].FDRE_PER_N/C
                            (rising edge-triggered cell FDRE clocked by clk_pl_0  {rise@0.000ns fall@1.666ns period=3.333ns})
  Destination:            thz_pipeline_top_i/snr_monitor_top_0/inst/SNR_s_axi_U/int_ap_start_reg/R
                            (rising edge-triggered cell FDRE clocked by clk_pl_0  {rise@0.000ns fall@1.666ns period=3.333ns})
  Path Group:             clk_pl_0
  Path Type:              Setup (Max at Slow Process Corner)
  Requirement:            3.333ns  (clk_pl_0 rise@3.333ns - clk_pl_0 rise@0.000ns)
  Data Path Delay:        2.644ns  (logic 0.079ns (2.988%)  route 2.565ns (97.012%))
  Logic Levels:           0  
  Clock Path Skew:        -0.209ns (DCD - SCD + CPR)
    Destination Clock Delay (DCD):    1.726ns = ( 5.059 - 3.333 ) 
    Source Clock Delay      (SCD):    2.032ns
    Clock Pessimism Removal (CPR):    0.097ns
  Clock Uncertainty:      0.104ns  ((TSJ^2 + DJ^2)^1/2) / 2 + PE
    Total System Jitter     (TSJ):    0.071ns
    Discrete Jitter          (DJ):    0.195ns
    Phase Error              (PE):    0.000ns
  Clock Net Delay (Source):      1.824ns (routing 0.569ns, distribution 1.255ns)
  Clock Net Delay (Destination): 1.558ns (routing 0.512ns, distribution 1.046ns)

    Location             Delay type                Incr(ns)  Path(ns)    Netlist Resource(s)
  -------------------------------------------------------------------    -------------------
                         (clock clk_pl_0 rise edge)
                                                      0.000     0.000 r  
    PS8_X0Y0             PS8                          0.000     0.000 r  thz_pipeline_top_i/zynq_ultra_ps_e_0/inst/PS8_i/PLCLK[0]
                         net (fo=1, routed)           0.180     0.180    thz_pipeline_top_i/zynq_ultra_ps_e_0/inst/pl_clk_unbuffered[0]
    BUFG_PS_X0Y80        BUFG_PS (Prop_BUFG_PS_I_O)
                                                      0.028     0.208 r  thz_pipeline_top_i/zynq_ultra_ps_e_0/inst/buffer_pl_clk_0.PL_CLK_0_BUFG/O
    X1Y2 (CLOCK_ROOT)    net (fo=30604, routed)       1.824     2.032    thz_pipeline_top_i/rst_ps8_0_266M/U0/slowest_sync_clk
    SLICE_X65Y109        FDRE                                         r  thz_pipeline_top_i/rst_ps8_0_266M/U0/ACTIVE_LOW_PR_OUT_DFF[0].FDRE_PER_N/C
  -------------------------------------------------------------------    -------------------
    SLICE_X65Y109        FDRE (Prop_EFF_SLICEL_C_Q)
                                                      0.079     2.111 f  thz_pipeline_top_i/rst_ps8_0_266M/U0/ACTIVE_LOW_PR_OUT_DFF[0].FDRE_PER_N/Q
                         net (fo=965, routed)         2.565     4.676    thz_pipeline_top_i/snr_monitor_top_0/inst/SNR_s_axi_U/ap_rst_n_inv
    SLICE_X52Y212        FDRE                                         r  thz_pipeline_top_i/snr_monitor_top_0/inst/SNR_s_axi_U/int_ap_start_reg/R  (IS_INVERTED)
  -------------------------------------------------------------------    -------------------

                         (clock clk_pl_0 rise edge)
                                                      3.333     3.333 r  
    PS8_X0Y0             PS8                          0.000     3.333 r  thz_pipeline_top_i/zynq_ultra_ps_e_0/inst/PS8_i/PLCLK[0]
                         net (fo=1, routed)           0.143     3.476    thz_pipeline_top_i/zynq_ultra_ps_e_0/inst/pl_clk_unbuffered[0]
    BUFG_PS_X0Y80        BUFG_PS (Prop_BUFG_PS_I_O)
                                                      0.025     3.501 r  thz_pipeline_top_i/zynq_ultra_ps_e_0/inst/buffer_pl_clk_0.PL_CLK_0_BUFG/O
    X1Y2 (CLOCK_ROOT)    net (fo=30604, routed)       1.558     5.059    thz_pipeline_top_i/snr_monitor_top_0/inst/SNR_s_axi_U/ap_clk
    SLICE_X52Y212        FDRE                                         r  thz_pipeline_top_i/snr_monitor_top_0/inst/SNR_s_axi_U/int_ap_start_reg/C
                         clock pessimism              0.097     5.156    
                         clock uncertainty           -0.104     5.052    
    SLICE_X52Y212        FDRE (Setup_CFF_SLICEL_C_R)
                                                     -0.074     4.978    thz_pipeline_top_i/snr_monitor_top_0/inst/SNR_s_axi_U/int_ap_start_reg
  -------------------------------------------------------------------
                         required time                          4.978    
                         arrival time                          -4.676    
  -------------------------------------------------------------------
                         slack                                  0.302    

Slack (MET) :             0.302ns  (required time - arrival time)
  Source:                 thz_pipeline_top_i/rst_ps8_0_266M/U0/ACTIVE_LOW_PR_OUT_DFF[0].FDRE_PER_N/C
                            (rising edge-triggered cell FDRE clocked by clk_pl_0  {rise@0.000ns fall@1.666ns period=3.333ns})
  Destination:            thz_pipeline_top_i/snr_monitor_top_0/inst/SNR_s_axi_U/int_interrupt_reg/R
                            (rising edge-triggered cell FDRE clocked by clk_pl_0  {rise@0.000ns fall@1.666ns period=3.333ns})
  Path Group:             clk_pl_0
  Path Type:              Setup (Max at Slow Process Corner)
  Requirement:            3.333ns  (clk_pl_0 rise@3.333ns - clk_pl_0 rise@0.000ns)
  Data Path Delay:        2.644ns  (logic 0.079ns (2.988%)  route 2.565ns (97.012%))
  Logic Levels:           0  
  Clock Path Skew:        -0.209ns (DCD - SCD + CPR)
    Destination Clock Delay (DCD):    1.726ns = ( 5.059 - 3.333 ) 
    Source Clock Delay      (SCD):    2.032ns
    Clock Pessimism Removal (CPR):    0.097ns
  Clock Uncertainty:      0.104ns  ((TSJ^2 + DJ^2)^1/2) / 2 + PE
    Total System Jitter     (TSJ):    0.071ns
    Discrete Jitter          (DJ):    0.195ns
    Phase Error              (PE):    0.000ns
  Clock Net Delay (Source):      1.824ns (routing 0.569ns, distribution 1.255ns)
  Clock Net Delay (Destination): 1.558ns (routing 0.512ns, distribution 1.046ns)

    Location             Delay type                Incr(ns)  Path(ns)    Netlist Resource(s)
  -------------------------------------------------------------------    -------------------
                         (clock clk_pl_0 rise edge)
                                                      0.000     0.000 r  
    PS8_X0Y0             PS8                          0.000     0.000 r  thz_pipeline_top_i/zynq_ultra_ps_e_0/inst/PS8_i/PLCLK[0]
                         net (fo=1, routed)           0.180     0.180    thz_pipeline_top_i/zynq_ultra_ps_e_0/inst/pl_clk_unbuffered[0]
    BUFG_PS_X0Y80        BUFG_PS (Prop_BUFG_PS_I_O)
                                                      0.028     0.208 r  thz_pipeline_top_i/zynq_ultra_ps_e_0/inst/buffer_pl_clk_0.PL_CLK_0_BUFG/O
    X1Y2 (CLOCK_ROOT)    net (fo=30604, routed)       1.824     2.032    thz_pipeline_top_i/rst_ps8_0_266M/U0/slowest_sync_clk
    SLICE_X65Y109        FDRE                                         r  thz_pipeline_top_i/rst_ps8_0_266M/U0/ACTIVE_LOW_PR_OUT_DFF[0].FDRE_PER_N/C
  -------------------------------------------------------------------    -------------------
    SLICE_X65Y109        FDRE (Prop_EFF_SLICEL_C_Q)
                                                      0.079     2.111 f  thz_pipeline_top_i/rst_ps8_0_266M/U0/ACTIVE_LOW_PR_OUT_DFF[0].FDRE_PER_N/Q
                         net (fo=965, routed)         2.565     4.676    thz_pipeline_top_i/snr_monitor_top_0/inst/SNR_s_axi_U/ap_rst_n_inv
    SLICE_X52Y212        FDRE                                         r  thz_pipeline_top_i/snr_monitor_top_0/inst/SNR_s_axi_U/int_interrupt_reg/R  (IS_INVERTED)
  -------------------------------------------------------------------    -------------------

                         (clock clk_pl_0 rise edge)
                                                      3.333     3.333 r  
    PS8_X0Y0             PS8                          0.000     3.333 r  thz_pipeline_top_i/zynq_ultra_ps_e_0/inst/PS8_i/PLCLK[0]
                         net (fo=1, routed)           0.143     3.476    thz_pipeline_top_i/zynq_ultra_ps_e_0/inst/pl_clk_unbuffered[0]
    BUFG_PS_X0Y80        BUFG_PS (Prop_BUFG_PS_I_O)
                                                      0.025     3.501 r  thz_pipeline_top_i/zynq_ultra_ps_e_0/inst/buffer_pl_clk_0.PL_CLK_0_BUFG/O
    X1Y2 (CLOCK_ROOT)    net (fo=30604, routed)       1.558     5.059    thz_pipeline_top_i/snr_monitor_top_0/inst/SNR_s_axi_U/ap_clk
    SLICE_X52Y212        FDRE                                         r  thz_pipeline_top_i/snr_monitor_top_0/inst/SNR_s_axi_U/int_interrupt_reg/C
                         clock pessimism              0.097     5.156    
                         clock uncertainty           -0.104     5.052    
    SLICE_X52Y212        FDRE (Setup_BFF_SLICEL_C_R)
                                                     -0.074     4.978    thz_pipeline_top_i/snr_monitor_top_0/inst/SNR_s_axi_U/int_interrupt_reg
  -------------------------------------------------------------------
                         required time                          4.978    
                         arrival time                          -4.676    
  -------------------------------------------------------------------
                         slack                                  0.302    

Slack (MET) :             0.302ns  (required time - arrival time)
  Source:                 thz_pipeline_top_i/rst_ps8_0_266M/U0/ACTIVE_LOW_PR_OUT_DFF[0].FDRE_PER_N/C
                            (rising edge-triggered cell FDRE clocked by clk_pl_0  {rise@0.000ns fall@1.666ns period=3.333ns})
  Destination:            thz_pipeline_top_i/snr_monitor_top_0/inst/SNR_s_axi_U/int_isr_reg[0]/R
                            (rising edge-triggered cell FDRE clocked by clk_pl_0  {rise@0.000ns fall@1.666ns period=3.333ns})
  Path Group:             clk_pl_0
  Path Type:              Setup (Max at Slow Process Corner)
  Requirement:            3.333ns  (clk_pl_0 rise@3.333ns - clk_pl_0 rise@0.000ns)
  Data Path Delay:        2.644ns  (logic 0.079ns (2.988%)  route 2.565ns (97.012%))
  Logic Levels:           0  
  Clock Path Skew:        -0.209ns (DCD - SCD + CPR)
    Destination Clock Delay (DCD):    1.726ns = ( 5.059 - 3.333 ) 
    Source Clock Delay      (SCD):    2.032ns
    Clock Pessimism Removal (CPR):    0.097ns
  Clock Uncertainty:      0.104ns  ((TSJ^2 + DJ^2)^1/2) / 2 + PE
    Total System Jitter     (TSJ):    0.071ns
    Discrete Jitter          (DJ):    0.195ns
    Phase Error              (PE):    0.000ns
  Clock Net Delay (Source):      1.824ns (routing 0.569ns, distribution 1.255ns)
  Clock Net Delay (Destination): 1.558ns (routing 0.512ns, distribution 1.046ns)

    Location             Delay type                Incr(ns)  Path(ns)    Netlist Resource(s)
  -------------------------------------------------------------------    -------------------
                         (clock clk_pl_0 rise edge)
                                                      0.000     0.000 r  
    PS8_X0Y0             PS8                          0.000     0.000 r  thz_pipeline_top_i/zynq_ultra_ps_e_0/inst/PS8_i/PLCLK[0]
                         net (fo=1, routed)           0.180     0.180    thz_pipeline_top_i/zynq_ultra_ps_e_0/inst/pl_clk_unbuffered[0]
    BUFG_PS_X0Y80        BUFG_PS (Prop_BUFG_PS_I_O)
                                                      0.028     0.208 r  thz_pipeline_top_i/zynq_ultra_ps_e_0/inst/buffer_pl_clk_0.PL_CLK_0_BUFG/O
    X1Y2 (CLOCK_ROOT)    net (fo=30604, routed)       1.824     2.032    thz_pipeline_top_i/rst_ps8_0_266M/U0/slowest_sync_clk
    SLICE_X65Y109        FDRE                                         r  thz_pipeline_top_i/rst_ps8_0_266M/U0/ACTIVE_LOW_PR_OUT_DFF[0].FDRE_PER_N/C
  -------------------------------------------------------------------    -------------------
    SLICE_X65Y109        FDRE (Prop_EFF_SLICEL_C_Q)
                                                      0.079     2.111 f  thz_pipeline_top_i/rst_ps8_0_266M/U0/ACTIVE_LOW_PR_OUT_DFF[0].FDRE_PER_N/Q
                         net (fo=965, routed)         2.565     4.676    thz_pipeline_top_i/snr_monitor_top_0/inst/SNR_s_axi_U/ap_rst_n_inv
    SLICE_X52Y212        FDRE                                         r  thz_pipeline_top_i/snr_monitor_top_0/inst/SNR_s_axi_U/int_isr_reg[0]/R  (IS_INVERTED)
  -------------------------------------------------------------------    -------------------

                         (clock clk_pl_0 rise edge)
                                                      3.333     3.333 r  
    PS8_X0Y0             PS8                          0.000     3.333 r  thz_pipeline_top_i/zynq_ultra_ps_e_0/inst/PS8_i/PLCLK[0]
                         net (fo=1, routed)           0.143     3.476    thz_pipeline_top_i/zynq_ultra_ps_e_0/inst/pl_clk_unbuffered[0]
    BUFG_PS_X0Y80        BUFG_PS (Prop_BUFG_PS_I_O)
                                                      0.025     3.501 r  thz_pipeline_top_i/zynq_ultra_ps_e_0/inst/buffer_pl_clk_0.PL_CLK_0_BUFG/O
    X1Y2 (CLOCK_ROOT)    net (fo=30604, routed)       1.558     5.059    thz_pipeline_top_i/snr_monitor_top_0/inst/SNR_s_axi_U/ap_clk
    SLICE_X52Y212        FDRE                                         r  thz_pipeline_top_i/snr_monitor_top_0/inst/SNR_s_axi_U/int_isr_reg[0]/C
                         clock pessimism              0.097     5.156    
                         clock uncertainty           -0.104     5.052    
    SLICE_X52Y212        FDRE (Setup_AFF_SLICEL_C_R)
                                                     -0.074     4.978    thz_pipeline_top_i/snr_monitor_top_0/inst/SNR_s_axi_U/int_isr_reg[0]
  -------------------------------------------------------------------
                         required time                          4.978    
                         arrival time                          -4.676    
  -------------------------------------------------------------------
                         slack                                  0.302    

Slack (MET) :             0.303ns  (required time - arrival time)
  Source:                 thz_pipeline_top_i/rst_ps8_0_266M/U0/ACTIVE_LOW_PR_OUT_DFF[0].FDRE_PER_N/C
                            (rising edge-triggered cell FDRE clocked by clk_pl_0  {rise@0.000ns fall@1.666ns period=3.333ns})
  Destination:            thz_pipeline_top_i/mlkem_top_0/inst/result_stream_U/waddr_reg[2]/R
                            (rising edge-triggered cell FDRE clocked by clk_pl_0  {rise@0.000ns fall@1.666ns period=3.333ns})
  Path Group:             clk_pl_0
  Path Type:              Setup (Max at Slow Process Corner)
  Requirement:            3.333ns  (clk_pl_0 rise@3.333ns - clk_pl_0 rise@0.000ns)
  Data Path Delay:        2.678ns  (logic 0.079ns (2.950%)  route 2.599ns (97.050%))
  Logic Levels:           0  
  Clock Path Skew:        -0.174ns (DCD - SCD + CPR)
    Destination Clock Delay (DCD):    1.761ns = ( 5.094 - 3.333 ) 
    Source Clock Delay      (SCD):    2.032ns
    Clock Pessimism Removal (CPR):    0.097ns
  Clock Uncertainty:      0.104ns  ((TSJ^2 + DJ^2)^1/2) / 2 + PE
    Total System Jitter     (TSJ):    0.071ns
    Discrete Jitter          (DJ):    0.195ns
    Phase Error              (PE):    0.000ns
  Clock Net Delay (Source):      1.824ns (routing 0.569ns, distribution 1.255ns)
  Clock Net Delay (Destination): 1.593ns (routing 0.512ns, distribution 1.081ns)

    Location             Delay type                Incr(ns)  Path(ns)    Netlist Resource(s)
  -------------------------------------------------------------------    -------------------
                         (clock clk_pl_0 rise edge)
                                                      0.000     0.000 r  
    PS8_X0Y0             PS8                          0.000     0.000 r  thz_pipeline_top_i/zynq_ultra_ps_e_0/inst/PS8_i/PLCLK[0]
                         net (fo=1, routed)           0.180     0.180    thz_pipeline_top_i/zynq_ultra_ps_e_0/inst/pl_clk_unbuffered[0]
    BUFG_PS_X0Y80        BUFG_PS (Prop_BUFG_PS_I_O)
                                                      0.028     0.208 r  thz_pipeline_top_i/zynq_ultra_ps_e_0/inst/buffer_pl_clk_0.PL_CLK_0_BUFG/O
    X1Y2 (CLOCK_ROOT)    net (fo=30604, routed)       1.824     2.032    thz_pipeline_top_i/rst_ps8_0_266M/U0/slowest_sync_clk
    SLICE_X65Y109        FDRE                                         r  thz_pipeline_top_i/rst_ps8_0_266M/U0/ACTIVE_LOW_PR_OUT_DFF[0].FDRE_PER_N/C
  -------------------------------------------------------------------    -------------------
    SLICE_X65Y109        FDRE (Prop_EFF_SLICEL_C_Q)
                                                      0.079     2.111 f  thz_pipeline_top_i/rst_ps8_0_266M/U0/ACTIVE_LOW_PR_OUT_DFF[0].FDRE_PER_N/Q
                         net (fo=965, routed)         2.599     4.710    thz_pipeline_top_i/mlkem_top_0/inst/result_stream_U/SR[0]
    SLICE_X58Y238        FDRE                                         r  thz_pipeline_top_i/mlkem_top_0/inst/result_stream_U/waddr_reg[2]/R  (IS_INVERTED)
  -------------------------------------------------------------------    -------------------

                         (clock clk_pl_0 rise edge)
                                                      3.333     3.333 r  
    PS8_X0Y0             PS8                          0.000     3.333 r  thz_pipeline_top_i/zynq_ultra_ps_e_0/inst/PS8_i/PLCLK[0]
                         net (fo=1, routed)           0.143     3.476    thz_pipeline_top_i/zynq_ultra_ps_e_0/inst/pl_clk_unbuffered[0]
    BUFG_PS_X0Y80        BUFG_PS (Prop_BUFG_PS_I_O)
                                                      0.025     3.501 r  thz_pipeline_top_i/zynq_ultra_ps_e_0/inst/buffer_pl_clk_0.PL_CLK_0_BUFG/O
    X1Y2 (CLOCK_ROOT)    net (fo=30604, routed)       1.593     5.094    thz_pipeline_top_i/mlkem_top_0/inst/result_stream_U/ap_clk
    SLICE_X58Y238        FDRE                                         r  thz_pipeline_top_i/mlkem_top_0/inst/result_stream_U/waddr_reg[2]/C
                         clock pessimism              0.097     5.191    
                         clock uncertainty           -0.104     5.087    
    SLICE_X58Y238        FDRE (Setup_CFF_SLICEL_C_R)
                                                     -0.074     5.013    thz_pipeline_top_i/mlkem_top_0/inst/result_stream_U/waddr_reg[2]
  -------------------------------------------------------------------
                         required time                          5.013    
                         arrival time                          -4.710    
  -------------------------------------------------------------------
                         slack                                  0.303    

Slack (MET) :             0.303ns  (required time - arrival time)
  Source:                 thz_pipeline_top_i/rst_ps8_0_266M/U0/ACTIVE_LOW_PR_OUT_DFF[0].FDRE_PER_N/C
                            (rising edge-triggered cell FDRE clocked by clk_pl_0  {rise@0.000ns fall@1.666ns period=3.333ns})
  Destination:            thz_pipeline_top_i/mlkem_top_0/inst/result_stream_U/waddr_reg[3]/R
                            (rising edge-triggered cell FDRE clocked by clk_pl_0  {rise@0.000ns fall@1.666ns period=3.333ns})
  Path Group:             clk_pl_0
  Path Type:              Setup (Max at Slow Process Corner)
  Requirement:            3.333ns  (clk_pl_0 rise@3.333ns - clk_pl_0 rise@0.000ns)
  Data Path Delay:        2.678ns  (logic 0.079ns (2.950%)  route 2.599ns (97.050%))
  Logic Levels:           0  
  Clock Path Skew:        -0.174ns (DCD - SCD + CPR)
    Destination Clock Delay (DCD):    1.761ns = ( 5.094 - 3.333 ) 
    Source Clock Delay      (SCD):    2.032ns
    Clock Pessimism Removal (CPR):    0.097ns
  Clock Uncertainty:      0.104ns  ((TSJ^2 + DJ^2)^1/2) / 2 + PE
    Total System Jitter     (TSJ):    0.071ns
    Discrete Jitter          (DJ):    0.195ns
    Phase Error              (PE):    0.000ns
  Clock Net Delay (Source):      1.824ns (routing 0.569ns, distribution 1.255ns)
  Clock Net Delay (Destination): 1.593ns (routing 0.512ns, distribution 1.081ns)

    Location             Delay type                Incr(ns)  Path(ns)    Netlist Resource(s)
  -------------------------------------------------------------------    -------------------
                         (clock clk_pl_0 rise edge)
                                                      0.000     0.000 r  
    PS8_X0Y0             PS8                          0.000     0.000 r  thz_pipeline_top_i/zynq_ultra_ps_e_0/inst/PS8_i/PLCLK[0]
                         net (fo=1, routed)           0.180     0.180    thz_pipeline_top_i/zynq_ultra_ps_e_0/inst/pl_clk_unbuffered[0]
    BUFG_PS_X0Y80        BUFG_PS (Prop_BUFG_PS_I_O)
                                                      0.028     0.208 r  thz_pipeline_top_i/zynq_ultra_ps_e_0/inst/buffer_pl_clk_0.PL_CLK_0_BUFG/O
    X1Y2 (CLOCK_ROOT)    net (fo=30604, routed)       1.824     2.032    thz_pipeline_top_i/rst_ps8_0_266M/U0/slowest_sync_clk
    SLICE_X65Y109        FDRE                                         r  thz_pipeline_top_i/rst_ps8_0_266M/U0/ACTIVE_LOW_PR_OUT_DFF[0].FDRE_PER_N/C
  -------------------------------------------------------------------    -------------------
    SLICE_X65Y109        FDRE (Prop_EFF_SLICEL_C_Q)
                                                      0.079     2.111 f  thz_pipeline_top_i/rst_ps8_0_266M/U0/ACTIVE_LOW_PR_OUT_DFF[0].FDRE_PER_N/Q
                         net (fo=965, routed)         2.599     4.710    thz_pipeline_top_i/mlkem_top_0/inst/result_stream_U/SR[0]
    SLICE_X58Y238        FDRE                                         r  thz_pipeline_top_i/mlkem_top_0/inst/result_stream_U/waddr_reg[3]/R  (IS_INVERTED)
  -------------------------------------------------------------------    -------------------

                         (clock clk_pl_0 rise edge)
                                                      3.333     3.333 r  
    PS8_X0Y0             PS8                          0.000     3.333 r  thz_pipeline_top_i/zynq_ultra_ps_e_0/inst/PS8_i/PLCLK[0]
                         net (fo=1, routed)           0.143     3.476    thz_pipeline_top_i/zynq_ultra_ps_e_0/inst/pl_clk_unbuffered[0]
    BUFG_PS_X0Y80        BUFG_PS (Prop_BUFG_PS_I_O)
                                                      0.025     3.501 r  thz_pipeline_top_i/zynq_ultra_ps_e_0/inst/buffer_pl_clk_0.PL_CLK_0_BUFG/O
    X1Y2 (CLOCK_ROOT)    net (fo=30604, routed)       1.593     5.094    thz_pipeline_top_i/mlkem_top_0/inst/result_stream_U/ap_clk
    SLICE_X58Y238        FDRE                                         r  thz_pipeline_top_i/mlkem_top_0/inst/result_stream_U/waddr_reg[3]/C
                         clock pessimism              0.097     5.191    
                         clock uncertainty           -0.104     5.087    
    SLICE_X58Y238        FDRE (Setup_CFF2_SLICEL_C_R)
                                                     -0.074     5.013    thz_pipeline_top_i/mlkem_top_0/inst/result_stream_U/waddr_reg[3]
  -------------------------------------------------------------------
                         required time                          5.013    
                         arrival time                          -4.710    
  -------------------------------------------------------------------
                         slack                                  0.303    

Slack (MET) :             0.305ns  (required time - arrival time)
  Source:                 thz_pipeline_top_i/rst_ps8_0_266M/U0/ACTIVE_LOW_PR_OUT_DFF[0].FDRE_PER_N/C
                            (rising edge-triggered cell FDRE clocked by clk_pl_0  {rise@0.000ns fall@1.666ns period=3.333ns})
  Destination:            thz_pipeline_top_i/mlkem_top_1/inst/process_phase_U0/ap_CS_fsm_reg[1]/R
                            (rising edge-triggered cell FDRE clocked by clk_pl_0  {rise@0.000ns fall@1.666ns period=3.333ns})
  Path Group:             clk_pl_0
  Path Type:              Setup (Max at Slow Process Corner)
  Requirement:            3.333ns  (clk_pl_0 rise@3.333ns - clk_pl_0 rise@0.000ns)
  Data Path Delay:        2.643ns  (logic 0.079ns (2.989%)  route 2.564ns (97.011%))
  Logic Levels:           0  
  Clock Path Skew:        -0.207ns (DCD - SCD + CPR)
    Destination Clock Delay (DCD):    1.728ns = ( 5.061 - 3.333 ) 
    Source Clock Delay      (SCD):    2.032ns
    Clock Pessimism Removal (CPR):    0.097ns
  Clock Uncertainty:      0.104ns  ((TSJ^2 + DJ^2)^1/2) / 2 + PE
    Total System Jitter     (TSJ):    0.071ns
    Discrete Jitter          (DJ):    0.195ns
    Phase Error              (PE):    0.000ns
  Clock Net Delay (Source):      1.824ns (routing 0.569ns, distribution 1.255ns)
  Clock Net Delay (Destination): 1.560ns (routing 0.512ns, distribution 1.048ns)

    Location             Delay type                Incr(ns)  Path(ns)    Netlist Resource(s)
  -------------------------------------------------------------------    -------------------
                         (clock clk_pl_0 rise edge)
                                                      0.000     0.000 r  
    PS8_X0Y0             PS8                          0.000     0.000 r  thz_pipeline_top_i/zynq_ultra_ps_e_0/inst/PS8_i/PLCLK[0]
                         net (fo=1, routed)           0.180     0.180    thz_pipeline_top_i/zynq_ultra_ps_e_0/inst/pl_clk_unbuffered[0]
    BUFG_PS_X0Y80        BUFG_PS (Prop_BUFG_PS_I_O)
                                                      0.028     0.208 r  thz_pipeline_top_i/zynq_ultra_ps_e_0/inst/buffer_pl_clk_0.PL_CLK_0_BUFG/O
    X1Y2 (CLOCK_ROOT)    net (fo=30604, routed)       1.824     2.032    thz_pipeline_top_i/rst_ps8_0_266M/U0/slowest_sync_clk
    SLICE_X65Y109        FDRE                                         r  thz_pipeline_top_i/rst_ps8_0_266M/U0/ACTIVE_LOW_PR_OUT_DFF[0].FDRE_PER_N/C
  -------------------------------------------------------------------    -------------------
    SLICE_X65Y109        FDRE (Prop_EFF_SLICEL_C_Q)
                                                      0.079     2.111 f  thz_pipeline_top_i/rst_ps8_0_266M/U0/ACTIVE_LOW_PR_OUT_DFF[0].FDRE_PER_N/Q
                         net (fo=965, routed)         2.564     4.675    thz_pipeline_top_i/mlkem_top_1/inst/process_phase_U0/SR[0]
    SLICE_X52Y212        FDRE                                         r  thz_pipeline_top_i/mlkem_top_1/inst/process_phase_U0/ap_CS_fsm_reg[1]/R  (IS_INVERTED)
  -------------------------------------------------------------------    -------------------

                         (clock clk_pl_0 rise edge)
                                                      3.333     3.333 r  
    PS8_X0Y0             PS8                          0.000     3.333 r  thz_pipeline_top_i/zynq_ultra_ps_e_0/inst/PS8_i/PLCLK[0]
                         net (fo=1, routed)           0.143     3.476    thz_pipeline_top_i/zynq_ultra_ps_e_0/inst/pl_clk_unbuffered[0]
    BUFG_PS_X0Y80        BUFG_PS (Prop_BUFG_PS_I_O)
                                                      0.025     3.501 r  thz_pipeline_top_i/zynq_ultra_ps_e_0/inst/buffer_pl_clk_0.PL_CLK_0_BUFG/O
    X1Y2 (CLOCK_ROOT)    net (fo=30604, routed)       1.560     5.061    thz_pipeline_top_i/mlkem_top_1/inst/process_phase_U0/ap_clk
    SLICE_X52Y212        FDRE                                         r  thz_pipeline_top_i/mlkem_top_1/inst/process_phase_U0/ap_CS_fsm_reg[1]/C
                         clock pessimism              0.097     5.158    
                         clock uncertainty           -0.104     5.054    
    SLICE_X52Y212        FDRE (Setup_HFF_SLICEL_C_R)
                                                     -0.074     4.980    thz_pipeline_top_i/mlkem_top_1/inst/process_phase_U0/ap_CS_fsm_reg[1]
  -------------------------------------------------------------------
                         required time                          4.980    
                         arrival time                          -4.675    
  -------------------------------------------------------------------
                         slack                                  0.305    

Slack (MET) :             0.305ns  (required time - arrival time)
  Source:                 thz_pipeline_top_i/rst_ps8_0_266M/U0/ACTIVE_LOW_PR_OUT_DFF[0].FDRE_PER_N/C
                            (rising edge-triggered cell FDRE clocked by clk_pl_0  {rise@0.000ns fall@1.666ns period=3.333ns})
  Destination:            thz_pipeline_top_i/snr_monitor_top_0/inst/SNR_s_axi_U/int_auto_restart_reg/R
                            (rising edge-triggered cell FDRE clocked by clk_pl_0  {rise@0.000ns fall@1.666ns period=3.333ns})
  Path Group:             clk_pl_0
  Path Type:              Setup (Max at Slow Process Corner)
  Requirement:            3.333ns  (clk_pl_0 rise@3.333ns - clk_pl_0 rise@0.000ns)
  Data Path Delay:        2.643ns  (logic 0.079ns (2.989%)  route 2.564ns (97.011%))
  Logic Levels:           0  
  Clock Path Skew:        -0.207ns (DCD - SCD + CPR)
    Destination Clock Delay (DCD):    1.728ns = ( 5.061 - 3.333 ) 
    Source Clock Delay      (SCD):    2.032ns
    Clock Pessimism Removal (CPR):    0.097ns
  Clock Uncertainty:      0.104ns  ((TSJ^2 + DJ^2)^1/2) / 2 + PE
    Total System Jitter     (TSJ):    0.071ns
    Discrete Jitter          (DJ):    0.195ns
    Phase Error              (PE):    0.000ns
  Clock Net Delay (Source):      1.824ns (routing 0.569ns, distribution 1.255ns)
  Clock Net Delay (Destination): 1.560ns (routing 0.512ns, distribution 1.048ns)

    Location             Delay type                Incr(ns)  Path(ns)    Netlist Resource(s)
  -------------------------------------------------------------------    -------------------
                         (clock clk_pl_0 rise edge)
                                                      0.000     0.000 r  
    PS8_X0Y0             PS8                          0.000     0.000 r  thz_pipeline_top_i/zynq_ultra_ps_e_0/inst/PS8_i/PLCLK[0]
                         net (fo=1, routed)           0.180     0.180    thz_pipeline_top_i/zynq_ultra_ps_e_0/inst/pl_clk_unbuffered[0]
    BUFG_PS_X0Y80        BUFG_PS (Prop_BUFG_PS_I_O)
                                                      0.028     0.208 r  thz_pipeline_top_i/zynq_ultra_ps_e_0/inst/buffer_pl_clk_0.PL_CLK_0_BUFG/O
    X1Y2 (CLOCK_ROOT)    net (fo=30604, routed)       1.824     2.032    thz_pipeline_top_i/rst_ps8_0_266M/U0/slowest_sync_clk
    SLICE_X65Y109        FDRE                                         r  thz_pipeline_top_i/rst_ps8_0_266M/U0/ACTIVE_LOW_PR_OUT_DFF[0].FDRE_PER_N/C
  -------------------------------------------------------------------    -------------------
    SLICE_X65Y109        FDRE (Prop_EFF_SLICEL_C_Q)
                                                      0.079     2.111 f  thz_pipeline_top_i/rst_ps8_0_266M/U0/ACTIVE_LOW_PR_OUT_DFF[0].FDRE_PER_N/Q
                         net (fo=965, routed)         2.564     4.675    thz_pipeline_top_i/snr_monitor_top_0/inst/SNR_s_axi_U/ap_rst_n_inv
    SLICE_X52Y212        FDRE                                         r  thz_pipeline_top_i/snr_monitor_top_0/inst/SNR_s_axi_U/int_auto_restart_reg/R  (IS_INVERTED)
  -------------------------------------------------------------------    -------------------

                         (clock clk_pl_0 rise edge)
                                                      3.333     3.333 r  
    PS8_X0Y0             PS8                          0.000     3.333 r  thz_pipeline_top_i/zynq_ultra_ps_e_0/inst/PS8_i/PLCLK[0]
                         net (fo=1, routed)           0.143     3.476    thz_pipeline_top_i/zynq_ultra_ps_e_0/inst/pl_clk_unbuffered[0]
    BUFG_PS_X0Y80        BUFG_PS (Prop_BUFG_PS_I_O)
                                                      0.025     3.501 r  thz_pipeline_top_i/zynq_ultra_ps_e_0/inst/buffer_pl_clk_0.PL_CLK_0_BUFG/O
    X1Y2 (CLOCK_ROOT)    net (fo=30604, routed)       1.560     5.061    thz_pipeline_top_i/snr_monitor_top_0/inst/SNR_s_axi_U/ap_clk
    SLICE_X52Y212        FDRE                                         r  thz_pipeline_top_i/snr_monitor_top_0/inst/SNR_s_axi_U/int_auto_restart_reg/C
                         clock pessimism              0.097     5.158    
                         clock uncertainty           -0.104     5.054    
    SLICE_X52Y212        FDRE (Setup_GFF_SLICEL_C_R)
                                                     -0.074     4.980    thz_pipeline_top_i/snr_monitor_top_0/inst/SNR_s_axi_U/int_auto_restart_reg
  -------------------------------------------------------------------
                         required time                          4.980    
                         arrival time                          -4.675    
  -------------------------------------------------------------------
                         slack                                  0.305    

Slack (MET) :             0.305ns  (required time - arrival time)
  Source:                 thz_pipeline_top_i/rst_ps8_0_266M/U0/ACTIVE_LOW_PR_OUT_DFF[0].FDRE_PER_N/C
                            (rising edge-triggered cell FDRE clocked by clk_pl_0  {rise@0.000ns fall@1.666ns period=3.333ns})
  Destination:            thz_pipeline_top_i/snr_monitor_top_0/inst/SNR_s_axi_U/int_ier_reg[0]/R
                            (rising edge-triggered cell FDRE clocked by clk_pl_0  {rise@0.000ns fall@1.666ns period=3.333ns})
  Path Group:             clk_pl_0
  Path Type:              Setup (Max at Slow Process Corner)
  Requirement:            3.333ns  (clk_pl_0 rise@3.333ns - clk_pl_0 rise@0.000ns)
  Data Path Delay:        2.643ns  (logic 0.079ns (2.989%)  route 2.564ns (97.011%))
  Logic Levels:           0  
  Clock Path Skew:        -0.207ns (DCD - SCD + CPR)
    Destination Clock Delay (DCD):    1.728ns = ( 5.061 - 3.333 ) 
    Source Clock Delay      (SCD):    2.032ns
    Clock Pessimism Removal (CPR):    0.097ns
  Clock Uncertainty:      0.104ns  ((TSJ^2 + DJ^2)^1/2) / 2 + PE
    Total System Jitter     (TSJ):    0.071ns
    Discrete Jitter          (DJ):    0.195ns
    Phase Error              (PE):    0.000ns
  Clock Net Delay (Source):      1.824ns (routing 0.569ns, distribution 1.255ns)
  Clock Net Delay (Destination): 1.560ns (routing 0.512ns, distribution 1.048ns)

    Location             Delay type                Incr(ns)  Path(ns)    Netlist Resource(s)
  -------------------------------------------------------------------    -------------------
                         (clock clk_pl_0 rise edge)
                                                      0.000     0.000 r  
    PS8_X0Y0             PS8                          0.000     0.000 r  thz_pipeline_top_i/zynq_ultra_ps_e_0/inst/PS8_i/PLCLK[0]
                         net (fo=1, routed)           0.180     0.180    thz_pipeline_top_i/zynq_ultra_ps_e_0/inst/pl_clk_unbuffered[0]
    BUFG_PS_X0Y80        BUFG_PS (Prop_BUFG_PS_I_O)
                                                      0.028     0.208 r  thz_pipeline_top_i/zynq_ultra_ps_e_0/inst/buffer_pl_clk_0.PL_CLK_0_BUFG/O
    X1Y2 (CLOCK_ROOT)    net (fo=30604, routed)       1.824     2.032    thz_pipeline_top_i/rst_ps8_0_266M/U0/slowest_sync_clk
    SLICE_X65Y109        FDRE                                         r  thz_pipeline_top_i/rst_ps8_0_266M/U0/ACTIVE_LOW_PR_OUT_DFF[0].FDRE_PER_N/C
  -------------------------------------------------------------------    -------------------
    SLICE_X65Y109        FDRE (Prop_EFF_SLICEL_C_Q)
                                                      0.079     2.111 f  thz_pipeline_top_i/rst_ps8_0_266M/U0/ACTIVE_LOW_PR_OUT_DFF[0].FDRE_PER_N/Q
                         net (fo=965, routed)         2.564     4.675    thz_pipeline_top_i/snr_monitor_top_0/inst/SNR_s_axi_U/ap_rst_n_inv
    SLICE_X52Y212        FDRE                                         r  thz_pipeline_top_i/snr_monitor_top_0/inst/SNR_s_axi_U/int_ier_reg[0]/R  (IS_INVERTED)
  -------------------------------------------------------------------    -------------------

                         (clock clk_pl_0 rise edge)
                                                      3.333     3.333 r  
    PS8_X0Y0             PS8                          0.000     3.333 r  thz_pipeline_top_i/zynq_ultra_ps_e_0/inst/PS8_i/PLCLK[0]
                         net (fo=1, routed)           0.143     3.476    thz_pipeline_top_i/zynq_ultra_ps_e_0/inst/pl_clk_unbuffered[0]
    BUFG_PS_X0Y80        BUFG_PS (Prop_BUFG_PS_I_O)
                                                      0.025     3.501 r  thz_pipeline_top_i/zynq_ultra_ps_e_0/inst/buffer_pl_clk_0.PL_CLK_0_BUFG/O
    X1Y2 (CLOCK_ROOT)    net (fo=30604, routed)       1.560     5.061    thz_pipeline_top_i/snr_monitor_top_0/inst/SNR_s_axi_U/ap_clk
    SLICE_X52Y212        FDRE                                         r  thz_pipeline_top_i/snr_monitor_top_0/inst/SNR_s_axi_U/int_ier_reg[0]/C
                         clock pessimism              0.097     5.158    
                         clock uncertainty           -0.104     5.054    
    SLICE_X52Y212        FDRE (Setup_HFF2_SLICEL_C_R)
                                                     -0.074     4.980    thz_pipeline_top_i/snr_monitor_top_0/inst/SNR_s_axi_U/int_ier_reg[0]
  -------------------------------------------------------------------
                         required time                          4.980    
                         arrival time                          -4.675    
  -------------------------------------------------------------------
                         slack                                  0.305    





Min Delay Paths
--------------------------------------------------------------------------------------
Slack (MET) :             0.010ns  (arrival time - required time)
  Source:                 thz_pipeline_top_i/xfft_3/U0/i_synth/axi_wrapper/current_state_reg[1]/C
                            (rising edge-triggered cell FDRE clocked by clk_pl_0  {rise@0.000ns fall@1.666ns period=3.333ns})
  Destination:            thz_pipeline_top_i/xfft_3/U0/i_synth/axi_wrapper/current_state_reg[2]/D
                            (rising edge-triggered cell FDRE clocked by clk_pl_0  {rise@0.000ns fall@1.666ns period=3.333ns})
  Path Group:             clk_pl_0
  Path Type:              Hold (Min at Slow Process Corner)
  Requirement:            0.000ns  (clk_pl_0 rise@0.000ns - clk_pl_0 rise@0.000ns)
  Data Path Delay:        0.184ns  (logic 0.082ns (44.530%)  route 0.102ns (55.470%))
  Logic Levels:           1  (LUT4=1)
  Clock Path Skew:        0.114ns (DCD - SCD - CPR)
    Destination Clock Delay (DCD):    2.023ns
    Source Clock Delay      (SCD):    1.790ns
    Clock Pessimism Removal (CPR):    0.119ns
  Clock Net Delay (Source):      1.622ns (routing 0.512ns, distribution 1.110ns)
  Clock Net Delay (Destination): 1.815ns (routing 0.569ns, distribution 1.246ns)

    Location             Delay type                Incr(ns)  Path(ns)    Netlist Resource(s)
  -------------------------------------------------------------------    -------------------
                         (clock clk_pl_0 rise edge)
                                                      0.000     0.000 r  
    PS8_X0Y0             PS8                          0.000     0.000 r  thz_pipeline_top_i/zynq_ultra_ps_e_0/inst/PS8_i/PLCLK[0]
                         net (fo=1, routed)           0.143     0.143    thz_pipeline_top_i/zynq_ultra_ps_e_0/inst/pl_clk_unbuffered[0]
    BUFG_PS_X0Y80        BUFG_PS (Prop_BUFG_PS_I_O)
                                                      0.025     0.168 r  thz_pipeline_top_i/zynq_ultra_ps_e_0/inst/buffer_pl_clk_0.PL_CLK_0_BUFG/O
    X1Y2 (CLOCK_ROOT)    net (fo=30604, routed)       1.622     1.790    thz_pipeline_top_i/xfft_3/U0/i_synth/axi_wrapper/aclk
    SLICE_X64Y59         FDRE                                         r  thz_pipeline_top_i/xfft_3/U0/i_synth/axi_wrapper/current_state_reg[1]/C
  -------------------------------------------------------------------    -------------------
    SLICE_X64Y59         FDRE (Prop_EFF2_SLICEM_C_Q)
                                                      0.060     1.850 r  thz_pipeline_top_i/xfft_3/U0/i_synth/axi_wrapper/current_state_reg[1]/Q
                         net (fo=3, routed)           0.066     1.916    thz_pipeline_top_i/xfft_3/U0/i_synth/non_native_floating_point.xfft_inst/non_floating_point.arch_b.xfft_inst/control/control/xn_index_counter/p_0_in
    SLICE_X64Y60         LUT4 (Prop_D6LUT_SLICEM_I2_O)
                                                      0.022     1.938 r  thz_pipeline_top_i/xfft_3/U0/i_synth/non_native_floating_point.xfft_inst/non_floating_point.arch_b.xfft_inst/control/control/xn_index_counter/current_state[2]_i_1/O
                         net (fo=1, routed)           0.036     1.974    thz_pipeline_top_i/xfft_3/U0/i_synth/axi_wrapper/current_state_reg[2]_0
    SLICE_X64Y60         FDRE                                         r  thz_pipeline_top_i/xfft_3/U0/i_synth/axi_wrapper/current_state_reg[2]/D
  -------------------------------------------------------------------    -------------------

                         (clock clk_pl_0 rise edge)
                                                      0.000     0.000 r  
    PS8_X0Y0             PS8                          0.000     0.000 r  thz_pipeline_top_i/zynq_ultra_ps_e_0/inst/PS8_i/PLCLK[0]
                         net (fo=1, routed)           0.180     0.180    thz_pipeline_top_i/zynq_ultra_ps_e_0/inst/pl_clk_unbuffered[0]
    BUFG_PS_X0Y80        BUFG_PS (Prop_BUFG_PS_I_O)
                                                      0.028     0.208 r  thz_pipeline_top_i/zynq_ultra_ps_e_0/inst/buffer_pl_clk_0.PL_CLK_0_BUFG/O
    X1Y2 (CLOCK_ROOT)    net (fo=30604, routed)       1.815     2.023    thz_pipeline_top_i/xfft_3/U0/i_synth/axi_wrapper/aclk
    SLICE_X64Y60         FDRE                                         r  thz_pipeline_top_i/xfft_3/U0/i_synth/axi_wrapper/current_state_reg[2]/C
                         clock pessimism             -0.119     1.904    
    SLICE_X64Y60         FDRE (Hold_DFF_SLICEM_C_D)
                                                      0.060     1.964    thz_pipeline_top_i/xfft_3/U0/i_synth/axi_wrapper/current_state_reg[2]
  -------------------------------------------------------------------
                         required time                         -1.964    
                         arrival time                           1.974    
  -------------------------------------------------------------------
                         slack                                  0.010    

Slack (MET) :             0.010ns  (arrival time - required time)
  Source:                 thz_pipeline_top_i/xfft_1/U0/i_synth/non_native_floating_point.xfft_inst/non_floating_point.arch_b.xfft_inst/single_channel.datapath/i_switch_im/o2_gen/four_inputs.use_lut6.no_lut_sclr.four_to_one_mux[11].latency1.reg/C
                            (rising edge-triggered cell FDRE clocked by clk_pl_0  {rise@0.000ns fall@1.666ns period=3.333ns})
  Destination:            thz_pipeline_top_i/xfft_1/U0/i_synth/non_native_floating_point.xfft_inst/non_floating_point.arch_b.xfft_inst/single_channel.datapath/pe/mult_gen.Mult2/i_cmpy/three_mult_structure.use_dsp.i_dsp/optionally_negate_inputs/apply_negation.registered_twos_comp_hblknm.a_smaller.gen_full_slices[2].gen_fdre[3].ff_ai/D
                            (rising edge-triggered cell FDRE clocked by clk_pl_0  {rise@0.000ns fall@1.666ns period=3.333ns})
  Path Group:             clk_pl_0
  Path Type:              Hold (Min at Slow Process Corner)
  Requirement:            0.000ns  (clk_pl_0 rise@0.000ns - clk_pl_0 rise@0.000ns)
  Data Path Delay:        0.169ns  (logic 0.058ns (34.319%)  route 0.111ns (65.680%))
  Logic Levels:           0  
  Clock Path Skew:        0.099ns (DCD - SCD - CPR)
    Destination Clock Delay (DCD):    1.992ns
    Source Clock Delay      (SCD):    1.735ns
    Clock Pessimism Removal (CPR):    0.158ns
  Clock Net Delay (Source):      1.567ns (routing 0.512ns, distribution 1.055ns)
  Clock Net Delay (Destination): 1.784ns (routing 0.569ns, distribution 1.215ns)

    Location             Delay type                Incr(ns)  Path(ns)    Netlist Resource(s)
  -------------------------------------------------------------------    -------------------
                         (clock clk_pl_0 rise edge)
                                                      0.000     0.000 r  
    PS8_X0Y0             PS8                          0.000     0.000 r  thz_pipeline_top_i/zynq_ultra_ps_e_0/inst/PS8_i/PLCLK[0]
                         net (fo=1, routed)           0.143     0.143    thz_pipeline_top_i/zynq_ultra_ps_e_0/inst/pl_clk_unbuffered[0]
    BUFG_PS_X0Y80        BUFG_PS (Prop_BUFG_PS_I_O)
                                                      0.025     0.168 r  thz_pipeline_top_i/zynq_ultra_ps_e_0/inst/buffer_pl_clk_0.PL_CLK_0_BUFG/O
    X1Y2 (CLOCK_ROOT)    net (fo=30604, routed)       1.567     1.735    thz_pipeline_top_i/xfft_1/U0/i_synth/non_native_floating_point.xfft_inst/non_floating_point.arch_b.xfft_inst/single_channel.datapath/i_switch_im/o2_gen/aclk
    SLICE_X61Y124        FDRE                                         r  thz_pipeline_top_i/xfft_1/U0/i_synth/non_native_floating_point.xfft_inst/non_floating_point.arch_b.xfft_inst/single_channel.datapath/i_switch_im/o2_gen/four_inputs.use_lut6.no_lut_sclr.four_to_one_mux[11].latency1.reg/C
  -------------------------------------------------------------------    -------------------
    SLICE_X61Y124        FDRE (Prop_BFF_SLICEM_C_Q)
                                                      0.058     1.793 r  thz_pipeline_top_i/xfft_1/U0/i_synth/non_native_floating_point.xfft_inst/non_floating_point.arch_b.xfft_inst/single_channel.datapath/i_switch_im/o2_gen/four_inputs.use_lut6.no_lut_sclr.four_to_one_mux[11].latency1.reg/Q
                         net (fo=1, routed)           0.111     1.904    thz_pipeline_top_i/xfft_1/U0/i_synth/non_native_floating_point.xfft_inst/non_floating_point.arch_b.xfft_inst/single_channel.datapath/pe/mult_gen.Mult2/i_cmpy/three_mult_structure.use_dsp.i_dsp/optionally_negate_inputs/apply_negation.registered_twos_comp_hblknm.a_smaller.gen_full_slices[3].gen_fdre[3].ff_ai_0[11]
    SLICE_X60Y124        FDRE                                         r  thz_pipeline_top_i/xfft_1/U0/i_synth/non_native_floating_point.xfft_inst/non_floating_point.arch_b.xfft_inst/single_channel.datapath/pe/mult_gen.Mult2/i_cmpy/three_mult_structure.use_dsp.i_dsp/optionally_negate_inputs/apply_negation.registered_twos_comp_hblknm.a_smaller.gen_full_slices[2].gen_fdre[3].ff_ai/D
  -------------------------------------------------------------------    -------------------

                         (clock clk_pl_0 rise edge)
                                                      0.000     0.000 r  
    PS8_X0Y0             PS8                          0.000     0.000 r  thz_pipeline_top_i/zynq_ultra_ps_e_0/inst/PS8_i/PLCLK[0]
                         net (fo=1, routed)           0.180     0.180    thz_pipeline_top_i/zynq_ultra_ps_e_0/inst/pl_clk_unbuffered[0]
    BUFG_PS_X0Y80        BUFG_PS (Prop_BUFG_PS_I_O)
                                                      0.028     0.208 r  thz_pipeline_top_i/zynq_ultra_ps_e_0/inst/buffer_pl_clk_0.PL_CLK_0_BUFG/O
    X1Y2 (CLOCK_ROOT)    net (fo=30604, routed)       1.784     1.992    thz_pipeline_top_i/xfft_1/U0/i_synth/non_native_floating_point.xfft_inst/non_floating_point.arch_b.xfft_inst/single_channel.datapath/pe/mult_gen.Mult2/i_cmpy/three_mult_structure.use_dsp.i_dsp/optionally_negate_inputs/aclk
    SLICE_X60Y124        FDRE                                         r  thz_pipeline_top_i/xfft_1/U0/i_synth/non_native_floating_point.xfft_inst/non_floating_point.arch_b.xfft_inst/single_channel.datapath/pe/mult_gen.Mult2/i_cmpy/three_mult_structure.use_dsp.i_dsp/optionally_negate_inputs/apply_negation.registered_twos_comp_hblknm.a_smaller.gen_full_slices[2].gen_fdre[3].ff_ai/C
                         clock pessimism             -0.158     1.834    
    SLICE_X60Y124        FDRE (Hold_FFF_SLICEL_C_D)
                                                      0.060     1.894    thz_pipeline_top_i/xfft_1/U0/i_synth/non_native_floating_point.xfft_inst/non_floating_point.arch_b.xfft_inst/single_channel.datapath/pe/mult_gen.Mult2/i_cmpy/three_mult_structure.use_dsp.i_dsp/optionally_negate_inputs/apply_negation.registered_twos_comp_hblknm.a_smaller.gen_full_slices[2].gen_fdre[3].ff_ai
  -------------------------------------------------------------------
                         required time                         -1.894    
                         arrival time                           1.904    
  -------------------------------------------------------------------
                         slack                                  0.010    

Slack (MET) :             0.010ns  (arrival time - required time)
  Source:                 thz_pipeline_top_i/xfft_1/U0/i_synth/non_native_floating_point.xfft_inst/non_floating_point.arch_b.xfft_inst/single_channel.datapath/pe/mult_gen.Mult1/i_cmpy/three_mult_structure.use_dsp.i_dsp/optionally_negate_inputs/apply_negation.registered_twos_comp_hblknm.gen_full_slices[3].gen_fdre[0].ff_bi/C
                            (rising edge-triggered cell FDRE clocked by clk_pl_0  {rise@0.000ns fall@1.666ns period=3.333ns})
  Destination:            thz_pipeline_top_i/xfft_1/U0/i_synth/non_native_floating_point.xfft_inst/non_floating_point.arch_b.xfft_inst/single_channel.datapath/pe/mult_gen.Mult1/i_cmpy/three_mult_structure.use_dsp.i_dsp/mult1_preadder_d_plus_a.mult1/mult/use_prim.iBdelx[0].iBdely[0].need_delay_line.Bdelay/dN.std_srl.shift_reg_reg[0][12]/D
                            (rising edge-triggered cell FDRE clocked by clk_pl_0  {rise@0.000ns fall@1.666ns period=3.333ns})
  Path Group:             clk_pl_0
  Path Type:              Hold (Min at Slow Process Corner)
  Requirement:            0.000ns  (clk_pl_0 rise@0.000ns - clk_pl_0 rise@0.000ns)
  Data Path Delay:        0.181ns  (logic 0.058ns (31.973%)  route 0.123ns (68.027%))
  Logic Levels:           0  
  Clock Path Skew:        0.109ns (DCD - SCD - CPR)
    Destination Clock Delay (DCD):    2.136ns
    Source Clock Delay      (SCD):    1.859ns
    Clock Pessimism Removal (CPR):    0.168ns
  Clock Net Delay (Source):      1.691ns (routing 0.512ns, distribution 1.179ns)
  Clock Net Delay (Destination): 1.928ns (routing 0.569ns, distribution 1.359ns)

    Location             Delay type                Incr(ns)  Path(ns)    Netlist Resource(s)
  -------------------------------------------------------------------    -------------------
                         (clock clk_pl_0 rise edge)
                                                      0.000     0.000 r  
    PS8_X0Y0             PS8                          0.000     0.000 r  thz_pipeline_top_i/zynq_ultra_ps_e_0/inst/PS8_i/PLCLK[0]
                         net (fo=1, routed)           0.143     0.143    thz_pipeline_top_i/zynq_ultra_ps_e_0/inst/pl_clk_unbuffered[0]
    BUFG_PS_X0Y80        BUFG_PS (Prop_BUFG_PS_I_O)
                                                      0.025     0.168 r  thz_pipeline_top_i/zynq_ultra_ps_e_0/inst/buffer_pl_clk_0.PL_CLK_0_BUFG/O
    X1Y2 (CLOCK_ROOT)    net (fo=30604, routed)       1.691     1.859    thz_pipeline_top_i/xfft_1/U0/i_synth/non_native_floating_point.xfft_inst/non_floating_point.arch_b.xfft_inst/single_channel.datapath/pe/mult_gen.Mult1/i_cmpy/three_mult_structure.use_dsp.i_dsp/optionally_negate_inputs/aclk
    SLICE_X73Y120        FDRE                                         r  thz_pipeline_top_i/xfft_1/U0/i_synth/non_native_floating_point.xfft_inst/non_floating_point.arch_b.xfft_inst/single_channel.datapath/pe/mult_gen.Mult1/i_cmpy/three_mult_structure.use_dsp.i_dsp/optionally_negate_inputs/apply_negation.registered_twos_comp_hblknm.gen_full_slices[3].gen_fdre[0].ff_bi/C
  -------------------------------------------------------------------    -------------------
    SLICE_X73Y120        FDRE (Prop_EFF_SLICEM_C_Q)
                                                      0.058     1.917 r  thz_pipeline_top_i/xfft_1/U0/i_synth/non_native_floating_point.xfft_inst/non_floating_point.arch_b.xfft_inst/single_channel.datapath/pe/mult_gen.Mult1/i_cmpy/three_mult_structure.use_dsp.i_dsp/optionally_negate_inputs/apply_negation.registered_twos_comp_hblknm.gen_full_slices[3].gen_fdre[0].ff_bi/Q
                         net (fo=2, routed)           0.123     2.040    thz_pipeline_top_i/xfft_1/U0/i_synth/non_native_floating_point.xfft_inst/non_floating_point.arch_b.xfft_inst/single_channel.datapath/pe/mult_gen.Mult1/i_cmpy/three_mult_structure.use_dsp.i_dsp/mult1_preadder_d_plus_a.mult1/mult/use_prim.iBdelx[0].iBdely[0].need_delay_line.Bdelay/dN.std_srl.shift_reg_reg[0][17]_0[12]
    SLICE_X71Y121        FDRE                                         r  thz_pipeline_top_i/xfft_1/U0/i_synth/non_native_floating_point.xfft_inst/non_floating_point.arch_b.xfft_inst/single_channel.datapath/pe/mult_gen.Mult1/i_cmpy/three_mult_structure.use_dsp.i_dsp/mult1_preadder_d_plus_a.mult1/mult/use_prim.iBdelx[0].iBdely[0].need_delay_line.Bdelay/dN.std_srl.shift_reg_reg[0][12]/D
  -------------------------------------------------------------------    -------------------

                         (clock clk_pl_0 rise edge)
                                                      0.000     0.000 r  
    PS8_X0Y0             PS8                          0.000     0.000 r  thz_pipeline_top_i/zynq_ultra_ps_e_0/inst/PS8_i/PLCLK[0]
                         net (fo=1, routed)           0.180     0.180    thz_pipeline_top_i/zynq_ultra_ps_e_0/inst/pl_clk_unbuffered[0]
    BUFG_PS_X0Y80        BUFG_PS (Prop_BUFG_PS_I_O)
                                                      0.028     0.208 r  thz_pipeline_top_i/zynq_ultra_ps_e_0/inst/buffer_pl_clk_0.PL_CLK_0_BUFG/O
    X1Y2 (CLOCK_ROOT)    net (fo=30604, routed)       1.928     2.136    thz_pipeline_top_i/xfft_1/U0/i_synth/non_native_floating_point.xfft_inst/non_floating_point.arch_b.xfft_inst/single_channel.datapath/pe/mult_gen.Mult1/i_cmpy/three_mult_structure.use_dsp.i_dsp/mult1_preadder_d_plus_a.mult1/mult/use_prim.iBdelx[0].iBdely[0].need_delay_line.Bdelay/aclk
    SLICE_X71Y121        FDRE                                         r  thz_pipeline_top_i/xfft_1/U0/i_synth/non_native_floating_point.xfft_inst/non_floating_point.arch_b.xfft_inst/single_channel.datapath/pe/mult_gen.Mult1/i_cmpy/three_mult_structure.use_dsp.i_dsp/mult1_preadder_d_plus_a.mult1/mult/use_prim.iBdelx[0].iBdely[0].need_delay_line.Bdelay/dN.std_srl.shift_reg_reg[0][12]/C
                         clock pessimism             -0.168     1.968    
    SLICE_X71Y121        FDRE (Hold_EFF2_SLICEM_C_D)
                                                      0.062     2.030    thz_pipeline_top_i/xfft_1/U0/i_synth/non_native_floating_point.xfft_inst/non_floating_point.arch_b.xfft_inst/single_channel.datapath/pe/mult_gen.Mult1/i_cmpy/three_mult_structure.use_dsp.i_dsp/mult1_preadder_d_plus_a.mult1/mult/use_prim.iBdelx[0].iBdely[0].need_delay_line.Bdelay/dN.std_srl.shift_reg_reg[0][12]
  -------------------------------------------------------------------
                         required time                         -2.030    
                         arrival time                           2.040    
  -------------------------------------------------------------------
                         slack                                  0.010    

Slack (MET) :             0.010ns  (arrival time - required time)
  Source:                 thz_pipeline_top_i/axi_smc/inst/switchboards/aw_switchboard/inst/gen_mi[0].inst_opipe_payld/gen_pipe[1].pipe_reg[1][136]/C
                            (rising edge-triggered cell FDRE clocked by clk_pl_0  {rise@0.000ns fall@1.666ns period=3.333ns})
  Destination:            thz_pipeline_top_i/axi_smc/inst/m00_nodes/m00_aw_node/inst/inst_mi_handler/gen_normal_area.inst_fifo_node_payld/gen_xpm_memory_fifo.inst_fifo/gen_mem_rep[0].inst_xpm_memory/xpm_memory_base_inst/gen_wr_a.gen_word_narrow.mem_reg_0_31_126_139/RAMF/I
                            (rising edge-triggered cell RAMD32 clocked by clk_pl_0  {rise@0.000ns fall@1.666ns period=3.333ns})
  Path Group:             clk_pl_0
  Path Type:              Hold (Min at Slow Process Corner)
  Requirement:            0.000ns  (clk_pl_0 rise@0.000ns - clk_pl_0 rise@0.000ns)
  Data Path Delay:        0.219ns  (logic 0.060ns (27.397%)  route 0.159ns (72.603%))
  Logic Levels:           0  
  Clock Path Skew:        0.131ns (DCD - SCD - CPR)
    Destination Clock Delay (DCD):    2.037ns
    Source Clock Delay      (SCD):    1.742ns
    Clock Pessimism Removal (CPR):    0.164ns
  Clock Net Delay (Source):      1.574ns (routing 0.512ns, distribution 1.062ns)
  Clock Net Delay (Destination): 1.829ns (routing 0.569ns, distribution 1.260ns)

    Location             Delay type                Incr(ns)  Path(ns)    Netlist Resource(s)
  -------------------------------------------------------------------    -------------------
                         (clock clk_pl_0 rise edge)
                                                      0.000     0.000 r  
    PS8_X0Y0             PS8                          0.000     0.000 r  thz_pipeline_top_i/zynq_ultra_ps_e_0/inst/PS8_i/PLCLK[0]
                         net (fo=1, routed)           0.143     0.143    thz_pipeline_top_i/zynq_ultra_ps_e_0/inst/pl_clk_unbuffered[0]
    BUFG_PS_X0Y80        BUFG_PS (Prop_BUFG_PS_I_O)
                                                      0.025     0.168 r  thz_pipeline_top_i/zynq_ultra_ps_e_0/inst/buffer_pl_clk_0.PL_CLK_0_BUFG/O
    X1Y2 (CLOCK_ROOT)    net (fo=30604, routed)       1.574     1.742    thz_pipeline_top_i/axi_smc/inst/switchboards/aw_switchboard/inst/gen_mi[0].inst_opipe_payld/aclk
    SLICE_X60Y76         FDRE                                         r  thz_pipeline_top_i/axi_smc/inst/switchboards/aw_switchboard/inst/gen_mi[0].inst_opipe_payld/gen_pipe[1].pipe_reg[1][136]/C
  -------------------------------------------------------------------    -------------------
    SLICE_X60Y76         FDRE (Prop_FFF2_SLICEL_C_Q)
                                                      0.060     1.802 r  thz_pipeline_top_i/axi_smc/inst/switchboards/aw_switchboard/inst/gen_mi[0].inst_opipe_payld/gen_pipe[1].pipe_reg[1][136]/Q
                         net (fo=1, routed)           0.159     1.961    thz_pipeline_top_i/axi_smc/inst/m00_nodes/m00_aw_node/inst/inst_mi_handler/gen_normal_area.inst_fifo_node_payld/gen_xpm_memory_fifo.inst_fifo/gen_mem_rep[0].inst_xpm_memory/xpm_memory_base_inst/gen_wr_a.gen_word_narrow.mem_reg_0_31_126_139/DIF0
    SLICE_X61Y76         RAMD32                                       r  thz_pipeline_top_i/axi_smc/inst/m00_nodes/m00_aw_node/inst/inst_mi_handler/gen_normal_area.inst_fifo_node_payld/gen_xpm_memory_fifo.inst_fifo/gen_mem_rep[0].inst_xpm_memory/xpm_memory_base_inst/gen_wr_a.gen_word_narrow.mem_reg_0_31_126_139/RAMF/I
  -------------------------------------------------------------------    -------------------

                         (clock clk_pl_0 rise edge)
                                                      0.000     0.000 r  
    PS8_X0Y0             PS8                          0.000     0.000 r  thz_pipeline_top_i/zynq_ultra_ps_e_0/inst/PS8_i/PLCLK[0]
                         net (fo=1, routed)           0.180     0.180    thz_pipeline_top_i/zynq_ultra_ps_e_0/inst/pl_clk_unbuffered[0]
    BUFG_PS_X0Y80        BUFG_PS (Prop_BUFG_PS_I_O)
                                                      0.028     0.208 r  thz_pipeline_top_i/zynq_ultra_ps_e_0/inst/buffer_pl_clk_0.PL_CLK_0_BUFG/O
    X1Y2 (CLOCK_ROOT)    net (fo=30604, routed)       1.829     2.037    thz_pipeline_top_i/axi_smc/inst/m00_nodes/m00_aw_node/inst/inst_mi_handler/gen_normal_area.inst_fifo_node_payld/gen_xpm_memory_fifo.inst_fifo/gen_mem_rep[0].inst_xpm_memory/xpm_memory_base_inst/gen_wr_a.gen_word_narrow.mem_reg_0_31_126_139/WCLK
    SLICE_X61Y76         RAMD32                                       r  thz_pipeline_top_i/axi_smc/inst/m00_nodes/m00_aw_node/inst/inst_mi_handler/gen_normal_area.inst_fifo_node_payld/gen_xpm_memory_fifo.inst_fifo/gen_mem_rep[0].inst_xpm_memory/xpm_memory_base_inst/gen_wr_a.gen_word_narrow.mem_reg_0_31_126_139/RAMF/CLK
                         clock pessimism             -0.164     1.872    
    SLICE_X61Y76         RAMD32 (Hold_F5LUT_SLICEM_CLK_I)
                                                      0.078     1.950    thz_pipeline_top_i/axi_smc/inst/m00_nodes/m00_aw_node/inst/inst_mi_handler/gen_normal_area.inst_fifo_node_payld/gen_xpm_memory_fifo.inst_fifo/gen_mem_rep[0].inst_xpm_memory/xpm_memory_base_inst/gen_wr_a.gen_word_narrow.mem_reg_0_31_126_139/RAMF
  -------------------------------------------------------------------
                         required time                         -1.950    
                         arrival time                           1.961    
  -------------------------------------------------------------------
                         slack                                  0.010    

Slack (MET) :             0.010ns  (arrival time - required time)
  Source:                 thz_pipeline_top_i/xfft_3/U0/i_synth/non_native_floating_point.xfft_inst/non_floating_point.arch_b.xfft_inst/single_channel.datapath/pe/mult_gen.logic_dragonfly.dragonfly_inst/BF_3/logic_butterfly.sub_r/subtracter/i_baseblox.i_baseblox_addsub/no_pipelining.the_addsub/i_lut6.i_lut6_addsub/i_q.i_simple.qreg/i_no_async_controls.output_reg[10]/C
                            (rising edge-triggered cell FDRE clocked by clk_pl_0  {rise@0.000ns fall@1.666ns period=3.333ns})
  Destination:            thz_pipeline_top_i/xfft_3/U0/i_synth/non_native_floating_point.xfft_inst/non_floating_point.arch_b.xfft_inst/single_channel.datapath/pe/scaler_gen.scaler_3r/scale_mux/four_inputs.use_lut6.no_lut_sclr.four_to_one_mux[12].latency1.reg/D
                            (rising edge-triggered cell FDRE clocked by clk_pl_0  {rise@0.000ns fall@1.666ns period=3.333ns})
  Path Group:             clk_pl_0
  Path Type:              Hold (Min at Slow Process Corner)
  Requirement:            0.000ns  (clk_pl_0 rise@0.000ns - clk_pl_0 rise@0.000ns)
  Data Path Delay:        0.169ns  (logic 0.080ns (47.251%)  route 0.089ns (52.749%))
  Logic Levels:           1  (LUT3=1)
  Clock Path Skew:        0.099ns (DCD - SCD - CPR)
    Destination Clock Delay (DCD):    2.025ns
    Source Clock Delay      (SCD):    1.758ns
    Clock Pessimism Removal (CPR):    0.168ns
  Clock Net Delay (Source):      1.590ns (routing 0.512ns, distribution 1.078ns)
  Clock Net Delay (Destination): 1.817ns (routing 0.569ns, distribution 1.248ns)

    Location             Delay type                Incr(ns)  Path(ns)    Netlist Resource(s)
  -------------------------------------------------------------------    -------------------
                         (clock clk_pl_0 rise edge)
                                                      0.000     0.000 r  
    PS8_X0Y0             PS8                          0.000     0.000 r  thz_pipeline_top_i/zynq_ultra_ps_e_0/inst/PS8_i/PLCLK[0]
                         net (fo=1, routed)           0.143     0.143    thz_pipeline_top_i/zynq_ultra_ps_e_0/inst/pl_clk_unbuffered[0]
    BUFG_PS_X0Y80        BUFG_PS (Prop_BUFG_PS_I_O)
                                                      0.025     0.168 r  thz_pipeline_top_i/zynq_ultra_ps_e_0/inst/buffer_pl_clk_0.PL_CLK_0_BUFG/O
    X1Y2 (CLOCK_ROOT)    net (fo=30604, routed)       1.590     1.758    thz_pipeline_top_i/xfft_3/U0/i_synth/non_native_floating_point.xfft_inst/non_floating_point.arch_b.xfft_inst/single_channel.datapath/pe/mult_gen.logic_dragonfly.dragonfly_inst/BF_3/logic_butterfly.sub_r/subtracter/i_baseblox.i_baseblox_addsub/no_pipelining.the_addsub/i_lut6.i_lut6_addsub/i_q.i_simple.qreg/CLK
    SLICE_X61Y46         FDRE                                         r  thz_pipeline_top_i/xfft_3/U0/i_synth/non_native_floating_point.xfft_inst/non_floating_point.arch_b.xfft_inst/single_channel.datapath/pe/mult_gen.logic_dragonfly.dragonfly_inst/BF_3/logic_butterfly.sub_r/subtracter/i_baseblox.i_baseblox_addsub/no_pipelining.the_addsub/i_lut6.i_lut6_addsub/i_q.i_simple.qreg/i_no_async_controls.output_reg[10]/C
  -------------------------------------------------------------------    -------------------
    SLICE_X61Y46         FDRE (Prop_BFF_SLICEM_C_Q)
                                                      0.058     1.816 r  thz_pipeline_top_i/xfft_3/U0/i_synth/non_native_floating_point.xfft_inst/non_floating_point.arch_b.xfft_inst/single_channel.datapath/pe/mult_gen.logic_dragonfly.dragonfly_inst/BF_3/logic_butterfly.sub_r/subtracter/i_baseblox.i_baseblox_addsub/no_pipelining.the_addsub/i_lut6.i_lut6_addsub/i_q.i_simple.qreg/i_no_async_controls.output_reg[10]/Q
                         net (fo=2, routed)           0.067     1.883    thz_pipeline_top_i/xfft_3/U0/i_synth/non_native_floating_point.xfft_inst/non_floating_point.arch_b.xfft_inst/single_channel.datapath/pe/scaler_gen.scaler_3r/scale_mux/four_inputs.use_lut6.no_lut_sclr.four_to_one_mux[21].mux41_0[6]
    SLICE_X59Y45         LUT3 (Prop_G6LUT_SLICEL_I0_O)
                                                      0.022     1.905 r  thz_pipeline_top_i/xfft_3/U0/i_synth/non_native_floating_point.xfft_inst/non_floating_point.arch_b.xfft_inst/single_channel.datapath/pe/scaler_gen.scaler_3r/scale_mux/four_inputs.use_lut6.no_lut_sclr.four_to_one_mux[12].mux41/O
                         net (fo=1, routed)           0.022     1.927    thz_pipeline_top_i/xfft_3/U0/i_synth/non_native_floating_point.xfft_inst/non_floating_point.arch_b.xfft_inst/single_channel.datapath/pe/scaler_gen.scaler_3r/scale_mux/four_inputs.use_lut6.no_lut_sclr.four_to_one_mux[12].mux_out
    SLICE_X59Y45         FDRE                                         r  thz_pipeline_top_i/xfft_3/U0/i_synth/non_native_floating_point.xfft_inst/non_floating_point.arch_b.xfft_inst/single_channel.datapath/pe/scaler_gen.scaler_3r/scale_mux/four_inputs.use_lut6.no_lut_sclr.four_to_one_mux[12].latency1.reg/D
  -------------------------------------------------------------------    -------------------

                         (clock clk_pl_0 rise edge)
                                                      0.000     0.000 r  
    PS8_X0Y0             PS8                          0.000     0.000 r  thz_pipeline_top_i/zynq_ultra_ps_e_0/inst/PS8_i/PLCLK[0]
                         net (fo=1, routed)           0.180     0.180    thz_pipeline_top_i/zynq_ultra_ps_e_0/inst/pl_clk_unbuffered[0]
    BUFG_PS_X0Y80        BUFG_PS (Prop_BUFG_PS_I_O)
                                                      0.028     0.208 r  thz_pipeline_top_i/zynq_ultra_ps_e_0/inst/buffer_pl_clk_0.PL_CLK_0_BUFG/O
    X1Y2 (CLOCK_ROOT)    net (fo=30604, routed)       1.817     2.025    thz_pipeline_top_i/xfft_3/U0/i_synth/non_native_floating_point.xfft_inst/non_floating_point.arch_b.xfft_inst/single_channel.datapath/pe/scaler_gen.scaler_3r/scale_mux/aclk
    SLICE_X59Y45         FDRE                                         r  thz_pipeline_top_i/xfft_3/U0/i_synth/non_native_floating_point.xfft_inst/non_floating_point.arch_b.xfft_inst/single_channel.datapath/pe/scaler_gen.scaler_3r/scale_mux/four_inputs.use_lut6.no_lut_sclr.four_to_one_mux[12].latency1.reg/C
                         clock pessimism             -0.168     1.857    
    SLICE_X59Y45         FDRE (Hold_GFF_SLICEL_C_D)
                                                      0.060     1.917    thz_pipeline_top_i/xfft_3/U0/i_synth/non_native_floating_point.xfft_inst/non_floating_point.arch_b.xfft_inst/single_channel.datapath/pe/scaler_gen.scaler_3r/scale_mux/four_inputs.use_lut6.no_lut_sclr.four_to_one_mux[12].latency1.reg
  -------------------------------------------------------------------
                         required time                         -1.917    
                         arrival time                           1.927    
  -------------------------------------------------------------------
                         slack                                  0.010    

Slack (MET) :             0.010ns  (arrival time - required time)
  Source:                 thz_pipeline_top_i/axi_smc1/inst/switchboards/w_switchboard/inst/gen_mi[0].inst_opipe_payld/gen_pipe[1].pipe_reg[1][142]/C
                            (rising edge-triggered cell FDRE clocked by clk_pl_0  {rise@0.000ns fall@1.666ns period=3.333ns})
  Destination:            thz_pipeline_top_i/axi_smc1/inst/m00_nodes/m00_w_node/inst/inst_mi_handler/gen_normal_area.inst_fifo_node_payld/gen_xpm_memory_fifo.inst_fifo/gen_mem_rep[0].inst_xpm_memory/xpm_memory_base_inst/gen_wr_a.gen_word_narrow.mem_reg_0_31_140_153/RAMB/I
                            (rising edge-triggered cell RAMD32 clocked by clk_pl_0  {rise@0.000ns fall@1.666ns period=3.333ns})
  Path Group:             clk_pl_0
  Path Type:              Hold (Min at Slow Process Corner)
  Requirement:            0.000ns  (clk_pl_0 rise@0.000ns - clk_pl_0 rise@0.000ns)
  Data Path Delay:        0.225ns  (logic 0.057ns (25.333%)  route 0.168ns (74.667%))
  Logic Levels:           0  
  Clock Path Skew:        0.137ns (DCD - SCD - CPR)
    Destination Clock Delay (DCD):    2.034ns
    Source Clock Delay      (SCD):    1.733ns
    Clock Pessimism Removal (CPR):    0.164ns
  Clock Net Delay (Source):      1.565ns (routing 0.512ns, distribution 1.053ns)
  Clock Net Delay (Destination): 1.826ns (routing 0.569ns, distribution 1.257ns)

    Location             Delay type                Incr(ns)  Path(ns)    Netlist Resource(s)
  -------------------------------------------------------------------    -------------------
                         (clock clk_pl_0 rise edge)
                                                      0.000     0.000 r  
    PS8_X0Y0             PS8                          0.000     0.000 r  thz_pipeline_top_i/zynq_ultra_ps_e_0/inst/PS8_i/PLCLK[0]
                         net (fo=1, routed)           0.143     0.143    thz_pipeline_top_i/zynq_ultra_ps_e_0/inst/pl_clk_unbuffered[0]
    BUFG_PS_X0Y80        BUFG_PS (Prop_BUFG_PS_I_O)
                                                      0.025     0.168 r  thz_pipeline_top_i/zynq_ultra_ps_e_0/inst/buffer_pl_clk_0.PL_CLK_0_BUFG/O
    X1Y2 (CLOCK_ROOT)    net (fo=30604, routed)       1.565     1.733    thz_pipeline_top_i/axi_smc1/inst/switchboards/w_switchboard/inst/gen_mi[0].inst_opipe_payld/aclk
    SLICE_X57Y88         FDRE                                         r  thz_pipeline_top_i/axi_smc1/inst/switchboards/w_switchboard/inst/gen_mi[0].inst_opipe_payld/gen_pipe[1].pipe_reg[1][142]/C
  -------------------------------------------------------------------    -------------------
    SLICE_X57Y88         FDRE (Prop_FFF_SLICEM_C_Q)
                                                      0.057     1.790 r  thz_pipeline_top_i/axi_smc1/inst/switchboards/w_switchboard/inst/gen_mi[0].inst_opipe_payld/gen_pipe[1].pipe_reg[1][142]/Q
                         net (fo=1, routed)           0.168     1.958    thz_pipeline_top_i/axi_smc1/inst/m00_nodes/m00_w_node/inst/inst_mi_handler/gen_normal_area.inst_fifo_node_payld/gen_xpm_memory_fifo.inst_fifo/gen_mem_rep[0].inst_xpm_memory/xpm_memory_base_inst/gen_wr_a.gen_word_narrow.mem_reg_0_31_140_153/DIB0
    SLICE_X54Y84         RAMD32                                       r  thz_pipeline_top_i/axi_smc1/inst/m00_nodes/m00_w_node/inst/inst_mi_handler/gen_normal_area.inst_fifo_node_payld/gen_xpm_memory_fifo.inst_fifo/gen_mem_rep[0].inst_xpm_memory/xpm_memory_base_inst/gen_wr_a.gen_word_narrow.mem_reg_0_31_140_153/RAMB/I
  -------------------------------------------------------------------    -------------------

                         (clock clk_pl_0 rise edge)
                                                      0.000     0.000 r  
    PS8_X0Y0             PS8                          0.000     0.000 r  thz_pipeline_top_i/zynq_ultra_ps_e_0/inst/PS8_i/PLCLK[0]
                         net (fo=1, routed)           0.180     0.180    thz_pipeline_top_i/zynq_ultra_ps_e_0/inst/pl_clk_unbuffered[0]
    BUFG_PS_X0Y80        BUFG_PS (Prop_BUFG_PS_I_O)
                                                      0.028     0.208 r  thz_pipeline_top_i/zynq_ultra_ps_e_0/inst/buffer_pl_clk_0.PL_CLK_0_BUFG/O
    X1Y2 (CLOCK_ROOT)    net (fo=30604, routed)       1.826     2.034    thz_pipeline_top_i/axi_smc1/inst/m00_nodes/m00_w_node/inst/inst_mi_handler/gen_normal_area.inst_fifo_node_payld/gen_xpm_memory_fifo.inst_fifo/gen_mem_rep[0].inst_xpm_memory/xpm_memory_base_inst/gen_wr_a.gen_word_narrow.mem_reg_0_31_140_153/WCLK
    SLICE_X54Y84         RAMD32                                       r  thz_pipeline_top_i/axi_smc1/inst/m00_nodes/m00_w_node/inst/inst_mi_handler/gen_normal_area.inst_fifo_node_payld/gen_xpm_memory_fifo.inst_fifo/gen_mem_rep[0].inst_xpm_memory/xpm_memory_base_inst/gen_wr_a.gen_word_narrow.mem_reg_0_31_140_153/RAMB/CLK
                         clock pessimism             -0.164     1.870    
    SLICE_X54Y84         RAMD32 (Hold_B5LUT_SLICEM_CLK_I)
                                                      0.078     1.948    thz_pipeline_top_i/axi_smc1/inst/m00_nodes/m00_w_node/inst/inst_mi_handler/gen_normal_area.inst_fifo_node_payld/gen_xpm_memory_fifo.inst_fifo/gen_mem_rep[0].inst_xpm_memory/xpm_memory_base_inst/gen_wr_a.gen_word_narrow.mem_reg_0_31_140_153/RAMB
  -------------------------------------------------------------------
                         required time                         -1.948    
                         arrival time                           1.958    
  -------------------------------------------------------------------
                         slack                                  0.010    

Slack (MET) :             0.010ns  (arrival time - required time)
  Source:                 thz_pipeline_top_i/xfft_1/U0/i_synth/axi_wrapper/data_in_channel_fifo/gen_real_time.data_out_reg[32]/C
                            (rising edge-triggered cell FDRE clocked by clk_pl_0  {rise@0.000ns fall@1.666ns period=3.333ns})
  Destination:            thz_pipeline_top_i/xfft_1/U0/i_synth/non_native_floating_point.xfft_inst/non_floating_point.arch_b.xfft_inst/single_channel.datapath/input_delay_im/no_sclr_lut.real_shift_ram.use_baseblock.use_hlutnm_srls.srl_loop[7].i_srl16e1/D
                            (rising edge-triggered cell SRL16E clocked by clk_pl_0  {rise@0.000ns fall@1.666ns period=3.333ns})
  Path Group:             clk_pl_0
  Path Type:              Hold (Min at Slow Process Corner)
  Requirement:            0.000ns  (clk_pl_0 rise@0.000ns - clk_pl_0 rise@0.000ns)
  Data Path Delay:        0.156ns  (logic 0.058ns (37.179%)  route 0.098ns (62.820%))
  Logic Levels:           0  
  Clock Path Skew:        0.094ns (DCD - SCD - CPR)
    Destination Clock Delay (DCD):    2.036ns
    Source Clock Delay      (SCD):    1.736ns
    Clock Pessimism Removal (CPR):    0.206ns
  Clock Net Delay (Source):      1.568ns (routing 0.512ns, distribution 1.056ns)
  Clock Net Delay (Destination): 1.828ns (routing 0.569ns, distribution 1.259ns)

    Location             Delay type                Incr(ns)  Path(ns)    Netlist Resource(s)
  -------------------------------------------------------------------    -------------------
                         (clock clk_pl_0 rise edge)
                                                      0.000     0.000 r  
    PS8_X0Y0             PS8                          0.000     0.000 r  thz_pipeline_top_i/zynq_ultra_ps_e_0/inst/PS8_i/PLCLK[0]
                         net (fo=1, routed)           0.143     0.143    thz_pipeline_top_i/zynq_ultra_ps_e_0/inst/pl_clk_unbuffered[0]
    BUFG_PS_X0Y80        BUFG_PS (Prop_BUFG_PS_I_O)
                                                      0.025     0.168 r  thz_pipeline_top_i/zynq_ultra_ps_e_0/inst/buffer_pl_clk_0.PL_CLK_0_BUFG/O
    X1Y2 (CLOCK_ROOT)    net (fo=30604, routed)       1.568     1.736    thz_pipeline_top_i/xfft_1/U0/i_synth/axi_wrapper/data_in_channel_fifo/aclk
    SLICE_X57Y126        FDRE                                         r  thz_pipeline_top_i/xfft_1/U0/i_synth/axi_wrapper/data_in_channel_fifo/gen_real_time.data_out_reg[32]/C
  -------------------------------------------------------------------    -------------------
    SLICE_X57Y126        FDRE (Prop_GFF_SLICEM_C_Q)
                                                      0.058     1.794 r  thz_pipeline_top_i/xfft_1/U0/i_synth/axi_wrapper/data_in_channel_fifo/gen_real_time.data_out_reg[32]/Q
                         net (fo=1, routed)           0.098     1.892    thz_pipeline_top_i/xfft_1/U0/i_synth/non_native_floating_point.xfft_inst/non_floating_point.arch_b.xfft_inst/single_channel.datapath/input_delay_im/no_sclr_lut.real_shift_ram.use_baseblock.use_hlutnm_srls.srl_loop[7].i_srl16e1_0[15]
    SLICE_X57Y125        SRL16E                                       r  thz_pipeline_top_i/xfft_1/U0/i_synth/non_native_floating_point.xfft_inst/non_floating_point.arch_b.xfft_inst/single_channel.datapath/input_delay_im/no_sclr_lut.real_shift_ram.use_baseblock.use_hlutnm_srls.srl_loop[7].i_srl16e1/D
  -------------------------------------------------------------------    -------------------

                         (clock clk_pl_0 rise edge)
                                                      0.000     0.000 r  
    PS8_X0Y0             PS8                          0.000     0.000 r  thz_pipeline_top_i/zynq_ultra_ps_e_0/inst/PS8_i/PLCLK[0]
                         net (fo=1, routed)           0.180     0.180    thz_pipeline_top_i/zynq_ultra_ps_e_0/inst/pl_clk_unbuffered[0]
    BUFG_PS_X0Y80        BUFG_PS (Prop_BUFG_PS_I_O)
                                                      0.028     0.208 r  thz_pipeline_top_i/zynq_ultra_ps_e_0/inst/buffer_pl_clk_0.PL_CLK_0_BUFG/O
    X1Y2 (CLOCK_ROOT)    net (fo=30604, routed)       1.828     2.036    thz_pipeline_top_i/xfft_1/U0/i_synth/non_native_floating_point.xfft_inst/non_floating_point.arch_b.xfft_inst/single_channel.datapath/input_delay_im/aclk
    SLICE_X57Y125        SRL16E                                       r  thz_pipeline_top_i/xfft_1/U0/i_synth/non_native_floating_point.xfft_inst/non_floating_point.arch_b.xfft_inst/single_channel.datapath/input_delay_im/no_sclr_lut.real_shift_ram.use_baseblock.use_hlutnm_srls.srl_loop[7].i_srl16e1/CLK
                         clock pessimism             -0.206     1.830    
    SLICE_X57Y125        SRL16E (Hold_E5LUT_SLICEM_CLK_D)
                                                      0.052     1.882    thz_pipeline_top_i/xfft_1/U0/i_synth/non_native_floating_point.xfft_inst/non_floating_point.arch_b.xfft_inst/single_channel.datapath/input_delay_im/no_sclr_lut.real_shift_ram.use_baseblock.use_hlutnm_srls.srl_loop[7].i_srl16e1
  -------------------------------------------------------------------
                         required time                         -1.882    
                         arrival time                           1.892    
  -------------------------------------------------------------------
                         slack                                  0.010    

Slack (MET) :             0.010ns  (arrival time - required time)
  Source:                 thz_pipeline_top_i/axi_smc1/inst/s01_entry_pipeline/s01_mmu/inst/gen_endpoint.w_cnt_reg[0]/C
                            (rising edge-triggered cell FDRE clocked by clk_pl_0  {rise@0.000ns fall@1.666ns period=3.333ns})
  Destination:            thz_pipeline_top_i/axi_smc1/inst/s01_entry_pipeline/s01_mmu/inst/gen_endpoint.w_enable_reg/D
                            (rising edge-triggered cell FDRE clocked by clk_pl_0  {rise@0.000ns fall@1.666ns period=3.333ns})
  Path Group:             clk_pl_0
  Path Type:              Hold (Min at Slow Process Corner)
  Requirement:            0.000ns  (clk_pl_0 rise@0.000ns - clk_pl_0 rise@0.000ns)
  Data Path Delay:        0.175ns  (logic 0.083ns (47.366%)  route 0.092ns (52.635%))
  Logic Levels:           1  (LUT5=1)
  Clock Path Skew:        0.105ns (DCD - SCD - CPR)
    Destination Clock Delay (DCD):    1.984ns
    Source Clock Delay      (SCD):    1.721ns
    Clock Pessimism Removal (CPR):    0.158ns
  Clock Net Delay (Source):      1.553ns (routing 0.512ns, distribution 1.041ns)
  Clock Net Delay (Destination): 1.776ns (routing 0.569ns, distribution 1.207ns)

    Location             Delay type                Incr(ns)  Path(ns)    Netlist Resource(s)
  -------------------------------------------------------------------    -------------------
                         (clock clk_pl_0 rise edge)
                                                      0.000     0.000 r  
    PS8_X0Y0             PS8                          0.000     0.000 r  thz_pipeline_top_i/zynq_ultra_ps_e_0/inst/PS8_i/PLCLK[0]
                         net (fo=1, routed)           0.143     0.143    thz_pipeline_top_i/zynq_ultra_ps_e_0/inst/pl_clk_unbuffered[0]
    BUFG_PS_X0Y80        BUFG_PS (Prop_BUFG_PS_I_O)
                                                      0.025     0.168 r  thz_pipeline_top_i/zynq_ultra_ps_e_0/inst/buffer_pl_clk_0.PL_CLK_0_BUFG/O
    X1Y2 (CLOCK_ROOT)    net (fo=30604, routed)       1.553     1.721    thz_pipeline_top_i/axi_smc1/inst/s01_entry_pipeline/s01_mmu/inst/aclk
    SLICE_X61Y169        FDRE                                         r  thz_pipeline_top_i/axi_smc1/inst/s01_entry_pipeline/s01_mmu/inst/gen_endpoint.w_cnt_reg[0]/C
  -------------------------------------------------------------------    -------------------
    SLICE_X61Y169        FDRE (Prop_DFF2_SLICEM_C_Q)
                                                      0.061     1.782 f  thz_pipeline_top_i/axi_smc1/inst/s01_entry_pipeline/s01_mmu/inst/gen_endpoint.w_cnt_reg[0]/Q
                         net (fo=7, routed)           0.070     1.852    thz_pipeline_top_i/axi_smc1/inst/s01_entry_pipeline/s01_mmu/inst/w_sreg/Q[0]
    SLICE_X60Y169        LUT5 (Prop_G6LUT_SLICEL_I0_O)
                                                      0.022     1.874 r  thz_pipeline_top_i/axi_smc1/inst/s01_entry_pipeline/s01_mmu/inst/w_sreg/gen_endpoint.w_enable_i_1/O
                         net (fo=1, routed)           0.022     1.896    thz_pipeline_top_i/axi_smc1/inst/s01_entry_pipeline/s01_mmu/inst/w_sreg_n_515
    SLICE_X60Y169        FDRE                                         r  thz_pipeline_top_i/axi_smc1/inst/s01_entry_pipeline/s01_mmu/inst/gen_endpoint.w_enable_reg/D
  -------------------------------------------------------------------    -------------------

                         (clock clk_pl_0 rise edge)
                                                      0.000     0.000 r  
    PS8_X0Y0             PS8                          0.000     0.000 r  thz_pipeline_top_i/zynq_ultra_ps_e_0/inst/PS8_i/PLCLK[0]
                         net (fo=1, routed)           0.180     0.180    thz_pipeline_top_i/zynq_ultra_ps_e_0/inst/pl_clk_unbuffered[0]
    BUFG_PS_X0Y80        BUFG_PS (Prop_BUFG_PS_I_O)
                                                      0.028     0.208 r  thz_pipeline_top_i/zynq_ultra_ps_e_0/inst/buffer_pl_clk_0.PL_CLK_0_BUFG/O
    X1Y2 (CLOCK_ROOT)    net (fo=30604, routed)       1.776     1.984    thz_pipeline_top_i/axi_smc1/inst/s01_entry_pipeline/s01_mmu/inst/aclk
    SLICE_X60Y169        FDRE                                         r  thz_pipeline_top_i/axi_smc1/inst/s01_entry_pipeline/s01_mmu/inst/gen_endpoint.w_enable_reg/C
                         clock pessimism             -0.158     1.826    
    SLICE_X60Y169        FDRE (Hold_GFF_SLICEL_C_D)
                                                      0.060     1.886    thz_pipeline_top_i/axi_smc1/inst/s01_entry_pipeline/s01_mmu/inst/gen_endpoint.w_enable_reg
  -------------------------------------------------------------------
                         required time                         -1.886    
                         arrival time                           1.896    
  -------------------------------------------------------------------
                         slack                                  0.010    

Slack (MET) :             0.011ns  (arrival time - required time)
  Source:                 thz_pipeline_top_i/xfft_2/U0/i_synth/non_native_floating_point.xfft_inst/non_floating_point.arch_b.xfft_inst/control/control/dig_rev_reg[7]/C
                            (rising edge-triggered cell FDRE clocked by clk_pl_0  {rise@0.000ns fall@1.666ns period=3.333ns})
  Destination:            thz_pipeline_top_i/xfft_2/U0/i_synth/non_native_floating_point.xfft_inst/non_floating_point.arch_b.xfft_inst/control/out_address_gen/p2_mux/use_lut6_2.latency1.Q_reg[7]/D
                            (rising edge-triggered cell FDRE clocked by clk_pl_0  {rise@0.000ns fall@1.666ns period=3.333ns})
  Path Group:             clk_pl_0
  Path Type:              Hold (Min at Slow Process Corner)
  Requirement:            0.000ns  (clk_pl_0 rise@0.000ns - clk_pl_0 rise@0.000ns)
  Data Path Delay:        0.166ns  (logic 0.058ns (34.855%)  route 0.108ns (65.145%))
  Logic Levels:           0  
  Clock Path Skew:        0.094ns (DCD - SCD - CPR)
    Destination Clock Delay (DCD):    1.991ns
    Source Clock Delay      (SCD):    1.733ns
    Clock Pessimism Removal (CPR):    0.164ns
  Clock Net Delay (Source):      1.565ns (routing 0.512ns, distribution 1.053ns)
  Clock Net Delay (Destination): 1.783ns (routing 0.569ns, distribution 1.214ns)

    Location             Delay type                Incr(ns)  Path(ns)    Netlist Resource(s)
  -------------------------------------------------------------------    -------------------
                         (clock clk_pl_0 rise edge)
                                                      0.000     0.000 r  
    PS8_X0Y0             PS8                          0.000     0.000 r  thz_pipeline_top_i/zynq_ultra_ps_e_0/inst/PS8_i/PLCLK[0]
                         net (fo=1, routed)           0.143     0.143    thz_pipeline_top_i/zynq_ultra_ps_e_0/inst/pl_clk_unbuffered[0]
    BUFG_PS_X0Y80        BUFG_PS (Prop_BUFG_PS_I_O)
                                                      0.025     0.168 r  thz_pipeline_top_i/zynq_ultra_ps_e_0/inst/buffer_pl_clk_0.PL_CLK_0_BUFG/O
    X1Y2 (CLOCK_ROOT)    net (fo=30604, routed)       1.565     1.733    thz_pipeline_top_i/xfft_2/U0/i_synth/non_native_floating_point.xfft_inst/non_floating_point.arch_b.xfft_inst/control/control/aclk
    SLICE_X59Y97         FDRE                                         r  thz_pipeline_top_i/xfft_2/U0/i_synth/non_native_floating_point.xfft_inst/non_floating_point.arch_b.xfft_inst/control/control/dig_rev_reg[7]/C
  -------------------------------------------------------------------    -------------------
    SLICE_X59Y97         FDRE (Prop_CFF_SLICEL_C_Q)
                                                      0.058     1.791 r  thz_pipeline_top_i/xfft_2/U0/i_synth/non_native_floating_point.xfft_inst/non_floating_point.arch_b.xfft_inst/control/control/dig_rev_reg[7]/Q
                         net (fo=2, routed)           0.108     1.899    thz_pipeline_top_i/xfft_2/U0/i_synth/non_native_floating_point.xfft_inst/non_floating_point.arch_b.xfft_inst/control/out_address_gen/p2_mux/use_lut6_2.gen_full_lut6_2s[3].mlut1_0[7]
    SLICE_X58Y96         FDRE                                         r  thz_pipeline_top_i/xfft_2/U0/i_synth/non_native_floating_point.xfft_inst/non_floating_point.arch_b.xfft_inst/control/out_address_gen/p2_mux/use_lut6_2.latency1.Q_reg[7]/D
  -------------------------------------------------------------------    -------------------

                         (clock clk_pl_0 rise edge)
                                                      0.000     0.000 r  
    PS8_X0Y0             PS8                          0.000     0.000 r  thz_pipeline_top_i/zynq_ultra_ps_e_0/inst/PS8_i/PLCLK[0]
                         net (fo=1, routed)           0.180     0.180    thz_pipeline_top_i/zynq_ultra_ps_e_0/inst/pl_clk_unbuffered[0]
    BUFG_PS_X0Y80        BUFG_PS (Prop_BUFG_PS_I_O)
                                                      0.028     0.208 r  thz_pipeline_top_i/zynq_ultra_ps_e_0/inst/buffer_pl_clk_0.PL_CLK_0_BUFG/O
    X1Y2 (CLOCK_ROOT)    net (fo=30604, routed)       1.783     1.991    thz_pipeline_top_i/xfft_2/U0/i_synth/non_native_floating_point.xfft_inst/non_floating_point.arch_b.xfft_inst/control/out_address_gen/p2_mux/aclk
    SLICE_X58Y96         FDRE                                         r  thz_pipeline_top_i/xfft_2/U0/i_synth/non_native_floating_point.xfft_inst/non_floating_point.arch_b.xfft_inst/control/out_address_gen/p2_mux/use_lut6_2.latency1.Q_reg[7]/C
                         clock pessimism             -0.164     1.827    
    SLICE_X58Y96         FDRE (Hold_EFF2_SLICEL_C_D)
                                                      0.062     1.889    thz_pipeline_top_i/xfft_2/U0/i_synth/non_native_floating_point.xfft_inst/non_floating_point.arch_b.xfft_inst/control/out_address_gen/p2_mux/use_lut6_2.latency1.Q_reg[7]
  -------------------------------------------------------------------
                         required time                         -1.889    
                         arrival time                           1.899    
  -------------------------------------------------------------------
                         slack                                  0.011    

Slack (MET) :             0.011ns  (arrival time - required time)
  Source:                 thz_pipeline_top_i/axi_smc/inst/m00_nodes/m00_b_node/inst/inst_mi_handler/gen_normal_area.inst_fifo_node_payld/gen_xpm_memory_fifo.inst_fifo/gen_mem_rep[0].inst_wr_addra/count_r_reg[0]/C
                            (rising edge-triggered cell FDRE clocked by clk_pl_0  {rise@0.000ns fall@1.666ns period=3.333ns})
  Destination:            thz_pipeline_top_i/axi_smc/inst/m00_nodes/m00_b_node/inst/inst_mi_handler/gen_normal_area.inst_fifo_node_payld/gen_xpm_memory_fifo.inst_fifo/gen_mem_rep[0].inst_xpm_memory/xpm_memory_base_inst/gen_wr_a.gen_word_narrow.mem_reg_0_31_0_6/RAMA/WADR0
                            (rising edge-triggered cell RAMD32 clocked by clk_pl_0  {rise@0.000ns fall@1.666ns period=3.333ns})
  Path Group:             clk_pl_0
  Path Type:              Hold (Min at Slow Process Corner)
  Requirement:            0.000ns  (clk_pl_0 rise@0.000ns - clk_pl_0 rise@0.000ns)
  Data Path Delay:        0.203ns  (logic 0.058ns (28.514%)  route 0.145ns (71.486%))
  Logic Levels:           0  
  Clock Path Skew:        0.108ns (DCD - SCD - CPR)
    Destination Clock Delay (DCD):    2.014ns
    Source Clock Delay      (SCD):    1.742ns
    Clock Pessimism Removal (CPR):    0.164ns
  Clock Net Delay (Source):      1.574ns (routing 0.512ns, distribution 1.062ns)
  Clock Net Delay (Destination): 1.806ns (routing 0.569ns, distribution 1.237ns)

    Location             Delay type                Incr(ns)  Path(ns)    Netlist Resource(s)
  -------------------------------------------------------------------    -------------------
                         (clock clk_pl_0 rise edge)
                                                      0.000     0.000 r  
    PS8_X0Y0             PS8                          0.000     0.000 r  thz_pipeline_top_i/zynq_ultra_ps_e_0/inst/PS8_i/PLCLK[0]
                         net (fo=1, routed)           0.143     0.143    thz_pipeline_top_i/zynq_ultra_ps_e_0/inst/pl_clk_unbuffered[0]
    BUFG_PS_X0Y80        BUFG_PS (Prop_BUFG_PS_I_O)
                                                      0.025     0.168 r  thz_pipeline_top_i/zynq_ultra_ps_e_0/inst/buffer_pl_clk_0.PL_CLK_0_BUFG/O
    X1Y2 (CLOCK_ROOT)    net (fo=30604, routed)       1.574     1.742    thz_pipeline_top_i/axi_smc/inst/m00_nodes/m00_b_node/inst/inst_mi_handler/gen_normal_area.inst_fifo_node_payld/gen_xpm_memory_fifo.inst_fifo/gen_mem_rep[0].inst_wr_addra/s_sc_aclk
    SLICE_X60Y107        FDRE                                         r  thz_pipeline_top_i/axi_smc/inst/m00_nodes/m00_b_node/inst/inst_mi_handler/gen_normal_area.inst_fifo_node_payld/gen_xpm_memory_fifo.inst_fifo/gen_mem_rep[0].inst_wr_addra/count_r_reg[0]/C
  -------------------------------------------------------------------    -------------------
    SLICE_X60Y107        FDRE (Prop_CFF_SLICEL_C_Q)
                                                      0.058     1.800 r  thz_pipeline_top_i/axi_smc/inst/m00_nodes/m00_b_node/inst/inst_mi_handler/gen_normal_area.inst_fifo_node_payld/gen_xpm_memory_fifo.inst_fifo/gen_mem_rep[0].inst_wr_addra/count_r_reg[0]/Q
                         net (fo=23, routed)          0.145     1.945    thz_pipeline_top_i/axi_smc/inst/m00_nodes/m00_b_node/inst/inst_mi_handler/gen_normal_area.inst_fifo_node_payld/gen_xpm_memory_fifo.inst_fifo/gen_mem_rep[0].inst_xpm_memory/xpm_memory_base_inst/gen_wr_a.gen_word_narrow.mem_reg_0_31_0_6/ADDRH0
    SLICE_X61Y109        RAMD32                                       r  thz_pipeline_top_i/axi_smc/inst/m00_nodes/m00_b_node/inst/inst_mi_handler/gen_normal_area.inst_fifo_node_payld/gen_xpm_memory_fifo.inst_fifo/gen_mem_rep[0].inst_xpm_memory/xpm_memory_base_inst/gen_wr_a.gen_word_narrow.mem_reg_0_31_0_6/RAMA/WADR0
  -------------------------------------------------------------------    -------------------

                         (clock clk_pl_0 rise edge)
                                                      0.000     0.000 r  
    PS8_X0Y0             PS8                          0.000     0.000 r  thz_pipeline_top_i/zynq_ultra_ps_e_0/inst/PS8_i/PLCLK[0]
                         net (fo=1, routed)           0.180     0.180    thz_pipeline_top_i/zynq_ultra_ps_e_0/inst/pl_clk_unbuffered[0]
    BUFG_PS_X0Y80        BUFG_PS (Prop_BUFG_PS_I_O)
                                                      0.028     0.208 r  thz_pipeline_top_i/zynq_ultra_ps_e_0/inst/buffer_pl_clk_0.PL_CLK_0_BUFG/O
    X1Y2 (CLOCK_ROOT)    net (fo=30604, routed)       1.806     2.014    thz_pipeline_top_i/axi_smc/inst/m00_nodes/m00_b_node/inst/inst_mi_handler/gen_normal_area.inst_fifo_node_payld/gen_xpm_memory_fifo.inst_fifo/gen_mem_rep[0].inst_xpm_memory/xpm_memory_base_inst/gen_wr_a.gen_word_narrow.mem_reg_0_31_0_6/WCLK
    SLICE_X61Y109        RAMD32                                       r  thz_pipeline_top_i/axi_smc/inst/m00_nodes/m00_b_node/inst/inst_mi_handler/gen_normal_area.inst_fifo_node_payld/gen_xpm_memory_fifo.inst_fifo/gen_mem_rep[0].inst_xpm_memory/xpm_memory_base_inst/gen_wr_a.gen_word_narrow.mem_reg_0_31_0_6/RAMA/CLK
                         clock pessimism             -0.164     1.850    
    SLICE_X61Y109        RAMD32 (Hold_A5LUT_SLICEM_CLK_WADR0)
                                                      0.085     1.935    thz_pipeline_top_i/axi_smc/inst/m00_nodes/m00_b_node/inst/inst_mi_handler/gen_normal_area.inst_fifo_node_payld/gen_xpm_memory_fifo.inst_fifo/gen_mem_rep[0].inst_xpm_memory/xpm_memory_base_inst/gen_wr_a.gen_word_narrow.mem_reg_0_31_0_6/RAMA
  -------------------------------------------------------------------
                         required time                         -1.935    
                         arrival time                           1.945    
  -------------------------------------------------------------------
                         slack                                  0.011    





Pulse Width Checks
--------------------------------------------------------------------------------------
Clock Name:         clk_pl_0
Waveform(ns):       { 0.000 1.666 }
Period(ns):         3.333
Sources:            { thz_pipeline_top_i/zynq_ultra_ps_e_0/inst/PS8_i/PLCLK[0] }

Check Type        Corner  Lib Pin             Reference Pin  Required(ns)  Actual(ns)  Slack(ns)  Location      Pin
Min Period        n/a     PS8/MAXIGP2ACLK     n/a            3.000         3.333       0.333      PS8_X0Y0      thz_pipeline_top_i/zynq_ultra_ps_e_0/inst/PS8_i/MAXIGP2ACLK
Min Period        n/a     PS8/SAXIGP0RCLK     n/a            3.000         3.333       0.333      PS8_X0Y0      thz_pipeline_top_i/zynq_ultra_ps_e_0/inst/PS8_i/SAXIGP0RCLK
Min Period        n/a     PS8/SAXIGP0WCLK     n/a            3.000         3.333       0.333      PS8_X0Y0      thz_pipeline_top_i/zynq_ultra_ps_e_0/inst/PS8_i/SAXIGP0WCLK
Min Period        n/a     PS8/SAXIGP1RCLK     n/a            3.000         3.333       0.333      PS8_X0Y0      thz_pipeline_top_i/zynq_ultra_ps_e_0/inst/PS8_i/SAXIGP1RCLK
Min Period        n/a     PS8/SAXIGP1WCLK     n/a            3.000         3.333       0.333      PS8_X0Y0      thz_pipeline_top_i/zynq_ultra_ps_e_0/inst/PS8_i/SAXIGP1WCLK
Min Period        n/a     RAMB36E2/CLKARDCLK  n/a            1.569         3.333       1.764      RAMB36_X2Y33  thz_pipeline_top_i/axis_data_fifo_0/inst/gen_fifo.xpm_fifo_axis_inst/xpm_fifo_base_inst/gen_sdpram.xpm_memory_base_inst/gen_wr_a.gen_word_narrow.mem_reg_bram_0/CLKARDCLK
Min Period        n/a     RAMB36E2/CLKARDCLK  n/a            1.569         3.333       1.764      RAMB36_X1Y33  thz_pipeline_top_i/axis_data_fifo_1/inst/gen_fifo.xpm_fifo_axis_inst/xpm_fifo_base_inst/gen_sdpram.xpm_memory_base_inst/gen_wr_a.gen_word_narrow.mem_reg_bram_0/CLKARDCLK
Min Period        n/a     RAMB18E2/CLKARDCLK  n/a            1.569         3.333       1.764      RAMB18_X1Y25  thz_pipeline_top_i/beamformer_top_0/inst/weights_im_1_U/ram_reg_bram_0/CLKARDCLK
Min Period        n/a     RAMB18E2/CLKARDCLK  n/a            1.569         3.333       1.764      RAMB18_X1Y43  thz_pipeline_top_i/beamformer_top_0/inst/weights_im_2_U/ram_reg_bram_0/CLKARDCLK
Min Period        n/a     RAMB18E2/CLKARDCLK  n/a            1.569         3.333       1.764      RAMB18_X1Y24  thz_pipeline_top_i/beamformer_top_0/inst/weights_im_3_U/ram_reg_bram_0/CLKARDCLK
Low Pulse Width   Slow    PS8/MAXIGP2ACLK     n/a            1.500         1.667       0.167      PS8_X0Y0      thz_pipeline_top_i/zynq_ultra_ps_e_0/inst/PS8_i/MAXIGP2ACLK
Low Pulse Width   Fast    PS8/MAXIGP2ACLK     n/a            1.500         1.666       0.166      PS8_X0Y0      thz_pipeline_top_i/zynq_ultra_ps_e_0/inst/PS8_i/MAXIGP2ACLK
Low Pulse Width   Slow    PS8/SAXIGP0RCLK     n/a            1.500         1.667       0.167      PS8_X0Y0      thz_pipeline_top_i/zynq_ultra_ps_e_0/inst/PS8_i/SAXIGP0RCLK
Low Pulse Width   Fast    PS8/SAXIGP0RCLK     n/a            1.500         1.666       0.166      PS8_X0Y0      thz_pipeline_top_i/zynq_ultra_ps_e_0/inst/PS8_i/SAXIGP0RCLK
Low Pulse Width   Slow    PS8/SAXIGP0WCLK     n/a            1.500         1.667       0.167      PS8_X0Y0      thz_pipeline_top_i/zynq_ultra_ps_e_0/inst/PS8_i/SAXIGP0WCLK
Low Pulse Width   Fast    PS8/SAXIGP0WCLK     n/a            1.500         1.666       0.166      PS8_X0Y0      thz_pipeline_top_i/zynq_ultra_ps_e_0/inst/PS8_i/SAXIGP0WCLK
Low Pulse Width   Slow    PS8/SAXIGP1RCLK     n/a            1.500         1.667       0.167      PS8_X0Y0      thz_pipeline_top_i/zynq_ultra_ps_e_0/inst/PS8_i/SAXIGP1RCLK
Low Pulse Width   Fast    PS8/SAXIGP1RCLK     n/a            1.500         1.667       0.167      PS8_X0Y0      thz_pipeline_top_i/zynq_ultra_ps_e_0/inst/PS8_i/SAXIGP1RCLK
Low Pulse Width   Slow    PS8/SAXIGP1WCLK     n/a            1.500         1.667       0.167      PS8_X0Y0      thz_pipeline_top_i/zynq_ultra_ps_e_0/inst/PS8_i/SAXIGP1WCLK
Low Pulse Width   Fast    PS8/SAXIGP1WCLK     n/a            1.500         1.667       0.167      PS8_X0Y0      thz_pipeline_top_i/zynq_ultra_ps_e_0/inst/PS8_i/SAXIGP1WCLK
High Pulse Width  Slow    PS8/MAXIGP2ACLK     n/a            1.500         1.667       0.167      PS8_X0Y0      thz_pipeline_top_i/zynq_ultra_ps_e_0/inst/PS8_i/MAXIGP2ACLK
High Pulse Width  Fast    PS8/MAXIGP2ACLK     n/a            1.500         1.666       0.166      PS8_X0Y0      thz_pipeline_top_i/zynq_ultra_ps_e_0/inst/PS8_i/MAXIGP2ACLK
High Pulse Width  Slow    PS8/SAXIGP0RCLK     n/a            1.500         1.666       0.166      PS8_X0Y0      thz_pipeline_top_i/zynq_ultra_ps_e_0/inst/PS8_i/SAXIGP0RCLK
High Pulse Width  Fast    PS8/SAXIGP0RCLK     n/a            1.500         1.667       0.167      PS8_X0Y0      thz_pipeline_top_i/zynq_ultra_ps_e_0/inst/PS8_i/SAXIGP0RCLK
High Pulse Width  Slow    PS8/SAXIGP0WCLK     n/a            1.500         1.666       0.166      PS8_X0Y0      thz_pipeline_top_i/zynq_ultra_ps_e_0/inst/PS8_i/SAXIGP0WCLK
High Pulse Width  Fast    PS8/SAXIGP0WCLK     n/a            1.500         1.667       0.167      PS8_X0Y0      thz_pipeline_top_i/zynq_ultra_ps_e_0/inst/PS8_i/SAXIGP0WCLK
High Pulse Width  Slow    PS8/SAXIGP1RCLK     n/a            1.500         1.666       0.166      PS8_X0Y0      thz_pipeline_top_i/zynq_ultra_ps_e_0/inst/PS8_i/SAXIGP1RCLK
High Pulse Width  Fast    PS8/SAXIGP1RCLK     n/a            1.500         1.666       0.166      PS8_X0Y0      thz_pipeline_top_i/zynq_ultra_ps_e_0/inst/PS8_i/SAXIGP1RCLK
High Pulse Width  Slow    PS8/SAXIGP1WCLK     n/a            1.500         1.666       0.166      PS8_X0Y0      thz_pipeline_top_i/zynq_ultra_ps_e_0/inst/PS8_i/SAXIGP1WCLK
High Pulse Width  Fast    PS8/SAXIGP1WCLK     n/a            1.500         1.666       0.166      PS8_X0Y0      thz_pipeline_top_i/zynq_ultra_ps_e_0/inst/PS8_i/SAXIGP1WCLK



--------------------------------------------------------------------------------------
Path Group:  (none)
From Clock:  
  To Clock:  clk_pl_0

Max Delay             1 Endpoint
Min Delay             1 Endpoint
--------------------------------------------------------------------------------------


Max Delay Paths
--------------------------------------------------------------------------------------
Slack:                    inf
  Source:                 thz_pipeline_top_i/zynq_ultra_ps_e_0/inst/PS8_i/EMIOGPIOO[95]
                            (internal pin)
  Destination:            thz_pipeline_top_i/rst_ps8_0_266M/U0/EXT_LPF/ACTIVE_LOW_EXT.ACT_LO_EXT/GENERATE_LEVEL_P_S_CDC.SINGLE_BIT.CROSS_PLEVEL_IN2SCNDRY_IN_cdc_to/D
                            (rising edge-triggered cell FDRE clocked by clk_pl_0  {rise@0.000ns fall@1.666ns period=3.333ns})
  Path Group:             (none)
  Path Type:              Setup (Max at Slow Process Corner)
  Data Path Delay:        1.558ns  (logic 0.035ns (2.246%)  route 1.523ns (97.754%))
  Logic Levels:           1  (LUT1=1)
  Clock Uncertainty:      0.100ns  ((TSJ^2 + DJ^2)^1/2) / 2 + PE
    Total System Jitter     (TSJ):    0.050ns
    Discrete Jitter          (DJ):    0.195ns
    Phase Error              (PE):    0.000ns
  Clock Net Delay (Destination): 1.537ns (routing 0.512ns, distribution 1.025ns)
  Timing Exception:       False Path

    Location             Delay type                Incr(ns)  Path(ns)    Netlist Resource(s)
  -------------------------------------------------------------------    -------------------
    PS8_X0Y0             PS8                          0.000     0.000 f  thz_pipeline_top_i/zynq_ultra_ps_e_0/inst/PS8_i/EMIOGPIOO[95]
                         net (fo=1, routed)           1.194     1.194    thz_pipeline_top_i/rst_ps8_0_266M/U0/EXT_LPF/ACTIVE_LOW_EXT.ACT_LO_EXT/ext_reset_in
    SLICE_X52Y136        LUT1 (Prop_C6LUT_SLICEL_I0_O)
                                                      0.035     1.229 r  thz_pipeline_top_i/rst_ps8_0_266M/U0/EXT_LPF/ACTIVE_LOW_EXT.ACT_LO_EXT/GENERATE_LEVEL_P_S_CDC.SINGLE_BIT.CROSS_PLEVEL_IN2SCNDRY_IN_cdc_to_i_1/O
                         net (fo=1, routed)           0.329     1.558    thz_pipeline_top_i/rst_ps8_0_266M/U0/EXT_LPF/ACTIVE_LOW_EXT.ACT_LO_EXT/exr_d1
    SLICE_X52Y125        FDRE                                         r  thz_pipeline_top_i/rst_ps8_0_266M/U0/EXT_LPF/ACTIVE_LOW_EXT.ACT_LO_EXT/GENERATE_LEVEL_P_S_CDC.SINGLE_BIT.CROSS_PLEVEL_IN2SCNDRY_IN_cdc_to/D
  -------------------------------------------------------------------    -------------------

                         (clock clk_pl_0 rise edge)
                                                      0.000     0.000 r  
    PS8_X0Y0             PS8                          0.000     0.000 r  thz_pipeline_top_i/zynq_ultra_ps_e_0/inst/PS8_i/PLCLK[0]
                         net (fo=1, routed)           0.143     0.143    thz_pipeline_top_i/zynq_ultra_ps_e_0/inst/pl_clk_unbuffered[0]
    BUFG_PS_X0Y80        BUFG_PS (Prop_BUFG_PS_I_O)
                                                      0.025     0.168 r  thz_pipeline_top_i/zynq_ultra_ps_e_0/inst/buffer_pl_clk_0.PL_CLK_0_BUFG/O
    X1Y2 (CLOCK_ROOT)    net (fo=30604, routed)       1.537     1.705    thz_pipeline_top_i/rst_ps8_0_266M/U0/EXT_LPF/ACTIVE_LOW_EXT.ACT_LO_EXT/slowest_sync_clk
    SLICE_X52Y125        FDRE                                         r  thz_pipeline_top_i/rst_ps8_0_266M/U0/EXT_LPF/ACTIVE_LOW_EXT.ACT_LO_EXT/GENERATE_LEVEL_P_S_CDC.SINGLE_BIT.CROSS_PLEVEL_IN2SCNDRY_IN_cdc_to/C





Min Delay Paths
--------------------------------------------------------------------------------------
Slack:                    inf
  Source:                 thz_pipeline_top_i/zynq_ultra_ps_e_0/inst/PS8_i/EMIOGPIOO[95]
                            (internal pin)
  Destination:            thz_pipeline_top_i/rst_ps8_0_266M/U0/EXT_LPF/ACTIVE_LOW_EXT.ACT_LO_EXT/GENERATE_LEVEL_P_S_CDC.SINGLE_BIT.CROSS_PLEVEL_IN2SCNDRY_IN_cdc_to/D
                            (rising edge-triggered cell FDRE clocked by clk_pl_0  {rise@0.000ns fall@1.666ns period=3.333ns})
  Path Group:             (none)
  Path Type:              Hold (Min at Fast Process Corner)
  Data Path Delay:        0.783ns  (logic 0.014ns (1.788%)  route 0.769ns (98.212%))
  Logic Levels:           1  (LUT1=1)
  Clock Uncertainty:      0.100ns  ((TSJ^2 + DJ^2)^1/2) / 2 + PE
    Total System Jitter     (TSJ):    0.050ns
    Discrete Jitter          (DJ):    0.195ns
    Phase Error              (PE):    0.000ns
  Clock Net Delay (Destination): 1.081ns (routing 0.352ns, distribution 0.729ns)
  Timing Exception:       False Path

    Location             Delay type                Incr(ns)  Path(ns)    Netlist Resource(s)
  -------------------------------------------------------------------    -------------------
    PS8_X0Y0             PS8                          0.000     0.000 f  thz_pipeline_top_i/zynq_ultra_ps_e_0/inst/PS8_i/EMIOGPIOO[95]
                         net (fo=1, routed)           0.622     0.622    thz_pipeline_top_i/rst_ps8_0_266M/U0/EXT_LPF/ACTIVE_LOW_EXT.ACT_LO_EXT/ext_reset_in
    SLICE_X52Y136        LUT1 (Prop_C6LUT_SLICEL_I0_O)
                                                      0.014     0.636 r  thz_pipeline_top_i/rst_ps8_0_266M/U0/EXT_LPF/ACTIVE_LOW_EXT.ACT_LO_EXT/GENERATE_LEVEL_P_S_CDC.SINGLE_BIT.CROSS_PLEVEL_IN2SCNDRY_IN_cdc_to_i_1/O
                         net (fo=1, routed)           0.147     0.783    thz_pipeline_top_i/rst_ps8_0_266M/U0/EXT_LPF/ACTIVE_LOW_EXT.ACT_LO_EXT/exr_d1
    SLICE_X52Y125        FDRE                                         r  thz_pipeline_top_i/rst_ps8_0_266M/U0/EXT_LPF/ACTIVE_LOW_EXT.ACT_LO_EXT/GENERATE_LEVEL_P_S_CDC.SINGLE_BIT.CROSS_PLEVEL_IN2SCNDRY_IN_cdc_to/D
  -------------------------------------------------------------------    -------------------

                         (clock clk_pl_0 rise edge)
                                                      0.000     0.000 r  
    PS8_X0Y0             PS8                          0.000     0.000 r  thz_pipeline_top_i/zynq_ultra_ps_e_0/inst/PS8_i/PLCLK[0]
                         net (fo=1, routed)           0.154     0.154    thz_pipeline_top_i/zynq_ultra_ps_e_0/inst/pl_clk_unbuffered[0]
    BUFG_PS_X0Y80        BUFG_PS (Prop_BUFG_PS_I_O)
                                                      0.018     0.172 r  thz_pipeline_top_i/zynq_ultra_ps_e_0/inst/buffer_pl_clk_0.PL_CLK_0_BUFG/O
    X1Y2 (CLOCK_ROOT)    net (fo=30604, routed)       1.081     1.253    thz_pipeline_top_i/rst_ps8_0_266M/U0/EXT_LPF/ACTIVE_LOW_EXT.ACT_LO_EXT/slowest_sync_clk
    SLICE_X52Y125        FDRE                                         r  thz_pipeline_top_i/rst_ps8_0_266M/U0/EXT_LPF/ACTIVE_LOW_EXT.ACT_LO_EXT/GENERATE_LEVEL_P_S_CDC.SINGLE_BIT.CROSS_PLEVEL_IN2SCNDRY_IN_cdc_to/C





--------------------------------------------------------------------------------------
Path Group:  (none)
From Clock:  clk_pl_0
  To Clock:  clk_pl_0

Max Delay           104 Endpoints
Min Delay           104 Endpoints
--------------------------------------------------------------------------------------


Max Delay Paths
--------------------------------------------------------------------------------------
Slack:                    inf
  Source:                 thz_pipeline_top_i/axi_smc/inst/clk_map/psr_aclk/U0/ACTIVE_LOW_BSR_OUT_DFF[0].FDRE_BSR_N/C
                            (rising edge-triggered cell FDRE clocked by clk_pl_0  {rise@0.000ns fall@1.666ns period=3.333ns})
  Destination:            thz_pipeline_top_i/axi_smc/inst/m00_nodes/m00_w_node/inst/s_sc_xpm_cdc_async_rst_inst/arststages_ff_reg[0]/CLR
                            (recovery check against rising-edge clock clk_pl_0  {rise@0.000ns fall@1.666ns period=3.333ns})
  Path Group:             (none)
  Path Type:              Recovery (Max at Slow Process Corner)
  Data Path Delay:        3.296ns  (logic 0.078ns (2.366%)  route 3.218ns (97.634%))
  Logic Levels:           0  
  Clock Path Skew:        -0.296ns (DCD - SCD + CPR)
    Destination Clock Delay (DCD):    1.771ns
    Source Clock Delay      (SCD):    2.067ns
    Clock Pessimism Removal (CPR):    0.000ns
  Clock Uncertainty:      0.104ns  ((TSJ^2 + DJ^2)^1/2) / 2 + PE
    Total System Jitter     (TSJ):    0.071ns
    Discrete Jitter          (DJ):    0.195ns
    Phase Error              (PE):    0.000ns
  Clock Net Delay (Source):      1.859ns (routing 0.569ns, distribution 1.290ns)
  Clock Net Delay (Destination): 1.603ns (routing 0.512ns, distribution 1.091ns)
  Timing Exception:       False Path

    Location             Delay type                Incr(ns)  Path(ns)    Netlist Resource(s)
  -------------------------------------------------------------------    -------------------
                         (clock clk_pl_0 rise edge)
                                                      0.000     0.000 r  
    PS8_X0Y0             PS8                          0.000     0.000 r  thz_pipeline_top_i/zynq_ultra_ps_e_0/inst/PS8_i/PLCLK[0]
                         net (fo=1, routed)           0.180     0.180    thz_pipeline_top_i/zynq_ultra_ps_e_0/inst/pl_clk_unbuffered[0]
    BUFG_PS_X0Y80        BUFG_PS (Prop_BUFG_PS_I_O)
                                                      0.028     0.208 r  thz_pipeline_top_i/zynq_ultra_ps_e_0/inst/buffer_pl_clk_0.PL_CLK_0_BUFG/O
    X1Y2 (CLOCK_ROOT)    net (fo=30604, routed)       1.859     2.067    thz_pipeline_top_i/axi_smc/inst/clk_map/psr_aclk/U0/aclk
    SLICE_X54Y242        FDRE                                         r  thz_pipeline_top_i/axi_smc/inst/clk_map/psr_aclk/U0/ACTIVE_LOW_BSR_OUT_DFF[0].FDRE_BSR_N/C
  -------------------------------------------------------------------    -------------------
    SLICE_X54Y242        FDRE (Prop_DFF_SLICEM_C_Q)
                                                      0.078     2.145 r  thz_pipeline_top_i/axi_smc/inst/clk_map/psr_aclk/U0/ACTIVE_LOW_BSR_OUT_DFF[0].FDRE_BSR_N/Q
                         net (fo=51, routed)          3.218     5.363    thz_pipeline_top_i/axi_smc/inst/m00_nodes/m00_w_node/inst/s_sc_xpm_cdc_async_rst_inst/src_arst
    SLICE_X64Y61         FDCE                                         f  thz_pipeline_top_i/axi_smc/inst/m00_nodes/m00_w_node/inst/s_sc_xpm_cdc_async_rst_inst/arststages_ff_reg[0]/CLR  (IS_INVERTED)
  -------------------------------------------------------------------    -------------------

                         (clock clk_pl_0 rise edge)
                                                      0.000     0.000 r  
    PS8_X0Y0             PS8                          0.000     0.000 r  thz_pipeline_top_i/zynq_ultra_ps_e_0/inst/PS8_i/PLCLK[0]
                         net (fo=1, routed)           0.143     0.143    thz_pipeline_top_i/zynq_ultra_ps_e_0/inst/pl_clk_unbuffered[0]
    BUFG_PS_X0Y80        BUFG_PS (Prop_BUFG_PS_I_O)
                                                      0.025     0.168 r  thz_pipeline_top_i/zynq_ultra_ps_e_0/inst/buffer_pl_clk_0.PL_CLK_0_BUFG/O
    X1Y2 (CLOCK_ROOT)    net (fo=30604, routed)       1.603     1.771    thz_pipeline_top_i/axi_smc/inst/m00_nodes/m00_w_node/inst/s_sc_xpm_cdc_async_rst_inst/dest_clk
    SLICE_X64Y61         FDCE                                         r  thz_pipeline_top_i/axi_smc/inst/m00_nodes/m00_w_node/inst/s_sc_xpm_cdc_async_rst_inst/arststages_ff_reg[0]/C

Slack:                    inf
  Source:                 thz_pipeline_top_i/axi_smc/inst/clk_map/psr_aclk/U0/ACTIVE_LOW_BSR_OUT_DFF[0].FDRE_BSR_N/C
                            (rising edge-triggered cell FDRE clocked by clk_pl_0  {rise@0.000ns fall@1.666ns period=3.333ns})
  Destination:            thz_pipeline_top_i/axi_smc/inst/m00_nodes/m00_w_node/inst/s_sc_xpm_cdc_async_rst_inst/arststages_ff_reg[1]/CLR
                            (recovery check against rising-edge clock clk_pl_0  {rise@0.000ns fall@1.666ns period=3.333ns})
  Path Group:             (none)
  Path Type:              Recovery (Max at Slow Process Corner)
  Data Path Delay:        3.296ns  (logic 0.078ns (2.366%)  route 3.218ns (97.634%))
  Logic Levels:           0  
  Clock Path Skew:        -0.296ns (DCD - SCD + CPR)
    Destination Clock Delay (DCD):    1.771ns
    Source Clock Delay      (SCD):    2.067ns
    Clock Pessimism Removal (CPR):    0.000ns
  Clock Uncertainty:      0.104ns  ((TSJ^2 + DJ^2)^1/2) / 2 + PE
    Total System Jitter     (TSJ):    0.071ns
    Discrete Jitter          (DJ):    0.195ns
    Phase Error              (PE):    0.000ns
  Clock Net Delay (Source):      1.859ns (routing 0.569ns, distribution 1.290ns)
  Clock Net Delay (Destination): 1.603ns (routing 0.512ns, distribution 1.091ns)
  Timing Exception:       False Path

    Location             Delay type                Incr(ns)  Path(ns)    Netlist Resource(s)
  -------------------------------------------------------------------    -------------------
                         (clock clk_pl_0 rise edge)
                                                      0.000     0.000 r  
    PS8_X0Y0             PS8                          0.000     0.000 r  thz_pipeline_top_i/zynq_ultra_ps_e_0/inst/PS8_i/PLCLK[0]
                         net (fo=1, routed)           0.180     0.180    thz_pipeline_top_i/zynq_ultra_ps_e_0/inst/pl_clk_unbuffered[0]
    BUFG_PS_X0Y80        BUFG_PS (Prop_BUFG_PS_I_O)
                                                      0.028     0.208 r  thz_pipeline_top_i/zynq_ultra_ps_e_0/inst/buffer_pl_clk_0.PL_CLK_0_BUFG/O
    X1Y2 (CLOCK_ROOT)    net (fo=30604, routed)       1.859     2.067    thz_pipeline_top_i/axi_smc/inst/clk_map/psr_aclk/U0/aclk
    SLICE_X54Y242        FDRE                                         r  thz_pipeline_top_i/axi_smc/inst/clk_map/psr_aclk/U0/ACTIVE_LOW_BSR_OUT_DFF[0].FDRE_BSR_N/C
  -------------------------------------------------------------------    -------------------
    SLICE_X54Y242        FDRE (Prop_DFF_SLICEM_C_Q)
                                                      0.078     2.145 r  thz_pipeline_top_i/axi_smc/inst/clk_map/psr_aclk/U0/ACTIVE_LOW_BSR_OUT_DFF[0].FDRE_BSR_N/Q
                         net (fo=51, routed)          3.218     5.363    thz_pipeline_top_i/axi_smc/inst/m00_nodes/m00_w_node/inst/s_sc_xpm_cdc_async_rst_inst/src_arst
    SLICE_X64Y61         FDCE                                         f  thz_pipeline_top_i/axi_smc/inst/m00_nodes/m00_w_node/inst/s_sc_xpm_cdc_async_rst_inst/arststages_ff_reg[1]/CLR  (IS_INVERTED)
  -------------------------------------------------------------------    -------------------

                         (clock clk_pl_0 rise edge)
                                                      0.000     0.000 r  
    PS8_X0Y0             PS8                          0.000     0.000 r  thz_pipeline_top_i/zynq_ultra_ps_e_0/inst/PS8_i/PLCLK[0]
                         net (fo=1, routed)           0.143     0.143    thz_pipeline_top_i/zynq_ultra_ps_e_0/inst/pl_clk_unbuffered[0]
    BUFG_PS_X0Y80        BUFG_PS (Prop_BUFG_PS_I_O)
                                                      0.025     0.168 r  thz_pipeline_top_i/zynq_ultra_ps_e_0/inst/buffer_pl_clk_0.PL_CLK_0_BUFG/O
    X1Y2 (CLOCK_ROOT)    net (fo=30604, routed)       1.603     1.771    thz_pipeline_top_i/axi_smc/inst/m00_nodes/m00_w_node/inst/s_sc_xpm_cdc_async_rst_inst/dest_clk
    SLICE_X64Y61         FDCE                                         r  thz_pipeline_top_i/axi_smc/inst/m00_nodes/m00_w_node/inst/s_sc_xpm_cdc_async_rst_inst/arststages_ff_reg[1]/C

Slack:                    inf
  Source:                 thz_pipeline_top_i/axi_smc/inst/clk_map/psr_aclk/U0/ACTIVE_LOW_BSR_OUT_DFF[0].FDRE_BSR_N/C
                            (rising edge-triggered cell FDRE clocked by clk_pl_0  {rise@0.000ns fall@1.666ns period=3.333ns})
  Destination:            thz_pipeline_top_i/axi_smc/inst/m00_nodes/m00_w_node/inst/s_sc_xpm_cdc_async_rst_inst/arststages_ff_reg[2]/CLR
                            (recovery check against rising-edge clock clk_pl_0  {rise@0.000ns fall@1.666ns period=3.333ns})
  Path Group:             (none)
  Path Type:              Recovery (Max at Slow Process Corner)
  Data Path Delay:        3.296ns  (logic 0.078ns (2.366%)  route 3.218ns (97.634%))
  Logic Levels:           0  
  Clock Path Skew:        -0.296ns (DCD - SCD + CPR)
    Destination Clock Delay (DCD):    1.771ns
    Source Clock Delay      (SCD):    2.067ns
    Clock Pessimism Removal (CPR):    0.000ns
  Clock Uncertainty:      0.104ns  ((TSJ^2 + DJ^2)^1/2) / 2 + PE
    Total System Jitter     (TSJ):    0.071ns
    Discrete Jitter          (DJ):    0.195ns
    Phase Error              (PE):    0.000ns
  Clock Net Delay (Source):      1.859ns (routing 0.569ns, distribution 1.290ns)
  Clock Net Delay (Destination): 1.603ns (routing 0.512ns, distribution 1.091ns)
  Timing Exception:       False Path

    Location             Delay type                Incr(ns)  Path(ns)    Netlist Resource(s)
  -------------------------------------------------------------------    -------------------
                         (clock clk_pl_0 rise edge)
                                                      0.000     0.000 r  
    PS8_X0Y0             PS8                          0.000     0.000 r  thz_pipeline_top_i/zynq_ultra_ps_e_0/inst/PS8_i/PLCLK[0]
                         net (fo=1, routed)           0.180     0.180    thz_pipeline_top_i/zynq_ultra_ps_e_0/inst/pl_clk_unbuffered[0]
    BUFG_PS_X0Y80        BUFG_PS (Prop_BUFG_PS_I_O)
                                                      0.028     0.208 r  thz_pipeline_top_i/zynq_ultra_ps_e_0/inst/buffer_pl_clk_0.PL_CLK_0_BUFG/O
    X1Y2 (CLOCK_ROOT)    net (fo=30604, routed)       1.859     2.067    thz_pipeline_top_i/axi_smc/inst/clk_map/psr_aclk/U0/aclk
    SLICE_X54Y242        FDRE                                         r  thz_pipeline_top_i/axi_smc/inst/clk_map/psr_aclk/U0/ACTIVE_LOW_BSR_OUT_DFF[0].FDRE_BSR_N/C
  -------------------------------------------------------------------    -------------------
    SLICE_X54Y242        FDRE (Prop_DFF_SLICEM_C_Q)
                                                      0.078     2.145 r  thz_pipeline_top_i/axi_smc/inst/clk_map/psr_aclk/U0/ACTIVE_LOW_BSR_OUT_DFF[0].FDRE_BSR_N/Q
                         net (fo=51, routed)          3.218     5.363    thz_pipeline_top_i/axi_smc/inst/m00_nodes/m00_w_node/inst/s_sc_xpm_cdc_async_rst_inst/src_arst
    SLICE_X64Y61         FDCE                                         f  thz_pipeline_top_i/axi_smc/inst/m00_nodes/m00_w_node/inst/s_sc_xpm_cdc_async_rst_inst/arststages_ff_reg[2]/CLR  (IS_INVERTED)
  -------------------------------------------------------------------    -------------------

                         (clock clk_pl_0 rise edge)
                                                      0.000     0.000 r  
    PS8_X0Y0             PS8                          0.000     0.000 r  thz_pipeline_top_i/zynq_ultra_ps_e_0/inst/PS8_i/PLCLK[0]
                         net (fo=1, routed)           0.143     0.143    thz_pipeline_top_i/zynq_ultra_ps_e_0/inst/pl_clk_unbuffered[0]
    BUFG_PS_X0Y80        BUFG_PS (Prop_BUFG_PS_I_O)
                                                      0.025     0.168 r  thz_pipeline_top_i/zynq_ultra_ps_e_0/inst/buffer_pl_clk_0.PL_CLK_0_BUFG/O
    X1Y2 (CLOCK_ROOT)    net (fo=30604, routed)       1.603     1.771    thz_pipeline_top_i/axi_smc/inst/m00_nodes/m00_w_node/inst/s_sc_xpm_cdc_async_rst_inst/dest_clk
    SLICE_X64Y61         FDCE                                         r  thz_pipeline_top_i/axi_smc/inst/m00_nodes/m00_w_node/inst/s_sc_xpm_cdc_async_rst_inst/arststages_ff_reg[2]/C

Slack:                    inf
  Source:                 thz_pipeline_top_i/axi_smc/inst/clk_map/psr_aclk/U0/ACTIVE_LOW_BSR_OUT_DFF[0].FDRE_BSR_N/C
                            (rising edge-triggered cell FDRE clocked by clk_pl_0  {rise@0.000ns fall@1.666ns period=3.333ns})
  Destination:            thz_pipeline_top_i/axi_smc/inst/m00_nodes/m00_aw_node/inst/s_sc_xpm_cdc_async_rst_inst/arststages_ff_reg[0]/CLR
                            (recovery check against rising-edge clock clk_pl_0  {rise@0.000ns fall@1.666ns period=3.333ns})
  Path Group:             (none)
  Path Type:              Recovery (Max at Slow Process Corner)
  Data Path Delay:        3.250ns  (logic 0.078ns (2.400%)  route 3.172ns (97.600%))
  Logic Levels:           0  
  Clock Path Skew:        -0.301ns (DCD - SCD + CPR)
    Destination Clock Delay (DCD):    1.766ns
    Source Clock Delay      (SCD):    2.067ns
    Clock Pessimism Removal (CPR):    0.000ns
  Clock Uncertainty:      0.104ns  ((TSJ^2 + DJ^2)^1/2) / 2 + PE
    Total System Jitter     (TSJ):    0.071ns
    Discrete Jitter          (DJ):    0.195ns
    Phase Error              (PE):    0.000ns
  Clock Net Delay (Source):      1.859ns (routing 0.569ns, distribution 1.290ns)
  Clock Net Delay (Destination): 1.598ns (routing 0.512ns, distribution 1.086ns)
  Timing Exception:       False Path

    Location             Delay type                Incr(ns)  Path(ns)    Netlist Resource(s)
  -------------------------------------------------------------------    -------------------
                         (clock clk_pl_0 rise edge)
                                                      0.000     0.000 r  
    PS8_X0Y0             PS8                          0.000     0.000 r  thz_pipeline_top_i/zynq_ultra_ps_e_0/inst/PS8_i/PLCLK[0]
                         net (fo=1, routed)           0.180     0.180    thz_pipeline_top_i/zynq_ultra_ps_e_0/inst/pl_clk_unbuffered[0]
    BUFG_PS_X0Y80        BUFG_PS (Prop_BUFG_PS_I_O)
                                                      0.028     0.208 r  thz_pipeline_top_i/zynq_ultra_ps_e_0/inst/buffer_pl_clk_0.PL_CLK_0_BUFG/O
    X1Y2 (CLOCK_ROOT)    net (fo=30604, routed)       1.859     2.067    thz_pipeline_top_i/axi_smc/inst/clk_map/psr_aclk/U0/aclk
    SLICE_X54Y242        FDRE                                         r  thz_pipeline_top_i/axi_smc/inst/clk_map/psr_aclk/U0/ACTIVE_LOW_BSR_OUT_DFF[0].FDRE_BSR_N/C
  -------------------------------------------------------------------    -------------------
    SLICE_X54Y242        FDRE (Prop_DFF_SLICEM_C_Q)
                                                      0.078     2.145 r  thz_pipeline_top_i/axi_smc/inst/clk_map/psr_aclk/U0/ACTIVE_LOW_BSR_OUT_DFF[0].FDRE_BSR_N/Q
                         net (fo=51, routed)          3.172     5.317    thz_pipeline_top_i/axi_smc/inst/m00_nodes/m00_aw_node/inst/s_sc_xpm_cdc_async_rst_inst/src_arst
    SLICE_X64Y62         FDCE                                         f  thz_pipeline_top_i/axi_smc/inst/m00_nodes/m00_aw_node/inst/s_sc_xpm_cdc_async_rst_inst/arststages_ff_reg[0]/CLR  (IS_INVERTED)
  -------------------------------------------------------------------    -------------------

                         (clock clk_pl_0 rise edge)
                                                      0.000     0.000 r  
    PS8_X0Y0             PS8                          0.000     0.000 r  thz_pipeline_top_i/zynq_ultra_ps_e_0/inst/PS8_i/PLCLK[0]
                         net (fo=1, routed)           0.143     0.143    thz_pipeline_top_i/zynq_ultra_ps_e_0/inst/pl_clk_unbuffered[0]
    BUFG_PS_X0Y80        BUFG_PS (Prop_BUFG_PS_I_O)
                                                      0.025     0.168 r  thz_pipeline_top_i/zynq_ultra_ps_e_0/inst/buffer_pl_clk_0.PL_CLK_0_BUFG/O
    X1Y2 (CLOCK_ROOT)    net (fo=30604, routed)       1.598     1.766    thz_pipeline_top_i/axi_smc/inst/m00_nodes/m00_aw_node/inst/s_sc_xpm_cdc_async_rst_inst/dest_clk
    SLICE_X64Y62         FDCE                                         r  thz_pipeline_top_i/axi_smc/inst/m00_nodes/m00_aw_node/inst/s_sc_xpm_cdc_async_rst_inst/arststages_ff_reg[0]/C

Slack:                    inf
  Source:                 thz_pipeline_top_i/axi_smc/inst/clk_map/psr_aclk/U0/ACTIVE_LOW_BSR_OUT_DFF[0].FDRE_BSR_N/C
                            (rising edge-triggered cell FDRE clocked by clk_pl_0  {rise@0.000ns fall@1.666ns period=3.333ns})
  Destination:            thz_pipeline_top_i/axi_smc/inst/m00_nodes/m00_aw_node/inst/s_sc_xpm_cdc_async_rst_inst/arststages_ff_reg[1]/CLR
                            (recovery check against rising-edge clock clk_pl_0  {rise@0.000ns fall@1.666ns period=3.333ns})
  Path Group:             (none)
  Path Type:              Recovery (Max at Slow Process Corner)
  Data Path Delay:        3.250ns  (logic 0.078ns (2.400%)  route 3.172ns (97.600%))
  Logic Levels:           0  
  Clock Path Skew:        -0.301ns (DCD - SCD + CPR)
    Destination Clock Delay (DCD):    1.766ns
    Source Clock Delay      (SCD):    2.067ns
    Clock Pessimism Removal (CPR):    0.000ns
  Clock Uncertainty:      0.104ns  ((TSJ^2 + DJ^2)^1/2) / 2 + PE
    Total System Jitter     (TSJ):    0.071ns
    Discrete Jitter          (DJ):    0.195ns
    Phase Error              (PE):    0.000ns
  Clock Net Delay (Source):      1.859ns (routing 0.569ns, distribution 1.290ns)
  Clock Net Delay (Destination): 1.598ns (routing 0.512ns, distribution 1.086ns)
  Timing Exception:       False Path

    Location             Delay type                Incr(ns)  Path(ns)    Netlist Resource(s)
  -------------------------------------------------------------------    -------------------
                         (clock clk_pl_0 rise edge)
                                                      0.000     0.000 r  
    PS8_X0Y0             PS8                          0.000     0.000 r  thz_pipeline_top_i/zynq_ultra_ps_e_0/inst/PS8_i/PLCLK[0]
                         net (fo=1, routed)           0.180     0.180    thz_pipeline_top_i/zynq_ultra_ps_e_0/inst/pl_clk_unbuffered[0]
    BUFG_PS_X0Y80        BUFG_PS (Prop_BUFG_PS_I_O)
                                                      0.028     0.208 r  thz_pipeline_top_i/zynq_ultra_ps_e_0/inst/buffer_pl_clk_0.PL_CLK_0_BUFG/O
    X1Y2 (CLOCK_ROOT)    net (fo=30604, routed)       1.859     2.067    thz_pipeline_top_i/axi_smc/inst/clk_map/psr_aclk/U0/aclk
    SLICE_X54Y242        FDRE                                         r  thz_pipeline_top_i/axi_smc/inst/clk_map/psr_aclk/U0/ACTIVE_LOW_BSR_OUT_DFF[0].FDRE_BSR_N/C
  -------------------------------------------------------------------    -------------------
    SLICE_X54Y242        FDRE (Prop_DFF_SLICEM_C_Q)
                                                      0.078     2.145 r  thz_pipeline_top_i/axi_smc/inst/clk_map/psr_aclk/U0/ACTIVE_LOW_BSR_OUT_DFF[0].FDRE_BSR_N/Q
                         net (fo=51, routed)          3.172     5.317    thz_pipeline_top_i/axi_smc/inst/m00_nodes/m00_aw_node/inst/s_sc_xpm_cdc_async_rst_inst/src_arst
    SLICE_X64Y62         FDCE                                         f  thz_pipeline_top_i/axi_smc/inst/m00_nodes/m00_aw_node/inst/s_sc_xpm_cdc_async_rst_inst/arststages_ff_reg[1]/CLR  (IS_INVERTED)
  -------------------------------------------------------------------    -------------------

                         (clock clk_pl_0 rise edge)
                                                      0.000     0.000 r  
    PS8_X0Y0             PS8                          0.000     0.000 r  thz_pipeline_top_i/zynq_ultra_ps_e_0/inst/PS8_i/PLCLK[0]
                         net (fo=1, routed)           0.143     0.143    thz_pipeline_top_i/zynq_ultra_ps_e_0/inst/pl_clk_unbuffered[0]
    BUFG_PS_X0Y80        BUFG_PS (Prop_BUFG_PS_I_O)
                                                      0.025     0.168 r  thz_pipeline_top_i/zynq_ultra_ps_e_0/inst/buffer_pl_clk_0.PL_CLK_0_BUFG/O
    X1Y2 (CLOCK_ROOT)    net (fo=30604, routed)       1.598     1.766    thz_pipeline_top_i/axi_smc/inst/m00_nodes/m00_aw_node/inst/s_sc_xpm_cdc_async_rst_inst/dest_clk
    SLICE_X64Y62         FDCE                                         r  thz_pipeline_top_i/axi_smc/inst/m00_nodes/m00_aw_node/inst/s_sc_xpm_cdc_async_rst_inst/arststages_ff_reg[1]/C

Slack:                    inf
  Source:                 thz_pipeline_top_i/axi_smc/inst/clk_map/psr_aclk/U0/ACTIVE_LOW_BSR_OUT_DFF[0].FDRE_BSR_N/C
                            (rising edge-triggered cell FDRE clocked by clk_pl_0  {rise@0.000ns fall@1.666ns period=3.333ns})
  Destination:            thz_pipeline_top_i/axi_smc/inst/m00_nodes/m00_aw_node/inst/s_sc_xpm_cdc_async_rst_inst/arststages_ff_reg[2]/CLR
                            (recovery check against rising-edge clock clk_pl_0  {rise@0.000ns fall@1.666ns period=3.333ns})
  Path Group:             (none)
  Path Type:              Recovery (Max at Slow Process Corner)
  Data Path Delay:        3.250ns  (logic 0.078ns (2.400%)  route 3.172ns (97.600%))
  Logic Levels:           0  
  Clock Path Skew:        -0.301ns (DCD - SCD + CPR)
    Destination Clock Delay (DCD):    1.766ns
    Source Clock Delay      (SCD):    2.067ns
    Clock Pessimism Removal (CPR):    0.000ns
  Clock Uncertainty:      0.104ns  ((TSJ^2 + DJ^2)^1/2) / 2 + PE
    Total System Jitter     (TSJ):    0.071ns
    Discrete Jitter          (DJ):    0.195ns
    Phase Error              (PE):    0.000ns
  Clock Net Delay (Source):      1.859ns (routing 0.569ns, distribution 1.290ns)
  Clock Net Delay (Destination): 1.598ns (routing 0.512ns, distribution 1.086ns)
  Timing Exception:       False Path

    Location             Delay type                Incr(ns)  Path(ns)    Netlist Resource(s)
  -------------------------------------------------------------------    -------------------
                         (clock clk_pl_0 rise edge)
                                                      0.000     0.000 r  
    PS8_X0Y0             PS8                          0.000     0.000 r  thz_pipeline_top_i/zynq_ultra_ps_e_0/inst/PS8_i/PLCLK[0]
                         net (fo=1, routed)           0.180     0.180    thz_pipeline_top_i/zynq_ultra_ps_e_0/inst/pl_clk_unbuffered[0]
    BUFG_PS_X0Y80        BUFG_PS (Prop_BUFG_PS_I_O)
                                                      0.028     0.208 r  thz_pipeline_top_i/zynq_ultra_ps_e_0/inst/buffer_pl_clk_0.PL_CLK_0_BUFG/O
    X1Y2 (CLOCK_ROOT)    net (fo=30604, routed)       1.859     2.067    thz_pipeline_top_i/axi_smc/inst/clk_map/psr_aclk/U0/aclk
    SLICE_X54Y242        FDRE                                         r  thz_pipeline_top_i/axi_smc/inst/clk_map/psr_aclk/U0/ACTIVE_LOW_BSR_OUT_DFF[0].FDRE_BSR_N/C
  -------------------------------------------------------------------    -------------------
    SLICE_X54Y242        FDRE (Prop_DFF_SLICEM_C_Q)
                                                      0.078     2.145 r  thz_pipeline_top_i/axi_smc/inst/clk_map/psr_aclk/U0/ACTIVE_LOW_BSR_OUT_DFF[0].FDRE_BSR_N/Q
                         net (fo=51, routed)          3.172     5.317    thz_pipeline_top_i/axi_smc/inst/m00_nodes/m00_aw_node/inst/s_sc_xpm_cdc_async_rst_inst/src_arst
    SLICE_X64Y62         FDCE                                         f  thz_pipeline_top_i/axi_smc/inst/m00_nodes/m00_aw_node/inst/s_sc_xpm_cdc_async_rst_inst/arststages_ff_reg[2]/CLR  (IS_INVERTED)
  -------------------------------------------------------------------    -------------------

                         (clock clk_pl_0 rise edge)
                                                      0.000     0.000 r  
    PS8_X0Y0             PS8                          0.000     0.000 r  thz_pipeline_top_i/zynq_ultra_ps_e_0/inst/PS8_i/PLCLK[0]
                         net (fo=1, routed)           0.143     0.143    thz_pipeline_top_i/zynq_ultra_ps_e_0/inst/pl_clk_unbuffered[0]
    BUFG_PS_X0Y80        BUFG_PS (Prop_BUFG_PS_I_O)
                                                      0.025     0.168 r  thz_pipeline_top_i/zynq_ultra_ps_e_0/inst/buffer_pl_clk_0.PL_CLK_0_BUFG/O
    X1Y2 (CLOCK_ROOT)    net (fo=30604, routed)       1.598     1.766    thz_pipeline_top_i/axi_smc/inst/m00_nodes/m00_aw_node/inst/s_sc_xpm_cdc_async_rst_inst/dest_clk
    SLICE_X64Y62         FDCE                                         r  thz_pipeline_top_i/axi_smc/inst/m00_nodes/m00_aw_node/inst/s_sc_xpm_cdc_async_rst_inst/arststages_ff_reg[2]/C

Slack:                    inf
  Source:                 thz_pipeline_top_i/axi_smc/inst/clk_map/psr_aclk/U0/ACTIVE_LOW_BSR_OUT_DFF[0].FDRE_BSR_N/C
                            (rising edge-triggered cell FDRE clocked by clk_pl_0  {rise@0.000ns fall@1.666ns period=3.333ns})
  Destination:            thz_pipeline_top_i/axi_smc/inst/s00_nodes/s00_r_node/inst/s_sc_xpm_cdc_async_rst_inst/arststages_ff_reg[0]/CLR
                            (recovery check against rising-edge clock clk_pl_0  {rise@0.000ns fall@1.666ns period=3.333ns})
  Path Group:             (none)
  Path Type:              Recovery (Max at Slow Process Corner)
  Data Path Delay:        3.144ns  (logic 0.078ns (2.481%)  route 3.066ns (97.519%))
  Logic Levels:           0  
  Clock Path Skew:        -0.346ns (DCD - SCD + CPR)
    Destination Clock Delay (DCD):    1.721ns
    Source Clock Delay      (SCD):    2.067ns
    Clock Pessimism Removal (CPR):    0.000ns
  Clock Uncertainty:      0.104ns  ((TSJ^2 + DJ^2)^1/2) / 2 + PE
    Total System Jitter     (TSJ):    0.071ns
    Discrete Jitter          (DJ):    0.195ns
    Phase Error              (PE):    0.000ns
  Clock Net Delay (Source):      1.859ns (routing 0.569ns, distribution 1.290ns)
  Clock Net Delay (Destination): 1.553ns (routing 0.512ns, distribution 1.041ns)
  Timing Exception:       False Path

    Location             Delay type                Incr(ns)  Path(ns)    Netlist Resource(s)
  -------------------------------------------------------------------    -------------------
                         (clock clk_pl_0 rise edge)
                                                      0.000     0.000 r  
    PS8_X0Y0             PS8                          0.000     0.000 r  thz_pipeline_top_i/zynq_ultra_ps_e_0/inst/PS8_i/PLCLK[0]
                         net (fo=1, routed)           0.180     0.180    thz_pipeline_top_i/zynq_ultra_ps_e_0/inst/pl_clk_unbuffered[0]
    BUFG_PS_X0Y80        BUFG_PS (Prop_BUFG_PS_I_O)
                                                      0.028     0.208 r  thz_pipeline_top_i/zynq_ultra_ps_e_0/inst/buffer_pl_clk_0.PL_CLK_0_BUFG/O
    X1Y2 (CLOCK_ROOT)    net (fo=30604, routed)       1.859     2.067    thz_pipeline_top_i/axi_smc/inst/clk_map/psr_aclk/U0/aclk
    SLICE_X54Y242        FDRE                                         r  thz_pipeline_top_i/axi_smc/inst/clk_map/psr_aclk/U0/ACTIVE_LOW_BSR_OUT_DFF[0].FDRE_BSR_N/C
  -------------------------------------------------------------------    -------------------
    SLICE_X54Y242        FDRE (Prop_DFF_SLICEM_C_Q)
                                                      0.078     2.145 r  thz_pipeline_top_i/axi_smc/inst/clk_map/psr_aclk/U0/ACTIVE_LOW_BSR_OUT_DFF[0].FDRE_BSR_N/Q
                         net (fo=51, routed)          3.066     5.211    thz_pipeline_top_i/axi_smc/inst/s00_nodes/s00_r_node/inst/s_sc_xpm_cdc_async_rst_inst/src_arst
    SLICE_X53Y30         FDCE                                         f  thz_pipeline_top_i/axi_smc/inst/s00_nodes/s00_r_node/inst/s_sc_xpm_cdc_async_rst_inst/arststages_ff_reg[0]/CLR  (IS_INVERTED)
  -------------------------------------------------------------------    -------------------

                         (clock clk_pl_0 rise edge)
                                                      0.000     0.000 r  
    PS8_X0Y0             PS8                          0.000     0.000 r  thz_pipeline_top_i/zynq_ultra_ps_e_0/inst/PS8_i/PLCLK[0]
                         net (fo=1, routed)           0.143     0.143    thz_pipeline_top_i/zynq_ultra_ps_e_0/inst/pl_clk_unbuffered[0]
    BUFG_PS_X0Y80        BUFG_PS (Prop_BUFG_PS_I_O)
                                                      0.025     0.168 r  thz_pipeline_top_i/zynq_ultra_ps_e_0/inst/buffer_pl_clk_0.PL_CLK_0_BUFG/O
    X1Y2 (CLOCK_ROOT)    net (fo=30604, routed)       1.553     1.721    thz_pipeline_top_i/axi_smc/inst/s00_nodes/s00_r_node/inst/s_sc_xpm_cdc_async_rst_inst/dest_clk
    SLICE_X53Y30         FDCE                                         r  thz_pipeline_top_i/axi_smc/inst/s00_nodes/s00_r_node/inst/s_sc_xpm_cdc_async_rst_inst/arststages_ff_reg[0]/C

Slack:                    inf
  Source:                 thz_pipeline_top_i/axi_smc/inst/clk_map/psr_aclk/U0/ACTIVE_LOW_BSR_OUT_DFF[0].FDRE_BSR_N/C
                            (rising edge-triggered cell FDRE clocked by clk_pl_0  {rise@0.000ns fall@1.666ns period=3.333ns})
  Destination:            thz_pipeline_top_i/axi_smc/inst/s00_nodes/s00_r_node/inst/s_sc_xpm_cdc_async_rst_inst/arststages_ff_reg[1]/CLR
                            (recovery check against rising-edge clock clk_pl_0  {rise@0.000ns fall@1.666ns period=3.333ns})
  Path Group:             (none)
  Path Type:              Recovery (Max at Slow Process Corner)
  Data Path Delay:        3.144ns  (logic 0.078ns (2.481%)  route 3.066ns (97.519%))
  Logic Levels:           0  
  Clock Path Skew:        -0.346ns (DCD - SCD + CPR)
    Destination Clock Delay (DCD):    1.721ns
    Source Clock Delay      (SCD):    2.067ns
    Clock Pessimism Removal (CPR):    0.000ns
  Clock Uncertainty:      0.104ns  ((TSJ^2 + DJ^2)^1/2) / 2 + PE
    Total System Jitter     (TSJ):    0.071ns
    Discrete Jitter          (DJ):    0.195ns
    Phase Error              (PE):    0.000ns
  Clock Net Delay (Source):      1.859ns (routing 0.569ns, distribution 1.290ns)
  Clock Net Delay (Destination): 1.553ns (routing 0.512ns, distribution 1.041ns)
  Timing Exception:       False Path

    Location             Delay type                Incr(ns)  Path(ns)    Netlist Resource(s)
  -------------------------------------------------------------------    -------------------
                         (clock clk_pl_0 rise edge)
                                                      0.000     0.000 r  
    PS8_X0Y0             PS8                          0.000     0.000 r  thz_pipeline_top_i/zynq_ultra_ps_e_0/inst/PS8_i/PLCLK[0]
                         net (fo=1, routed)           0.180     0.180    thz_pipeline_top_i/zynq_ultra_ps_e_0/inst/pl_clk_unbuffered[0]
    BUFG_PS_X0Y80        BUFG_PS (Prop_BUFG_PS_I_O)
                                                      0.028     0.208 r  thz_pipeline_top_i/zynq_ultra_ps_e_0/inst/buffer_pl_clk_0.PL_CLK_0_BUFG/O
    X1Y2 (CLOCK_ROOT)    net (fo=30604, routed)       1.859     2.067    thz_pipeline_top_i/axi_smc/inst/clk_map/psr_aclk/U0/aclk
    SLICE_X54Y242        FDRE                                         r  thz_pipeline_top_i/axi_smc/inst/clk_map/psr_aclk/U0/ACTIVE_LOW_BSR_OUT_DFF[0].FDRE_BSR_N/C
  -------------------------------------------------------------------    -------------------
    SLICE_X54Y242        FDRE (Prop_DFF_SLICEM_C_Q)
                                                      0.078     2.145 r  thz_pipeline_top_i/axi_smc/inst/clk_map/psr_aclk/U0/ACTIVE_LOW_BSR_OUT_DFF[0].FDRE_BSR_N/Q
                         net (fo=51, routed)          3.066     5.211    thz_pipeline_top_i/axi_smc/inst/s00_nodes/s00_r_node/inst/s_sc_xpm_cdc_async_rst_inst/src_arst
    SLICE_X53Y30         FDCE                                         f  thz_pipeline_top_i/axi_smc/inst/s00_nodes/s00_r_node/inst/s_sc_xpm_cdc_async_rst_inst/arststages_ff_reg[1]/CLR  (IS_INVERTED)
  -------------------------------------------------------------------    -------------------

                         (clock clk_pl_0 rise edge)
                                                      0.000     0.000 r  
    PS8_X0Y0             PS8                          0.000     0.000 r  thz_pipeline_top_i/zynq_ultra_ps_e_0/inst/PS8_i/PLCLK[0]
                         net (fo=1, routed)           0.143     0.143    thz_pipeline_top_i/zynq_ultra_ps_e_0/inst/pl_clk_unbuffered[0]
    BUFG_PS_X0Y80        BUFG_PS (Prop_BUFG_PS_I_O)
                                                      0.025     0.168 r  thz_pipeline_top_i/zynq_ultra_ps_e_0/inst/buffer_pl_clk_0.PL_CLK_0_BUFG/O
    X1Y2 (CLOCK_ROOT)    net (fo=30604, routed)       1.553     1.721    thz_pipeline_top_i/axi_smc/inst/s00_nodes/s00_r_node/inst/s_sc_xpm_cdc_async_rst_inst/dest_clk
    SLICE_X53Y30         FDCE                                         r  thz_pipeline_top_i/axi_smc/inst/s00_nodes/s00_r_node/inst/s_sc_xpm_cdc_async_rst_inst/arststages_ff_reg[1]/C

Slack:                    inf
  Source:                 thz_pipeline_top_i/axi_smc/inst/clk_map/psr_aclk/U0/ACTIVE_LOW_BSR_OUT_DFF[0].FDRE_BSR_N/C
                            (rising edge-triggered cell FDRE clocked by clk_pl_0  {rise@0.000ns fall@1.666ns period=3.333ns})
  Destination:            thz_pipeline_top_i/axi_smc/inst/s00_nodes/s00_r_node/inst/s_sc_xpm_cdc_async_rst_inst/arststages_ff_reg[2]/CLR
                            (recovery check against rising-edge clock clk_pl_0  {rise@0.000ns fall@1.666ns period=3.333ns})
  Path Group:             (none)
  Path Type:              Recovery (Max at Slow Process Corner)
  Data Path Delay:        3.144ns  (logic 0.078ns (2.481%)  route 3.066ns (97.519%))
  Logic Levels:           0  
  Clock Path Skew:        -0.346ns (DCD - SCD + CPR)
    Destination Clock Delay (DCD):    1.721ns
    Source Clock Delay      (SCD):    2.067ns
    Clock Pessimism Removal (CPR):    0.000ns
  Clock Uncertainty:      0.104ns  ((TSJ^2 + DJ^2)^1/2) / 2 + PE
    Total System Jitter     (TSJ):    0.071ns
    Discrete Jitter          (DJ):    0.195ns
    Phase Error              (PE):    0.000ns
  Clock Net Delay (Source):      1.859ns (routing 0.569ns, distribution 1.290ns)
  Clock Net Delay (Destination): 1.553ns (routing 0.512ns, distribution 1.041ns)
  Timing Exception:       False Path

    Location             Delay type                Incr(ns)  Path(ns)    Netlist Resource(s)
  -------------------------------------------------------------------    -------------------
                         (clock clk_pl_0 rise edge)
                                                      0.000     0.000 r  
    PS8_X0Y0             PS8                          0.000     0.000 r  thz_pipeline_top_i/zynq_ultra_ps_e_0/inst/PS8_i/PLCLK[0]
                         net (fo=1, routed)           0.180     0.180    thz_pipeline_top_i/zynq_ultra_ps_e_0/inst/pl_clk_unbuffered[0]
    BUFG_PS_X0Y80        BUFG_PS (Prop_BUFG_PS_I_O)
                                                      0.028     0.208 r  thz_pipeline_top_i/zynq_ultra_ps_e_0/inst/buffer_pl_clk_0.PL_CLK_0_BUFG/O
    X1Y2 (CLOCK_ROOT)    net (fo=30604, routed)       1.859     2.067    thz_pipeline_top_i/axi_smc/inst/clk_map/psr_aclk/U0/aclk
    SLICE_X54Y242        FDRE                                         r  thz_pipeline_top_i/axi_smc/inst/clk_map/psr_aclk/U0/ACTIVE_LOW_BSR_OUT_DFF[0].FDRE_BSR_N/C
  -------------------------------------------------------------------    -------------------
    SLICE_X54Y242        FDRE (Prop_DFF_SLICEM_C_Q)
                                                      0.078     2.145 r  thz_pipeline_top_i/axi_smc/inst/clk_map/psr_aclk/U0/ACTIVE_LOW_BSR_OUT_DFF[0].FDRE_BSR_N/Q
                         net (fo=51, routed)          3.066     5.211    thz_pipeline_top_i/axi_smc/inst/s00_nodes/s00_r_node/inst/s_sc_xpm_cdc_async_rst_inst/src_arst
    SLICE_X53Y30         FDCE                                         f  thz_pipeline_top_i/axi_smc/inst/s00_nodes/s00_r_node/inst/s_sc_xpm_cdc_async_rst_inst/arststages_ff_reg[2]/CLR  (IS_INVERTED)
  -------------------------------------------------------------------    -------------------

                         (clock clk_pl_0 rise edge)
                                                      0.000     0.000 r  
    PS8_X0Y0             PS8                          0.000     0.000 r  thz_pipeline_top_i/zynq_ultra_ps_e_0/inst/PS8_i/PLCLK[0]
                         net (fo=1, routed)           0.143     0.143    thz_pipeline_top_i/zynq_ultra_ps_e_0/inst/pl_clk_unbuffered[0]
    BUFG_PS_X0Y80        BUFG_PS (Prop_BUFG_PS_I_O)
                                                      0.025     0.168 r  thz_pipeline_top_i/zynq_ultra_ps_e_0/inst/buffer_pl_clk_0.PL_CLK_0_BUFG/O
    X1Y2 (CLOCK_ROOT)    net (fo=30604, routed)       1.553     1.721    thz_pipeline_top_i/axi_smc/inst/s00_nodes/s00_r_node/inst/s_sc_xpm_cdc_async_rst_inst/dest_clk
    SLICE_X53Y30         FDCE                                         r  thz_pipeline_top_i/axi_smc/inst/s00_nodes/s00_r_node/inst/s_sc_xpm_cdc_async_rst_inst/arststages_ff_reg[2]/C

Slack:                    inf
  Source:                 thz_pipeline_top_i/axi_smc/inst/clk_map/psr_aclk/U0/ACTIVE_LOW_BSR_OUT_DFF[0].FDRE_BSR_N/C
                            (rising edge-triggered cell FDRE clocked by clk_pl_0  {rise@0.000ns fall@1.666ns period=3.333ns})
  Destination:            thz_pipeline_top_i/axi_smc/inst/m00_nodes/m00_r_node/inst/s_sc_xpm_cdc_async_rst_inst/arststages_ff_reg[0]/CLR
                            (recovery check against rising-edge clock clk_pl_0  {rise@0.000ns fall@1.666ns period=3.333ns})
  Path Group:             (none)
  Path Type:              Recovery (Max at Slow Process Corner)
  Data Path Delay:        3.141ns  (logic 0.078ns (2.483%)  route 3.063ns (97.517%))
  Logic Levels:           0  
  Clock Path Skew:        -0.347ns (DCD - SCD + CPR)
    Destination Clock Delay (DCD):    1.720ns
    Source Clock Delay      (SCD):    2.067ns
    Clock Pessimism Removal (CPR):    0.000ns
  Clock Uncertainty:      0.104ns  ((TSJ^2 + DJ^2)^1/2) / 2 + PE
    Total System Jitter     (TSJ):    0.071ns
    Discrete Jitter          (DJ):    0.195ns
    Phase Error              (PE):    0.000ns
  Clock Net Delay (Source):      1.859ns (routing 0.569ns, distribution 1.290ns)
  Clock Net Delay (Destination): 1.552ns (routing 0.512ns, distribution 1.040ns)
  Timing Exception:       False Path

    Location             Delay type                Incr(ns)  Path(ns)    Netlist Resource(s)
  -------------------------------------------------------------------    -------------------
                         (clock clk_pl_0 rise edge)
                                                      0.000     0.000 r  
    PS8_X0Y0             PS8                          0.000     0.000 r  thz_pipeline_top_i/zynq_ultra_ps_e_0/inst/PS8_i/PLCLK[0]
                         net (fo=1, routed)           0.180     0.180    thz_pipeline_top_i/zynq_ultra_ps_e_0/inst/pl_clk_unbuffered[0]
    BUFG_PS_X0Y80        BUFG_PS (Prop_BUFG_PS_I_O)
                                                      0.028     0.208 r  thz_pipeline_top_i/zynq_ultra_ps_e_0/inst/buffer_pl_clk_0.PL_CLK_0_BUFG/O
    X1Y2 (CLOCK_ROOT)    net (fo=30604, routed)       1.859     2.067    thz_pipeline_top_i/axi_smc/inst/clk_map/psr_aclk/U0/aclk
    SLICE_X54Y242        FDRE                                         r  thz_pipeline_top_i/axi_smc/inst/clk_map/psr_aclk/U0/ACTIVE_LOW_BSR_OUT_DFF[0].FDRE_BSR_N/C
  -------------------------------------------------------------------    -------------------
    SLICE_X54Y242        FDRE (Prop_DFF_SLICEM_C_Q)
                                                      0.078     2.145 r  thz_pipeline_top_i/axi_smc/inst/clk_map/psr_aclk/U0/ACTIVE_LOW_BSR_OUT_DFF[0].FDRE_BSR_N/Q
                         net (fo=51, routed)          3.063     5.208    thz_pipeline_top_i/axi_smc/inst/m00_nodes/m00_r_node/inst/s_sc_xpm_cdc_async_rst_inst/src_arst
    SLICE_X53Y30         FDCE                                         f  thz_pipeline_top_i/axi_smc/inst/m00_nodes/m00_r_node/inst/s_sc_xpm_cdc_async_rst_inst/arststages_ff_reg[0]/CLR  (IS_INVERTED)
  -------------------------------------------------------------------    -------------------

                         (clock clk_pl_0 rise edge)
                                                      0.000     0.000 r  
    PS8_X0Y0             PS8                          0.000     0.000 r  thz_pipeline_top_i/zynq_ultra_ps_e_0/inst/PS8_i/PLCLK[0]
                         net (fo=1, routed)           0.143     0.143    thz_pipeline_top_i/zynq_ultra_ps_e_0/inst/pl_clk_unbuffered[0]
    BUFG_PS_X0Y80        BUFG_PS (Prop_BUFG_PS_I_O)
                                                      0.025     0.168 r  thz_pipeline_top_i/zynq_ultra_ps_e_0/inst/buffer_pl_clk_0.PL_CLK_0_BUFG/O
    X1Y2 (CLOCK_ROOT)    net (fo=30604, routed)       1.552     1.720    thz_pipeline_top_i/axi_smc/inst/m00_nodes/m00_r_node/inst/s_sc_xpm_cdc_async_rst_inst/dest_clk
    SLICE_X53Y30         FDCE                                         r  thz_pipeline_top_i/axi_smc/inst/m00_nodes/m00_r_node/inst/s_sc_xpm_cdc_async_rst_inst/arststages_ff_reg[0]/C





Min Delay Paths
--------------------------------------------------------------------------------------
Slack:                    inf
  Source:                 thz_pipeline_top_i/axi_smc1/inst/clk_map/psr_aclk/U0/ACTIVE_LOW_BSR_OUT_DFF[0].FDRE_BSR_N/C
                            (rising edge-triggered cell FDRE clocked by clk_pl_0  {rise@0.000ns fall@1.666ns period=3.333ns})
  Destination:            thz_pipeline_top_i/axi_smc1/inst/s00_entry_pipeline/s00_mmu/inst/xpm_cdc_async_rst_inst/arststages_ff_reg[0]/CLR
                            (removal check against rising-edge clock clk_pl_0  {rise@0.000ns fall@1.666ns period=3.333ns})
  Path Group:             (none)
  Path Type:              Removal (Min at Fast Process Corner)
  Data Path Delay:        0.332ns  (logic 0.039ns (11.758%)  route 0.293ns (88.242%))
  Logic Levels:           0  
  Clock Path Skew:        0.167ns (DCD - SCD - CPR)
    Destination Clock Delay (DCD):    1.305ns
    Source Clock Delay      (SCD):    1.138ns
    Clock Pessimism Removal (CPR):    -0.000ns
  Clock Uncertainty:      0.104ns  ((TSJ^2 + DJ^2)^1/2) / 2 + PE
    Total System Jitter     (TSJ):    0.071ns
    Discrete Jitter          (DJ):    0.195ns
    Phase Error              (PE):    0.000ns
  Clock Net Delay (Source):      0.999ns (routing 0.311ns, distribution 0.688ns)
  Clock Net Delay (Destination): 1.133ns (routing 0.352ns, distribution 0.781ns)
  Timing Exception:       False Path

    Location             Delay type                Incr(ns)  Path(ns)    Netlist Resource(s)
  -------------------------------------------------------------------    -------------------
                         (clock clk_pl_0 rise edge)
                                                      0.000     0.000 r  
    PS8_X0Y0             PS8                          0.000     0.000 r  thz_pipeline_top_i/zynq_ultra_ps_e_0/inst/PS8_i/PLCLK[0]
                         net (fo=1, routed)           0.122     0.122    thz_pipeline_top_i/zynq_ultra_ps_e_0/inst/pl_clk_unbuffered[0]
    BUFG_PS_X0Y80        BUFG_PS (Prop_BUFG_PS_I_O)
                                                      0.017     0.139 r  thz_pipeline_top_i/zynq_ultra_ps_e_0/inst/buffer_pl_clk_0.PL_CLK_0_BUFG/O
    X1Y2 (CLOCK_ROOT)    net (fo=30604, routed)       0.999     1.138    thz_pipeline_top_i/axi_smc1/inst/clk_map/psr_aclk/U0/aclk
    SLICE_X54Y260        FDRE                                         r  thz_pipeline_top_i/axi_smc1/inst/clk_map/psr_aclk/U0/ACTIVE_LOW_BSR_OUT_DFF[0].FDRE_BSR_N/C
  -------------------------------------------------------------------    -------------------
    SLICE_X54Y260        FDRE (Prop_DFF_SLICEM_C_Q)
                                                      0.039     1.177 r  thz_pipeline_top_i/axi_smc1/inst/clk_map/psr_aclk/U0/ACTIVE_LOW_BSR_OUT_DFF[0].FDRE_BSR_N/Q
                         net (fo=45, routed)          0.293     1.470    thz_pipeline_top_i/axi_smc1/inst/s00_entry_pipeline/s00_mmu/inst/xpm_cdc_async_rst_inst/src_arst
    SLICE_X48Y240        FDCE                                         f  thz_pipeline_top_i/axi_smc1/inst/s00_entry_pipeline/s00_mmu/inst/xpm_cdc_async_rst_inst/arststages_ff_reg[0]/CLR  (IS_INVERTED)
  -------------------------------------------------------------------    -------------------

                         (clock clk_pl_0 rise edge)
                                                      0.000     0.000 r  
    PS8_X0Y0             PS8                          0.000     0.000 r  thz_pipeline_top_i/zynq_ultra_ps_e_0/inst/PS8_i/PLCLK[0]
                         net (fo=1, routed)           0.154     0.154    thz_pipeline_top_i/zynq_ultra_ps_e_0/inst/pl_clk_unbuffered[0]
    BUFG_PS_X0Y80        BUFG_PS (Prop_BUFG_PS_I_O)
                                                      0.018     0.172 r  thz_pipeline_top_i/zynq_ultra_ps_e_0/inst/buffer_pl_clk_0.PL_CLK_0_BUFG/O
    X1Y2 (CLOCK_ROOT)    net (fo=30604, routed)       1.133     1.305    thz_pipeline_top_i/axi_smc1/inst/s00_entry_pipeline/s00_mmu/inst/xpm_cdc_async_rst_inst/dest_clk
    SLICE_X48Y240        FDCE                                         r  thz_pipeline_top_i/axi_smc1/inst/s00_entry_pipeline/s00_mmu/inst/xpm_cdc_async_rst_inst/arststages_ff_reg[0]/C

Slack:                    inf
  Source:                 thz_pipeline_top_i/axi_smc1/inst/clk_map/psr_aclk/U0/ACTIVE_LOW_BSR_OUT_DFF[0].FDRE_BSR_N/C
                            (rising edge-triggered cell FDRE clocked by clk_pl_0  {rise@0.000ns fall@1.666ns period=3.333ns})
  Destination:            thz_pipeline_top_i/axi_smc1/inst/s00_entry_pipeline/s00_mmu/inst/xpm_cdc_async_rst_inst/arststages_ff_reg[1]/CLR
                            (removal check against rising-edge clock clk_pl_0  {rise@0.000ns fall@1.666ns period=3.333ns})
  Path Group:             (none)
  Path Type:              Removal (Min at Fast Process Corner)
  Data Path Delay:        0.332ns  (logic 0.039ns (11.758%)  route 0.293ns (88.242%))
  Logic Levels:           0  
  Clock Path Skew:        0.167ns (DCD - SCD - CPR)
    Destination Clock Delay (DCD):    1.305ns
    Source Clock Delay      (SCD):    1.138ns
    Clock Pessimism Removal (CPR):    -0.000ns
  Clock Uncertainty:      0.104ns  ((TSJ^2 + DJ^2)^1/2) / 2 + PE
    Total System Jitter     (TSJ):    0.071ns
    Discrete Jitter          (DJ):    0.195ns
    Phase Error              (PE):    0.000ns
  Clock Net Delay (Source):      0.999ns (routing 0.311ns, distribution 0.688ns)
  Clock Net Delay (Destination): 1.133ns (routing 0.352ns, distribution 0.781ns)
  Timing Exception:       False Path

    Location             Delay type                Incr(ns)  Path(ns)    Netlist Resource(s)
  -------------------------------------------------------------------    -------------------
                         (clock clk_pl_0 rise edge)
                                                      0.000     0.000 r  
    PS8_X0Y0             PS8                          0.000     0.000 r  thz_pipeline_top_i/zynq_ultra_ps_e_0/inst/PS8_i/PLCLK[0]
                         net (fo=1, routed)           0.122     0.122    thz_pipeline_top_i/zynq_ultra_ps_e_0/inst/pl_clk_unbuffered[0]
    BUFG_PS_X0Y80        BUFG_PS (Prop_BUFG_PS_I_O)
                                                      0.017     0.139 r  thz_pipeline_top_i/zynq_ultra_ps_e_0/inst/buffer_pl_clk_0.PL_CLK_0_BUFG/O
    X1Y2 (CLOCK_ROOT)    net (fo=30604, routed)       0.999     1.138    thz_pipeline_top_i/axi_smc1/inst/clk_map/psr_aclk/U0/aclk
    SLICE_X54Y260        FDRE                                         r  thz_pipeline_top_i/axi_smc1/inst/clk_map/psr_aclk/U0/ACTIVE_LOW_BSR_OUT_DFF[0].FDRE_BSR_N/C
  -------------------------------------------------------------------    -------------------
    SLICE_X54Y260        FDRE (Prop_DFF_SLICEM_C_Q)
                                                      0.039     1.177 r  thz_pipeline_top_i/axi_smc1/inst/clk_map/psr_aclk/U0/ACTIVE_LOW_BSR_OUT_DFF[0].FDRE_BSR_N/Q
                         net (fo=45, routed)          0.293     1.470    thz_pipeline_top_i/axi_smc1/inst/s00_entry_pipeline/s00_mmu/inst/xpm_cdc_async_rst_inst/src_arst
    SLICE_X48Y240        FDCE                                         f  thz_pipeline_top_i/axi_smc1/inst/s00_entry_pipeline/s00_mmu/inst/xpm_cdc_async_rst_inst/arststages_ff_reg[1]/CLR  (IS_INVERTED)
  -------------------------------------------------------------------    -------------------

                         (clock clk_pl_0 rise edge)
                                                      0.000     0.000 r  
    PS8_X0Y0             PS8                          0.000     0.000 r  thz_pipeline_top_i/zynq_ultra_ps_e_0/inst/PS8_i/PLCLK[0]
                         net (fo=1, routed)           0.154     0.154    thz_pipeline_top_i/zynq_ultra_ps_e_0/inst/pl_clk_unbuffered[0]
    BUFG_PS_X0Y80        BUFG_PS (Prop_BUFG_PS_I_O)
                                                      0.018     0.172 r  thz_pipeline_top_i/zynq_ultra_ps_e_0/inst/buffer_pl_clk_0.PL_CLK_0_BUFG/O
    X1Y2 (CLOCK_ROOT)    net (fo=30604, routed)       1.133     1.305    thz_pipeline_top_i/axi_smc1/inst/s00_entry_pipeline/s00_mmu/inst/xpm_cdc_async_rst_inst/dest_clk
    SLICE_X48Y240        FDCE                                         r  thz_pipeline_top_i/axi_smc1/inst/s00_entry_pipeline/s00_mmu/inst/xpm_cdc_async_rst_inst/arststages_ff_reg[1]/C

Slack:                    inf
  Source:                 thz_pipeline_top_i/axi_smc1/inst/clk_map/psr_aclk/U0/ACTIVE_LOW_BSR_OUT_DFF[0].FDRE_BSR_N/C
                            (rising edge-triggered cell FDRE clocked by clk_pl_0  {rise@0.000ns fall@1.666ns period=3.333ns})
  Destination:            thz_pipeline_top_i/axi_smc1/inst/s00_entry_pipeline/s00_mmu/inst/xpm_cdc_async_rst_inst/arststages_ff_reg[2]/CLR
                            (removal check against rising-edge clock clk_pl_0  {rise@0.000ns fall@1.666ns period=3.333ns})
  Path Group:             (none)
  Path Type:              Removal (Min at Fast Process Corner)
  Data Path Delay:        0.332ns  (logic 0.039ns (11.758%)  route 0.293ns (88.242%))
  Logic Levels:           0  
  Clock Path Skew:        0.167ns (DCD - SCD - CPR)
    Destination Clock Delay (DCD):    1.305ns
    Source Clock Delay      (SCD):    1.138ns
    Clock Pessimism Removal (CPR):    -0.000ns
  Clock Uncertainty:      0.104ns  ((TSJ^2 + DJ^2)^1/2) / 2 + PE
    Total System Jitter     (TSJ):    0.071ns
    Discrete Jitter          (DJ):    0.195ns
    Phase Error              (PE):    0.000ns
  Clock Net Delay (Source):      0.999ns (routing 0.311ns, distribution 0.688ns)
  Clock Net Delay (Destination): 1.133ns (routing 0.352ns, distribution 0.781ns)
  Timing Exception:       False Path

    Location             Delay type                Incr(ns)  Path(ns)    Netlist Resource(s)
  -------------------------------------------------------------------    -------------------
                         (clock clk_pl_0 rise edge)
                                                      0.000     0.000 r  
    PS8_X0Y0             PS8                          0.000     0.000 r  thz_pipeline_top_i/zynq_ultra_ps_e_0/inst/PS8_i/PLCLK[0]
                         net (fo=1, routed)           0.122     0.122    thz_pipeline_top_i/zynq_ultra_ps_e_0/inst/pl_clk_unbuffered[0]
    BUFG_PS_X0Y80        BUFG_PS (Prop_BUFG_PS_I_O)
                                                      0.017     0.139 r  thz_pipeline_top_i/zynq_ultra_ps_e_0/inst/buffer_pl_clk_0.PL_CLK_0_BUFG/O
    X1Y2 (CLOCK_ROOT)    net (fo=30604, routed)       0.999     1.138    thz_pipeline_top_i/axi_smc1/inst/clk_map/psr_aclk/U0/aclk
    SLICE_X54Y260        FDRE                                         r  thz_pipeline_top_i/axi_smc1/inst/clk_map/psr_aclk/U0/ACTIVE_LOW_BSR_OUT_DFF[0].FDRE_BSR_N/C
  -------------------------------------------------------------------    -------------------
    SLICE_X54Y260        FDRE (Prop_DFF_SLICEM_C_Q)
                                                      0.039     1.177 r  thz_pipeline_top_i/axi_smc1/inst/clk_map/psr_aclk/U0/ACTIVE_LOW_BSR_OUT_DFF[0].FDRE_BSR_N/Q
                         net (fo=45, routed)          0.293     1.470    thz_pipeline_top_i/axi_smc1/inst/s00_entry_pipeline/s00_mmu/inst/xpm_cdc_async_rst_inst/src_arst
    SLICE_X48Y240        FDCE                                         f  thz_pipeline_top_i/axi_smc1/inst/s00_entry_pipeline/s00_mmu/inst/xpm_cdc_async_rst_inst/arststages_ff_reg[2]/CLR  (IS_INVERTED)
  -------------------------------------------------------------------    -------------------

                         (clock clk_pl_0 rise edge)
                                                      0.000     0.000 r  
    PS8_X0Y0             PS8                          0.000     0.000 r  thz_pipeline_top_i/zynq_ultra_ps_e_0/inst/PS8_i/PLCLK[0]
                         net (fo=1, routed)           0.154     0.154    thz_pipeline_top_i/zynq_ultra_ps_e_0/inst/pl_clk_unbuffered[0]
    BUFG_PS_X0Y80        BUFG_PS (Prop_BUFG_PS_I_O)
                                                      0.018     0.172 r  thz_pipeline_top_i/zynq_ultra_ps_e_0/inst/buffer_pl_clk_0.PL_CLK_0_BUFG/O
    X1Y2 (CLOCK_ROOT)    net (fo=30604, routed)       1.133     1.305    thz_pipeline_top_i/axi_smc1/inst/s00_entry_pipeline/s00_mmu/inst/xpm_cdc_async_rst_inst/dest_clk
    SLICE_X48Y240        FDCE                                         r  thz_pipeline_top_i/axi_smc1/inst/s00_entry_pipeline/s00_mmu/inst/xpm_cdc_async_rst_inst/arststages_ff_reg[2]/C

Slack:                    inf
  Source:                 thz_pipeline_top_i/axi_smc1/inst/clk_map/psr_aclk/U0/ACTIVE_LOW_BSR_OUT_DFF[0].FDRE_BSR_N/C
                            (rising edge-triggered cell FDRE clocked by clk_pl_0  {rise@0.000ns fall@1.666ns period=3.333ns})
  Destination:            thz_pipeline_top_i/axi_smc1/inst/s01_entry_pipeline/s01_mmu/inst/xpm_cdc_async_rst_inst/arststages_ff_reg[0]/CLR
                            (removal check against rising-edge clock clk_pl_0  {rise@0.000ns fall@1.666ns period=3.333ns})
  Path Group:             (none)
  Path Type:              Removal (Min at Fast Process Corner)
  Data Path Delay:        0.577ns  (logic 0.039ns (6.763%)  route 0.538ns (93.237%))
  Logic Levels:           0  
  Clock Path Skew:        0.131ns (DCD - SCD - CPR)
    Destination Clock Delay (DCD):    1.269ns
    Source Clock Delay      (SCD):    1.138ns
    Clock Pessimism Removal (CPR):    -0.000ns
  Clock Uncertainty:      0.104ns  ((TSJ^2 + DJ^2)^1/2) / 2 + PE
    Total System Jitter     (TSJ):    0.071ns
    Discrete Jitter          (DJ):    0.195ns
    Phase Error              (PE):    0.000ns
  Clock Net Delay (Source):      0.999ns (routing 0.311ns, distribution 0.688ns)
  Clock Net Delay (Destination): 1.097ns (routing 0.352ns, distribution 0.745ns)
  Timing Exception:       False Path

    Location             Delay type                Incr(ns)  Path(ns)    Netlist Resource(s)
  -------------------------------------------------------------------    -------------------
                         (clock clk_pl_0 rise edge)
                                                      0.000     0.000 r  
    PS8_X0Y0             PS8                          0.000     0.000 r  thz_pipeline_top_i/zynq_ultra_ps_e_0/inst/PS8_i/PLCLK[0]
                         net (fo=1, routed)           0.122     0.122    thz_pipeline_top_i/zynq_ultra_ps_e_0/inst/pl_clk_unbuffered[0]
    BUFG_PS_X0Y80        BUFG_PS (Prop_BUFG_PS_I_O)
                                                      0.017     0.139 r  thz_pipeline_top_i/zynq_ultra_ps_e_0/inst/buffer_pl_clk_0.PL_CLK_0_BUFG/O
    X1Y2 (CLOCK_ROOT)    net (fo=30604, routed)       0.999     1.138    thz_pipeline_top_i/axi_smc1/inst/clk_map/psr_aclk/U0/aclk
    SLICE_X54Y260        FDRE                                         r  thz_pipeline_top_i/axi_smc1/inst/clk_map/psr_aclk/U0/ACTIVE_LOW_BSR_OUT_DFF[0].FDRE_BSR_N/C
  -------------------------------------------------------------------    -------------------
    SLICE_X54Y260        FDRE (Prop_DFF_SLICEM_C_Q)
                                                      0.039     1.177 r  thz_pipeline_top_i/axi_smc1/inst/clk_map/psr_aclk/U0/ACTIVE_LOW_BSR_OUT_DFF[0].FDRE_BSR_N/Q
                         net (fo=45, routed)          0.538     1.715    thz_pipeline_top_i/axi_smc1/inst/s01_entry_pipeline/s01_mmu/inst/xpm_cdc_async_rst_inst/src_arst
    SLICE_X59Y168        FDCE                                         f  thz_pipeline_top_i/axi_smc1/inst/s01_entry_pipeline/s01_mmu/inst/xpm_cdc_async_rst_inst/arststages_ff_reg[0]/CLR  (IS_INVERTED)
  -------------------------------------------------------------------    -------------------

                         (clock clk_pl_0 rise edge)
                                                      0.000     0.000 r  
    PS8_X0Y0             PS8                          0.000     0.000 r  thz_pipeline_top_i/zynq_ultra_ps_e_0/inst/PS8_i/PLCLK[0]
                         net (fo=1, routed)           0.154     0.154    thz_pipeline_top_i/zynq_ultra_ps_e_0/inst/pl_clk_unbuffered[0]
    BUFG_PS_X0Y80        BUFG_PS (Prop_BUFG_PS_I_O)
                                                      0.018     0.172 r  thz_pipeline_top_i/zynq_ultra_ps_e_0/inst/buffer_pl_clk_0.PL_CLK_0_BUFG/O
    X1Y2 (CLOCK_ROOT)    net (fo=30604, routed)       1.097     1.269    thz_pipeline_top_i/axi_smc1/inst/s01_entry_pipeline/s01_mmu/inst/xpm_cdc_async_rst_inst/dest_clk
    SLICE_X59Y168        FDCE                                         r  thz_pipeline_top_i/axi_smc1/inst/s01_entry_pipeline/s01_mmu/inst/xpm_cdc_async_rst_inst/arststages_ff_reg[0]/C

Slack:                    inf
  Source:                 thz_pipeline_top_i/axi_smc1/inst/clk_map/psr_aclk/U0/ACTIVE_LOW_BSR_OUT_DFF[0].FDRE_BSR_N/C
                            (rising edge-triggered cell FDRE clocked by clk_pl_0  {rise@0.000ns fall@1.666ns period=3.333ns})
  Destination:            thz_pipeline_top_i/axi_smc1/inst/s01_entry_pipeline/s01_mmu/inst/xpm_cdc_async_rst_inst/arststages_ff_reg[1]/CLR
                            (removal check against rising-edge clock clk_pl_0  {rise@0.000ns fall@1.666ns period=3.333ns})
  Path Group:             (none)
  Path Type:              Removal (Min at Fast Process Corner)
  Data Path Delay:        0.577ns  (logic 0.039ns (6.763%)  route 0.538ns (93.237%))
  Logic Levels:           0  
  Clock Path Skew:        0.131ns (DCD - SCD - CPR)
    Destination Clock Delay (DCD):    1.269ns
    Source Clock Delay      (SCD):    1.138ns
    Clock Pessimism Removal (CPR):    -0.000ns
  Clock Uncertainty:      0.104ns  ((TSJ^2 + DJ^2)^1/2) / 2 + PE
    Total System Jitter     (TSJ):    0.071ns
    Discrete Jitter          (DJ):    0.195ns
    Phase Error              (PE):    0.000ns
  Clock Net Delay (Source):      0.999ns (routing 0.311ns, distribution 0.688ns)
  Clock Net Delay (Destination): 1.097ns (routing 0.352ns, distribution 0.745ns)
  Timing Exception:       False Path

    Location             Delay type                Incr(ns)  Path(ns)    Netlist Resource(s)
  -------------------------------------------------------------------    -------------------
                         (clock clk_pl_0 rise edge)
                                                      0.000     0.000 r  
    PS8_X0Y0             PS8                          0.000     0.000 r  thz_pipeline_top_i/zynq_ultra_ps_e_0/inst/PS8_i/PLCLK[0]
                         net (fo=1, routed)           0.122     0.122    thz_pipeline_top_i/zynq_ultra_ps_e_0/inst/pl_clk_unbuffered[0]
    BUFG_PS_X0Y80        BUFG_PS (Prop_BUFG_PS_I_O)
                                                      0.017     0.139 r  thz_pipeline_top_i/zynq_ultra_ps_e_0/inst/buffer_pl_clk_0.PL_CLK_0_BUFG/O
    X1Y2 (CLOCK_ROOT)    net (fo=30604, routed)       0.999     1.138    thz_pipeline_top_i/axi_smc1/inst/clk_map/psr_aclk/U0/aclk
    SLICE_X54Y260        FDRE                                         r  thz_pipeline_top_i/axi_smc1/inst/clk_map/psr_aclk/U0/ACTIVE_LOW_BSR_OUT_DFF[0].FDRE_BSR_N/C
  -------------------------------------------------------------------    -------------------
    SLICE_X54Y260        FDRE (Prop_DFF_SLICEM_C_Q)
                                                      0.039     1.177 r  thz_pipeline_top_i/axi_smc1/inst/clk_map/psr_aclk/U0/ACTIVE_LOW_BSR_OUT_DFF[0].FDRE_BSR_N/Q
                         net (fo=45, routed)          0.538     1.715    thz_pipeline_top_i/axi_smc1/inst/s01_entry_pipeline/s01_mmu/inst/xpm_cdc_async_rst_inst/src_arst
    SLICE_X59Y168        FDCE                                         f  thz_pipeline_top_i/axi_smc1/inst/s01_entry_pipeline/s01_mmu/inst/xpm_cdc_async_rst_inst/arststages_ff_reg[1]/CLR  (IS_INVERTED)
  -------------------------------------------------------------------    -------------------

                         (clock clk_pl_0 rise edge)
                                                      0.000     0.000 r  
    PS8_X0Y0             PS8                          0.000     0.000 r  thz_pipeline_top_i/zynq_ultra_ps_e_0/inst/PS8_i/PLCLK[0]
                         net (fo=1, routed)           0.154     0.154    thz_pipeline_top_i/zynq_ultra_ps_e_0/inst/pl_clk_unbuffered[0]
    BUFG_PS_X0Y80        BUFG_PS (Prop_BUFG_PS_I_O)
                                                      0.018     0.172 r  thz_pipeline_top_i/zynq_ultra_ps_e_0/inst/buffer_pl_clk_0.PL_CLK_0_BUFG/O
    X1Y2 (CLOCK_ROOT)    net (fo=30604, routed)       1.097     1.269    thz_pipeline_top_i/axi_smc1/inst/s01_entry_pipeline/s01_mmu/inst/xpm_cdc_async_rst_inst/dest_clk
    SLICE_X59Y168        FDCE                                         r  thz_pipeline_top_i/axi_smc1/inst/s01_entry_pipeline/s01_mmu/inst/xpm_cdc_async_rst_inst/arststages_ff_reg[1]/C

Slack:                    inf
  Source:                 thz_pipeline_top_i/axi_smc1/inst/clk_map/psr_aclk/U0/ACTIVE_LOW_BSR_OUT_DFF[0].FDRE_BSR_N/C
                            (rising edge-triggered cell FDRE clocked by clk_pl_0  {rise@0.000ns fall@1.666ns period=3.333ns})
  Destination:            thz_pipeline_top_i/axi_smc1/inst/s01_entry_pipeline/s01_mmu/inst/xpm_cdc_async_rst_inst/arststages_ff_reg[2]/CLR
                            (removal check against rising-edge clock clk_pl_0  {rise@0.000ns fall@1.666ns period=3.333ns})
  Path Group:             (none)
  Path Type:              Removal (Min at Fast Process Corner)
  Data Path Delay:        0.577ns  (logic 0.039ns (6.763%)  route 0.538ns (93.237%))
  Logic Levels:           0  
  Clock Path Skew:        0.131ns (DCD - SCD - CPR)
    Destination Clock Delay (DCD):    1.269ns
    Source Clock Delay      (SCD):    1.138ns
    Clock Pessimism Removal (CPR):    -0.000ns
  Clock Uncertainty:      0.104ns  ((TSJ^2 + DJ^2)^1/2) / 2 + PE
    Total System Jitter     (TSJ):    0.071ns
    Discrete Jitter          (DJ):    0.195ns
    Phase Error              (PE):    0.000ns
  Clock Net Delay (Source):      0.999ns (routing 0.311ns, distribution 0.688ns)
  Clock Net Delay (Destination): 1.097ns (routing 0.352ns, distribution 0.745ns)
  Timing Exception:       False Path

    Location             Delay type                Incr(ns)  Path(ns)    Netlist Resource(s)
  -------------------------------------------------------------------    -------------------
                         (clock clk_pl_0 rise edge)
                                                      0.000     0.000 r  
    PS8_X0Y0             PS8                          0.000     0.000 r  thz_pipeline_top_i/zynq_ultra_ps_e_0/inst/PS8_i/PLCLK[0]
                         net (fo=1, routed)           0.122     0.122    thz_pipeline_top_i/zynq_ultra_ps_e_0/inst/pl_clk_unbuffered[0]
    BUFG_PS_X0Y80        BUFG_PS (Prop_BUFG_PS_I_O)
                                                      0.017     0.139 r  thz_pipeline_top_i/zynq_ultra_ps_e_0/inst/buffer_pl_clk_0.PL_CLK_0_BUFG/O
    X1Y2 (CLOCK_ROOT)    net (fo=30604, routed)       0.999     1.138    thz_pipeline_top_i/axi_smc1/inst/clk_map/psr_aclk/U0/aclk
    SLICE_X54Y260        FDRE                                         r  thz_pipeline_top_i/axi_smc1/inst/clk_map/psr_aclk/U0/ACTIVE_LOW_BSR_OUT_DFF[0].FDRE_BSR_N/C
  -------------------------------------------------------------------    -------------------
    SLICE_X54Y260        FDRE (Prop_DFF_SLICEM_C_Q)
                                                      0.039     1.177 r  thz_pipeline_top_i/axi_smc1/inst/clk_map/psr_aclk/U0/ACTIVE_LOW_BSR_OUT_DFF[0].FDRE_BSR_N/Q
                         net (fo=45, routed)          0.538     1.715    thz_pipeline_top_i/axi_smc1/inst/s01_entry_pipeline/s01_mmu/inst/xpm_cdc_async_rst_inst/src_arst
    SLICE_X59Y168        FDCE                                         f  thz_pipeline_top_i/axi_smc1/inst/s01_entry_pipeline/s01_mmu/inst/xpm_cdc_async_rst_inst/arststages_ff_reg[2]/CLR  (IS_INVERTED)
  -------------------------------------------------------------------    -------------------

                         (clock clk_pl_0 rise edge)
                                                      0.000     0.000 r  
    PS8_X0Y0             PS8                          0.000     0.000 r  thz_pipeline_top_i/zynq_ultra_ps_e_0/inst/PS8_i/PLCLK[0]
                         net (fo=1, routed)           0.154     0.154    thz_pipeline_top_i/zynq_ultra_ps_e_0/inst/pl_clk_unbuffered[0]
    BUFG_PS_X0Y80        BUFG_PS (Prop_BUFG_PS_I_O)
                                                      0.018     0.172 r  thz_pipeline_top_i/zynq_ultra_ps_e_0/inst/buffer_pl_clk_0.PL_CLK_0_BUFG/O
    X1Y2 (CLOCK_ROOT)    net (fo=30604, routed)       1.097     1.269    thz_pipeline_top_i/axi_smc1/inst/s01_entry_pipeline/s01_mmu/inst/xpm_cdc_async_rst_inst/dest_clk
    SLICE_X59Y168        FDCE                                         r  thz_pipeline_top_i/axi_smc1/inst/s01_entry_pipeline/s01_mmu/inst/xpm_cdc_async_rst_inst/arststages_ff_reg[2]/C

Slack:                    inf
  Source:                 thz_pipeline_top_i/axi_smc/inst/clk_map/psr_aclk/U0/ACTIVE_LOW_BSR_OUT_DFF[0].FDRE_BSR_N/C
                            (rising edge-triggered cell FDRE clocked by clk_pl_0  {rise@0.000ns fall@1.666ns period=3.333ns})
  Destination:            thz_pipeline_top_i/axi_smc/inst/s01_entry_pipeline/s01_mmu/inst/xpm_cdc_async_rst_inst/arststages_ff_reg[0]/CLR
                            (removal check against rising-edge clock clk_pl_0  {rise@0.000ns fall@1.666ns period=3.333ns})
  Path Group:             (none)
  Path Type:              Removal (Min at Fast Process Corner)
  Data Path Delay:        0.595ns  (logic 0.039ns (6.557%)  route 0.556ns (93.443%))
  Logic Levels:           0  
  Clock Path Skew:        0.121ns (DCD - SCD - CPR)
    Destination Clock Delay (DCD):    1.275ns
    Source Clock Delay      (SCD):    1.154ns
    Clock Pessimism Removal (CPR):    -0.000ns
  Clock Uncertainty:      0.104ns  ((TSJ^2 + DJ^2)^1/2) / 2 + PE
    Total System Jitter     (TSJ):    0.071ns
    Discrete Jitter          (DJ):    0.195ns
    Phase Error              (PE):    0.000ns
  Clock Net Delay (Source):      1.015ns (routing 0.311ns, distribution 0.704ns)
  Clock Net Delay (Destination): 1.103ns (routing 0.352ns, distribution 0.751ns)
  Timing Exception:       False Path

    Location             Delay type                Incr(ns)  Path(ns)    Netlist Resource(s)
  -------------------------------------------------------------------    -------------------
                         (clock clk_pl_0 rise edge)
                                                      0.000     0.000 r  
    PS8_X0Y0             PS8                          0.000     0.000 r  thz_pipeline_top_i/zynq_ultra_ps_e_0/inst/PS8_i/PLCLK[0]
                         net (fo=1, routed)           0.122     0.122    thz_pipeline_top_i/zynq_ultra_ps_e_0/inst/pl_clk_unbuffered[0]
    BUFG_PS_X0Y80        BUFG_PS (Prop_BUFG_PS_I_O)
                                                      0.017     0.139 r  thz_pipeline_top_i/zynq_ultra_ps_e_0/inst/buffer_pl_clk_0.PL_CLK_0_BUFG/O
    X1Y2 (CLOCK_ROOT)    net (fo=30604, routed)       1.015     1.154    thz_pipeline_top_i/axi_smc/inst/clk_map/psr_aclk/U0/aclk
    SLICE_X54Y242        FDRE                                         r  thz_pipeline_top_i/axi_smc/inst/clk_map/psr_aclk/U0/ACTIVE_LOW_BSR_OUT_DFF[0].FDRE_BSR_N/C
  -------------------------------------------------------------------    -------------------
    SLICE_X54Y242        FDRE (Prop_DFF_SLICEM_C_Q)
                                                      0.039     1.193 r  thz_pipeline_top_i/axi_smc/inst/clk_map/psr_aclk/U0/ACTIVE_LOW_BSR_OUT_DFF[0].FDRE_BSR_N/Q
                         net (fo=51, routed)          0.556     1.748    thz_pipeline_top_i/axi_smc/inst/s01_entry_pipeline/s01_mmu/inst/xpm_cdc_async_rst_inst/src_arst
    SLICE_X65Y154        FDCE                                         f  thz_pipeline_top_i/axi_smc/inst/s01_entry_pipeline/s01_mmu/inst/xpm_cdc_async_rst_inst/arststages_ff_reg[0]/CLR  (IS_INVERTED)
  -------------------------------------------------------------------    -------------------

                         (clock clk_pl_0 rise edge)
                                                      0.000     0.000 r  
    PS8_X0Y0             PS8                          0.000     0.000 r  thz_pipeline_top_i/zynq_ultra_ps_e_0/inst/PS8_i/PLCLK[0]
                         net (fo=1, routed)           0.154     0.154    thz_pipeline_top_i/zynq_ultra_ps_e_0/inst/pl_clk_unbuffered[0]
    BUFG_PS_X0Y80        BUFG_PS (Prop_BUFG_PS_I_O)
                                                      0.018     0.172 r  thz_pipeline_top_i/zynq_ultra_ps_e_0/inst/buffer_pl_clk_0.PL_CLK_0_BUFG/O
    X1Y2 (CLOCK_ROOT)    net (fo=30604, routed)       1.103     1.275    thz_pipeline_top_i/axi_smc/inst/s01_entry_pipeline/s01_mmu/inst/xpm_cdc_async_rst_inst/dest_clk
    SLICE_X65Y154        FDCE                                         r  thz_pipeline_top_i/axi_smc/inst/s01_entry_pipeline/s01_mmu/inst/xpm_cdc_async_rst_inst/arststages_ff_reg[0]/C

Slack:                    inf
  Source:                 thz_pipeline_top_i/axi_smc/inst/clk_map/psr_aclk/U0/ACTIVE_LOW_BSR_OUT_DFF[0].FDRE_BSR_N/C
                            (rising edge-triggered cell FDRE clocked by clk_pl_0  {rise@0.000ns fall@1.666ns period=3.333ns})
  Destination:            thz_pipeline_top_i/axi_smc/inst/s01_entry_pipeline/s01_mmu/inst/xpm_cdc_async_rst_inst/arststages_ff_reg[1]/CLR
                            (removal check against rising-edge clock clk_pl_0  {rise@0.000ns fall@1.666ns period=3.333ns})
  Path Group:             (none)
  Path Type:              Removal (Min at Fast Process Corner)
  Data Path Delay:        0.595ns  (logic 0.039ns (6.557%)  route 0.556ns (93.443%))
  Logic Levels:           0  
  Clock Path Skew:        0.121ns (DCD - SCD - CPR)
    Destination Clock Delay (DCD):    1.275ns
    Source Clock Delay      (SCD):    1.154ns
    Clock Pessimism Removal (CPR):    -0.000ns
  Clock Uncertainty:      0.104ns  ((TSJ^2 + DJ^2)^1/2) / 2 + PE
    Total System Jitter     (TSJ):    0.071ns
    Discrete Jitter          (DJ):    0.195ns
    Phase Error              (PE):    0.000ns
  Clock Net Delay (Source):      1.015ns (routing 0.311ns, distribution 0.704ns)
  Clock Net Delay (Destination): 1.103ns (routing 0.352ns, distribution 0.751ns)
  Timing Exception:       False Path

    Location             Delay type                Incr(ns)  Path(ns)    Netlist Resource(s)
  -------------------------------------------------------------------    -------------------
                         (clock clk_pl_0 rise edge)
                                                      0.000     0.000 r  
    PS8_X0Y0             PS8                          0.000     0.000 r  thz_pipeline_top_i/zynq_ultra_ps_e_0/inst/PS8_i/PLCLK[0]
                         net (fo=1, routed)           0.122     0.122    thz_pipeline_top_i/zynq_ultra_ps_e_0/inst/pl_clk_unbuffered[0]
    BUFG_PS_X0Y80        BUFG_PS (Prop_BUFG_PS_I_O)
                                                      0.017     0.139 r  thz_pipeline_top_i/zynq_ultra_ps_e_0/inst/buffer_pl_clk_0.PL_CLK_0_BUFG/O
    X1Y2 (CLOCK_ROOT)    net (fo=30604, routed)       1.015     1.154    thz_pipeline_top_i/axi_smc/inst/clk_map/psr_aclk/U0/aclk
    SLICE_X54Y242        FDRE                                         r  thz_pipeline_top_i/axi_smc/inst/clk_map/psr_aclk/U0/ACTIVE_LOW_BSR_OUT_DFF[0].FDRE_BSR_N/C
  -------------------------------------------------------------------    -------------------
    SLICE_X54Y242        FDRE (Prop_DFF_SLICEM_C_Q)
                                                      0.039     1.193 r  thz_pipeline_top_i/axi_smc/inst/clk_map/psr_aclk/U0/ACTIVE_LOW_BSR_OUT_DFF[0].FDRE_BSR_N/Q
                         net (fo=51, routed)          0.556     1.748    thz_pipeline_top_i/axi_smc/inst/s01_entry_pipeline/s01_mmu/inst/xpm_cdc_async_rst_inst/src_arst
    SLICE_X65Y154        FDCE                                         f  thz_pipeline_top_i/axi_smc/inst/s01_entry_pipeline/s01_mmu/inst/xpm_cdc_async_rst_inst/arststages_ff_reg[1]/CLR  (IS_INVERTED)
  -------------------------------------------------------------------    -------------------

                         (clock clk_pl_0 rise edge)
                                                      0.000     0.000 r  
    PS8_X0Y0             PS8                          0.000     0.000 r  thz_pipeline_top_i/zynq_ultra_ps_e_0/inst/PS8_i/PLCLK[0]
                         net (fo=1, routed)           0.154     0.154    thz_pipeline_top_i/zynq_ultra_ps_e_0/inst/pl_clk_unbuffered[0]
    BUFG_PS_X0Y80        BUFG_PS (Prop_BUFG_PS_I_O)
                                                      0.018     0.172 r  thz_pipeline_top_i/zynq_ultra_ps_e_0/inst/buffer_pl_clk_0.PL_CLK_0_BUFG/O
    X1Y2 (CLOCK_ROOT)    net (fo=30604, routed)       1.103     1.275    thz_pipeline_top_i/axi_smc/inst/s01_entry_pipeline/s01_mmu/inst/xpm_cdc_async_rst_inst/dest_clk
    SLICE_X65Y154        FDCE                                         r  thz_pipeline_top_i/axi_smc/inst/s01_entry_pipeline/s01_mmu/inst/xpm_cdc_async_rst_inst/arststages_ff_reg[1]/C

Slack:                    inf
  Source:                 thz_pipeline_top_i/axi_smc/inst/clk_map/psr_aclk/U0/ACTIVE_LOW_BSR_OUT_DFF[0].FDRE_BSR_N/C
                            (rising edge-triggered cell FDRE clocked by clk_pl_0  {rise@0.000ns fall@1.666ns period=3.333ns})
  Destination:            thz_pipeline_top_i/axi_smc/inst/s01_entry_pipeline/s01_mmu/inst/xpm_cdc_async_rst_inst/arststages_ff_reg[2]/CLR
                            (removal check against rising-edge clock clk_pl_0  {rise@0.000ns fall@1.666ns period=3.333ns})
  Path Group:             (none)
  Path Type:              Removal (Min at Fast Process Corner)
  Data Path Delay:        0.595ns  (logic 0.039ns (6.557%)  route 0.556ns (93.443%))
  Logic Levels:           0  
  Clock Path Skew:        0.121ns (DCD - SCD - CPR)
    Destination Clock Delay (DCD):    1.275ns
    Source Clock Delay      (SCD):    1.154ns
    Clock Pessimism Removal (CPR):    -0.000ns
  Clock Uncertainty:      0.104ns  ((TSJ^2 + DJ^2)^1/2) / 2 + PE
    Total System Jitter     (TSJ):    0.071ns
    Discrete Jitter          (DJ):    0.195ns
    Phase Error              (PE):    0.000ns
  Clock Net Delay (Source):      1.015ns (routing 0.311ns, distribution 0.704ns)
  Clock Net Delay (Destination): 1.103ns (routing 0.352ns, distribution 0.751ns)
  Timing Exception:       False Path

    Location             Delay type                Incr(ns)  Path(ns)    Netlist Resource(s)
  -------------------------------------------------------------------    -------------------
                         (clock clk_pl_0 rise edge)
                                                      0.000     0.000 r  
    PS8_X0Y0             PS8                          0.000     0.000 r  thz_pipeline_top_i/zynq_ultra_ps_e_0/inst/PS8_i/PLCLK[0]
                         net (fo=1, routed)           0.122     0.122    thz_pipeline_top_i/zynq_ultra_ps_e_0/inst/pl_clk_unbuffered[0]
    BUFG_PS_X0Y80        BUFG_PS (Prop_BUFG_PS_I_O)
                                                      0.017     0.139 r  thz_pipeline_top_i/zynq_ultra_ps_e_0/inst/buffer_pl_clk_0.PL_CLK_0_BUFG/O
    X1Y2 (CLOCK_ROOT)    net (fo=30604, routed)       1.015     1.154    thz_pipeline_top_i/axi_smc/inst/clk_map/psr_aclk/U0/aclk
    SLICE_X54Y242        FDRE                                         r  thz_pipeline_top_i/axi_smc/inst/clk_map/psr_aclk/U0/ACTIVE_LOW_BSR_OUT_DFF[0].FDRE_BSR_N/C
  -------------------------------------------------------------------    -------------------
    SLICE_X54Y242        FDRE (Prop_DFF_SLICEM_C_Q)
                                                      0.039     1.193 r  thz_pipeline_top_i/axi_smc/inst/clk_map/psr_aclk/U0/ACTIVE_LOW_BSR_OUT_DFF[0].FDRE_BSR_N/Q
                         net (fo=51, routed)          0.556     1.748    thz_pipeline_top_i/axi_smc/inst/s01_entry_pipeline/s01_mmu/inst/xpm_cdc_async_rst_inst/src_arst
    SLICE_X65Y154        FDCE                                         f  thz_pipeline_top_i/axi_smc/inst/s01_entry_pipeline/s01_mmu/inst/xpm_cdc_async_rst_inst/arststages_ff_reg[2]/CLR  (IS_INVERTED)
  -------------------------------------------------------------------    -------------------

                         (clock clk_pl_0 rise edge)
                                                      0.000     0.000 r  
    PS8_X0Y0             PS8                          0.000     0.000 r  thz_pipeline_top_i/zynq_ultra_ps_e_0/inst/PS8_i/PLCLK[0]
                         net (fo=1, routed)           0.154     0.154    thz_pipeline_top_i/zynq_ultra_ps_e_0/inst/pl_clk_unbuffered[0]
    BUFG_PS_X0Y80        BUFG_PS (Prop_BUFG_PS_I_O)
                                                      0.018     0.172 r  thz_pipeline_top_i/zynq_ultra_ps_e_0/inst/buffer_pl_clk_0.PL_CLK_0_BUFG/O
    X1Y2 (CLOCK_ROOT)    net (fo=30604, routed)       1.103     1.275    thz_pipeline_top_i/axi_smc/inst/s01_entry_pipeline/s01_mmu/inst/xpm_cdc_async_rst_inst/dest_clk
    SLICE_X65Y154        FDCE                                         r  thz_pipeline_top_i/axi_smc/inst/s01_entry_pipeline/s01_mmu/inst/xpm_cdc_async_rst_inst/arststages_ff_reg[2]/C

Slack:                    inf
  Source:                 thz_pipeline_top_i/axi_smc1/inst/clk_map/psr_aclk/U0/ACTIVE_LOW_BSR_OUT_DFF[0].FDRE_BSR_N/C
                            (rising edge-triggered cell FDRE clocked by clk_pl_0  {rise@0.000ns fall@1.666ns period=3.333ns})
  Destination:            thz_pipeline_top_i/axi_smc1/inst/s01_nodes/s01_b_node/inst/s_sc_xpm_cdc_async_rst_inst/arststages_ff_reg[0]/CLR
                            (removal check against rising-edge clock clk_pl_0  {rise@0.000ns fall@1.666ns period=3.333ns})
  Path Group:             (none)
  Path Type:              Removal (Min at Fast Process Corner)
  Data Path Delay:        0.627ns  (logic 0.039ns (6.224%)  route 0.588ns (93.776%))
  Logic Levels:           0  
  Clock Path Skew:        0.119ns (DCD - SCD - CPR)
    Destination Clock Delay (DCD):    1.257ns
    Source Clock Delay      (SCD):    1.138ns
    Clock Pessimism Removal (CPR):    -0.000ns
  Clock Uncertainty:      0.104ns  ((TSJ^2 + DJ^2)^1/2) / 2 + PE
    Total System Jitter     (TSJ):    0.071ns
    Discrete Jitter          (DJ):    0.195ns
    Phase Error              (PE):    0.000ns
  Clock Net Delay (Source):      0.999ns (routing 0.311ns, distribution 0.688ns)
  Clock Net Delay (Destination): 1.085ns (routing 0.352ns, distribution 0.733ns)
  Timing Exception:       False Path

    Location             Delay type                Incr(ns)  Path(ns)    Netlist Resource(s)
  -------------------------------------------------------------------    -------------------
                         (clock clk_pl_0 rise edge)
                                                      0.000     0.000 r  
    PS8_X0Y0             PS8                          0.000     0.000 r  thz_pipeline_top_i/zynq_ultra_ps_e_0/inst/PS8_i/PLCLK[0]
                         net (fo=1, routed)           0.122     0.122    thz_pipeline_top_i/zynq_ultra_ps_e_0/inst/pl_clk_unbuffered[0]
    BUFG_PS_X0Y80        BUFG_PS (Prop_BUFG_PS_I_O)
                                                      0.017     0.139 r  thz_pipeline_top_i/zynq_ultra_ps_e_0/inst/buffer_pl_clk_0.PL_CLK_0_BUFG/O
    X1Y2 (CLOCK_ROOT)    net (fo=30604, routed)       0.999     1.138    thz_pipeline_top_i/axi_smc1/inst/clk_map/psr_aclk/U0/aclk
    SLICE_X54Y260        FDRE                                         r  thz_pipeline_top_i/axi_smc1/inst/clk_map/psr_aclk/U0/ACTIVE_LOW_BSR_OUT_DFF[0].FDRE_BSR_N/C
  -------------------------------------------------------------------    -------------------
    SLICE_X54Y260        FDRE (Prop_DFF_SLICEM_C_Q)
                                                      0.039     1.177 r  thz_pipeline_top_i/axi_smc1/inst/clk_map/psr_aclk/U0/ACTIVE_LOW_BSR_OUT_DFF[0].FDRE_BSR_N/Q
                         net (fo=45, routed)          0.588     1.765    thz_pipeline_top_i/axi_smc1/inst/s01_nodes/s01_b_node/inst/s_sc_xpm_cdc_async_rst_inst/src_arst
    SLICE_X59Y166        FDCE                                         f  thz_pipeline_top_i/axi_smc1/inst/s01_nodes/s01_b_node/inst/s_sc_xpm_cdc_async_rst_inst/arststages_ff_reg[0]/CLR  (IS_INVERTED)
  -------------------------------------------------------------------    -------------------

                         (clock clk_pl_0 rise edge)
                                                      0.000     0.000 r  
    PS8_X0Y0             PS8                          0.000     0.000 r  thz_pipeline_top_i/zynq_ultra_ps_e_0/inst/PS8_i/PLCLK[0]
                         net (fo=1, routed)           0.154     0.154    thz_pipeline_top_i/zynq_ultra_ps_e_0/inst/pl_clk_unbuffered[0]
    BUFG_PS_X0Y80        BUFG_PS (Prop_BUFG_PS_I_O)
                                                      0.018     0.172 r  thz_pipeline_top_i/zynq_ultra_ps_e_0/inst/buffer_pl_clk_0.PL_CLK_0_BUFG/O
    X1Y2 (CLOCK_ROOT)    net (fo=30604, routed)       1.085     1.257    thz_pipeline_top_i/axi_smc1/inst/s01_nodes/s01_b_node/inst/s_sc_xpm_cdc_async_rst_inst/dest_clk
    SLICE_X59Y166        FDCE                                         r  thz_pipeline_top_i/axi_smc1/inst/s01_nodes/s01_b_node/inst/s_sc_xpm_cdc_async_rst_inst/arststages_ff_reg[0]/C





--------------------------------------------------------------------------------------
Path Group:  (none)
From Clock:  
  To Clock:  clk_pl_0

Max Delay           114 Endpoints
Min Delay           114 Endpoints
--------------------------------------------------------------------------------------


Max Delay Paths
--------------------------------------------------------------------------------------
Slack:                    inf
  Source:                 thz_pipeline_top_i/mlkem_top_1/inst/process_phase_U0/grp_process_phase_Pipeline_VITIS_LOOP_44_1_fu_38/mul_16s_12ns_28_1_1_U18/tmp_product/DSP_A_B_DATA_INST/B2_DATA[5]
                            (internal pin)
  Destination:            thz_pipeline_top_i/mlkem_top_1/inst/process_phase_U0/grp_process_phase_Pipeline_VITIS_LOOP_44_1_fu_38/a_1_reg_260_pp0_iter2_reg_reg[5]_srl2/D
                            (rising edge-triggered cell SRL16E clocked by clk_pl_0  {rise@0.000ns fall@1.666ns period=3.333ns})
  Path Group:             (none)
  Path Type:              Setup (Max at Slow Process Corner)
  Data Path Delay:        2.015ns  (logic 1.408ns (69.880%)  route 0.607ns (30.120%))
  Logic Levels:           5  (DSP_ALU=1 DSP_M_DATA=1 DSP_MULTIPLIER=1 DSP_OUTPUT=1 DSP_PREADD_DATA=1)
  Clock Uncertainty:      0.100ns  ((TSJ^2 + DJ^2)^1/2) / 2 + PE
    Total System Jitter     (TSJ):    0.050ns
    Discrete Jitter          (DJ):    0.195ns
    Phase Error              (PE):    0.000ns
  Clock Net Delay (Destination): 1.821ns (routing 0.512ns, distribution 1.309ns)

    Location             Delay type                Incr(ns)  Path(ns)    Netlist Resource(s)
  -------------------------------------------------------------------    -------------------
    DSP48E2_X0Y101       DSP_A_B_DATA                 0.000     0.000 r  thz_pipeline_top_i/mlkem_top_1/inst/process_phase_U0/grp_process_phase_Pipeline_VITIS_LOOP_44_1_fu_38/mul_16s_12ns_28_1_1_U18/tmp_product/DSP_A_B_DATA_INST/B2_DATA[5]
                         net (fo=1, routed)           0.000     0.000    thz_pipeline_top_i/mlkem_top_1/inst/process_phase_U0/grp_process_phase_Pipeline_VITIS_LOOP_44_1_fu_38/mul_16s_12ns_28_1_1_U18/tmp_product/DSP_A_B_DATA.B2_DATA<5>
    DSP48E2_X0Y101       DSP_PREADD_DATA (Prop_DSP_PREADD_DATA_DSP48E2_B2_DATA[5]_B2B1[5])
                                                      0.073     0.073 r  thz_pipeline_top_i/mlkem_top_1/inst/process_phase_U0/grp_process_phase_Pipeline_VITIS_LOOP_44_1_fu_38/mul_16s_12ns_28_1_1_U18/tmp_product/DSP_PREADD_DATA_INST/B2B1[5]
                         net (fo=1, routed)           0.000     0.073    thz_pipeline_top_i/mlkem_top_1/inst/process_phase_U0/grp_process_phase_Pipeline_VITIS_LOOP_44_1_fu_38/mul_16s_12ns_28_1_1_U18/tmp_product/DSP_PREADD_DATA.B2B1<5>
    DSP48E2_X0Y101       DSP_MULTIPLIER (Prop_DSP_MULTIPLIER_DSP48E2_B2B1[5]_V[5])
                                                      0.609     0.682 f  thz_pipeline_top_i/mlkem_top_1/inst/process_phase_U0/grp_process_phase_Pipeline_VITIS_LOOP_44_1_fu_38/mul_16s_12ns_28_1_1_U18/tmp_product/DSP_MULTIPLIER_INST/V[5]
                         net (fo=1, routed)           0.000     0.682    thz_pipeline_top_i/mlkem_top_1/inst/process_phase_U0/grp_process_phase_Pipeline_VITIS_LOOP_44_1_fu_38/mul_16s_12ns_28_1_1_U18/tmp_product/DSP_MULTIPLIER.V<5>
    DSP48E2_X0Y101       DSP_M_DATA (Prop_DSP_M_DATA_DSP48E2_V[5]_V_DATA[5])
                                                      0.046     0.728 r  thz_pipeline_top_i/mlkem_top_1/inst/process_phase_U0/grp_process_phase_Pipeline_VITIS_LOOP_44_1_fu_38/mul_16s_12ns_28_1_1_U18/tmp_product/DSP_M_DATA_INST/V_DATA[5]
                         net (fo=1, routed)           0.000     0.728    thz_pipeline_top_i/mlkem_top_1/inst/process_phase_U0/grp_process_phase_Pipeline_VITIS_LOOP_44_1_fu_38/mul_16s_12ns_28_1_1_U18/tmp_product/DSP_M_DATA.V_DATA<5>
    DSP48E2_X0Y101       DSP_ALU (Prop_DSP_ALU_DSP48E2_V_DATA[5]_ALU_OUT[5])
                                                      0.571     1.299 f  thz_pipeline_top_i/mlkem_top_1/inst/process_phase_U0/grp_process_phase_Pipeline_VITIS_LOOP_44_1_fu_38/mul_16s_12ns_28_1_1_U18/tmp_product/DSP_ALU_INST/ALU_OUT[5]
                         net (fo=1, routed)           0.000     1.299    thz_pipeline_top_i/mlkem_top_1/inst/process_phase_U0/grp_process_phase_Pipeline_VITIS_LOOP_44_1_fu_38/mul_16s_12ns_28_1_1_U18/tmp_product/DSP_ALU.ALU_OUT<5>
    DSP48E2_X0Y101       DSP_OUTPUT (Prop_DSP_OUTPUT_DSP48E2_ALU_OUT[5]_P[5])
                                                      0.109     1.408 r  thz_pipeline_top_i/mlkem_top_1/inst/process_phase_U0/grp_process_phase_Pipeline_VITIS_LOOP_44_1_fu_38/mul_16s_12ns_28_1_1_U18/tmp_product/DSP_OUTPUT_INST/P[5]
                         net (fo=2, routed)           0.607     2.015    thz_pipeline_top_i/mlkem_top_1/inst/process_phase_U0/grp_process_phase_Pipeline_VITIS_LOOP_44_1_fu_38/mul_16s_12ns_28_1_1_U18_n_535
    SLICE_X6Y255         SRL16E                                       r  thz_pipeline_top_i/mlkem_top_1/inst/process_phase_U0/grp_process_phase_Pipeline_VITIS_LOOP_44_1_fu_38/a_1_reg_260_pp0_iter2_reg_reg[5]_srl2/D
  -------------------------------------------------------------------    -------------------

                         (clock clk_pl_0 rise edge)
                                                      0.000     0.000 r  
    PS8_X0Y0             PS8                          0.000     0.000 r  thz_pipeline_top_i/zynq_ultra_ps_e_0/inst/PS8_i/PLCLK[0]
                         net (fo=1, routed)           0.143     0.143    thz_pipeline_top_i/zynq_ultra_ps_e_0/inst/pl_clk_unbuffered[0]
    BUFG_PS_X0Y80        BUFG_PS (Prop_BUFG_PS_I_O)
                                                      0.025     0.168 r  thz_pipeline_top_i/zynq_ultra_ps_e_0/inst/buffer_pl_clk_0.PL_CLK_0_BUFG/O
    X1Y2 (CLOCK_ROOT)    net (fo=30604, routed)       1.821     1.989    thz_pipeline_top_i/mlkem_top_1/inst/process_phase_U0/grp_process_phase_Pipeline_VITIS_LOOP_44_1_fu_38/ap_clk
    SLICE_X6Y255         SRL16E                                       r  thz_pipeline_top_i/mlkem_top_1/inst/process_phase_U0/grp_process_phase_Pipeline_VITIS_LOOP_44_1_fu_38/a_1_reg_260_pp0_iter2_reg_reg[5]_srl2/CLK

Slack:                    inf
  Source:                 thz_pipeline_top_i/mlkem_top_1/inst/process_phase_U0/grp_process_phase_Pipeline_VITIS_LOOP_44_1_fu_38/mul_16s_13ns_29_1_1_U17/tmp_product/DSP_A_B_DATA_INST/B2_DATA[11]
                            (internal pin)
  Destination:            thz_pipeline_top_i/mlkem_top_1/inst/process_phase_U0/grp_process_phase_Pipeline_VITIS_LOOP_44_1_fu_38/a_2_reg_250_pp0_iter2_reg_reg[11]_srl2/D
                            (rising edge-triggered cell SRL16E clocked by clk_pl_0  {rise@0.000ns fall@1.666ns period=3.333ns})
  Path Group:             (none)
  Path Type:              Setup (Max at Slow Process Corner)
  Data Path Delay:        2.004ns  (logic 1.408ns (70.244%)  route 0.596ns (29.756%))
  Logic Levels:           5  (DSP_ALU=1 DSP_M_DATA=1 DSP_MULTIPLIER=1 DSP_OUTPUT=1 DSP_PREADD_DATA=1)
  Clock Uncertainty:      0.100ns  ((TSJ^2 + DJ^2)^1/2) / 2 + PE
    Total System Jitter     (TSJ):    0.050ns
    Discrete Jitter          (DJ):    0.195ns
    Phase Error              (PE):    0.000ns
  Clock Net Delay (Destination): 1.829ns (routing 0.512ns, distribution 1.317ns)

    Location             Delay type                Incr(ns)  Path(ns)    Netlist Resource(s)
  -------------------------------------------------------------------    -------------------
    DSP48E2_X0Y100       DSP_A_B_DATA                 0.000     0.000 r  thz_pipeline_top_i/mlkem_top_1/inst/process_phase_U0/grp_process_phase_Pipeline_VITIS_LOOP_44_1_fu_38/mul_16s_13ns_29_1_1_U17/tmp_product/DSP_A_B_DATA_INST/B2_DATA[11]
                         net (fo=1, routed)           0.000     0.000    thz_pipeline_top_i/mlkem_top_1/inst/process_phase_U0/grp_process_phase_Pipeline_VITIS_LOOP_44_1_fu_38/mul_16s_13ns_29_1_1_U17/tmp_product/DSP_A_B_DATA.B2_DATA<11>
    DSP48E2_X0Y100       DSP_PREADD_DATA (Prop_DSP_PREADD_DATA_DSP48E2_B2_DATA[11]_B2B1[11])
                                                      0.073     0.073 r  thz_pipeline_top_i/mlkem_top_1/inst/process_phase_U0/grp_process_phase_Pipeline_VITIS_LOOP_44_1_fu_38/mul_16s_13ns_29_1_1_U17/tmp_product/DSP_PREADD_DATA_INST/B2B1[11]
                         net (fo=1, routed)           0.000     0.073    thz_pipeline_top_i/mlkem_top_1/inst/process_phase_U0/grp_process_phase_Pipeline_VITIS_LOOP_44_1_fu_38/mul_16s_13ns_29_1_1_U17/tmp_product/DSP_PREADD_DATA.B2B1<11>
    DSP48E2_X0Y100       DSP_MULTIPLIER (Prop_DSP_MULTIPLIER_DSP48E2_B2B1[11]_V[11])
                                                      0.609     0.682 f  thz_pipeline_top_i/mlkem_top_1/inst/process_phase_U0/grp_process_phase_Pipeline_VITIS_LOOP_44_1_fu_38/mul_16s_13ns_29_1_1_U17/tmp_product/DSP_MULTIPLIER_INST/V[11]
                         net (fo=1, routed)           0.000     0.682    thz_pipeline_top_i/mlkem_top_1/inst/process_phase_U0/grp_process_phase_Pipeline_VITIS_LOOP_44_1_fu_38/mul_16s_13ns_29_1_1_U17/tmp_product/DSP_MULTIPLIER.V<11>
    DSP48E2_X0Y100       DSP_M_DATA (Prop_DSP_M_DATA_DSP48E2_V[11]_V_DATA[11])
                                                      0.046     0.728 r  thz_pipeline_top_i/mlkem_top_1/inst/process_phase_U0/grp_process_phase_Pipeline_VITIS_LOOP_44_1_fu_38/mul_16s_13ns_29_1_1_U17/tmp_product/DSP_M_DATA_INST/V_DATA[11]
                         net (fo=1, routed)           0.000     0.728    thz_pipeline_top_i/mlkem_top_1/inst/process_phase_U0/grp_process_phase_Pipeline_VITIS_LOOP_44_1_fu_38/mul_16s_13ns_29_1_1_U17/tmp_product/DSP_M_DATA.V_DATA<11>
    DSP48E2_X0Y100       DSP_ALU (Prop_DSP_ALU_DSP48E2_V_DATA[11]_ALU_OUT[11])
                                                      0.571     1.299 f  thz_pipeline_top_i/mlkem_top_1/inst/process_phase_U0/grp_process_phase_Pipeline_VITIS_LOOP_44_1_fu_38/mul_16s_13ns_29_1_1_U17/tmp_product/DSP_ALU_INST/ALU_OUT[11]
                         net (fo=1, routed)           0.000     1.299    thz_pipeline_top_i/mlkem_top_1/inst/process_phase_U0/grp_process_phase_Pipeline_VITIS_LOOP_44_1_fu_38/mul_16s_13ns_29_1_1_U17/tmp_product/DSP_ALU.ALU_OUT<11>
    DSP48E2_X0Y100       DSP_OUTPUT (Prop_DSP_OUTPUT_DSP48E2_ALU_OUT[11]_P[11])
                                                      0.109     1.408 r  thz_pipeline_top_i/mlkem_top_1/inst/process_phase_U0/grp_process_phase_Pipeline_VITIS_LOOP_44_1_fu_38/mul_16s_13ns_29_1_1_U17/tmp_product/DSP_OUTPUT_INST/P[11]
                         net (fo=2, routed)           0.596     2.004    thz_pipeline_top_i/mlkem_top_1/inst/process_phase_U0/grp_process_phase_Pipeline_VITIS_LOOP_44_1_fu_38/mul_16s_13ns_29_1_1_U17_n_530
    SLICE_X6Y246         SRL16E                                       r  thz_pipeline_top_i/mlkem_top_1/inst/process_phase_U0/grp_process_phase_Pipeline_VITIS_LOOP_44_1_fu_38/a_2_reg_250_pp0_iter2_reg_reg[11]_srl2/D
  -------------------------------------------------------------------    -------------------

                         (clock clk_pl_0 rise edge)
                                                      0.000     0.000 r  
    PS8_X0Y0             PS8                          0.000     0.000 r  thz_pipeline_top_i/zynq_ultra_ps_e_0/inst/PS8_i/PLCLK[0]
                         net (fo=1, routed)           0.143     0.143    thz_pipeline_top_i/zynq_ultra_ps_e_0/inst/pl_clk_unbuffered[0]
    BUFG_PS_X0Y80        BUFG_PS (Prop_BUFG_PS_I_O)
                                                      0.025     0.168 r  thz_pipeline_top_i/zynq_ultra_ps_e_0/inst/buffer_pl_clk_0.PL_CLK_0_BUFG/O
    X1Y2 (CLOCK_ROOT)    net (fo=30604, routed)       1.829     1.997    thz_pipeline_top_i/mlkem_top_1/inst/process_phase_U0/grp_process_phase_Pipeline_VITIS_LOOP_44_1_fu_38/ap_clk
    SLICE_X6Y246         SRL16E                                       r  thz_pipeline_top_i/mlkem_top_1/inst/process_phase_U0/grp_process_phase_Pipeline_VITIS_LOOP_44_1_fu_38/a_2_reg_250_pp0_iter2_reg_reg[11]_srl2/CLK

Slack:                    inf
  Source:                 thz_pipeline_top_i/mlkem_top_1/inst/process_phase_U0/grp_process_phase_Pipeline_VITIS_LOOP_44_1_fu_38/mul_16s_12ns_28_1_1_U18/tmp_product/DSP_A_B_DATA_INST/B2_DATA[1]
                            (internal pin)
  Destination:            thz_pipeline_top_i/mlkem_top_1/inst/process_phase_U0/grp_process_phase_Pipeline_VITIS_LOOP_44_1_fu_38/a_1_reg_260_pp0_iter2_reg_reg[2]_srl2/D
                            (rising edge-triggered cell SRL16E clocked by clk_pl_0  {rise@0.000ns fall@1.666ns period=3.333ns})
  Path Group:             (none)
  Path Type:              Setup (Max at Slow Process Corner)
  Data Path Delay:        1.915ns  (logic 1.408ns (73.513%)  route 0.507ns (26.487%))
  Logic Levels:           5  (DSP_ALU=1 DSP_M_DATA=1 DSP_MULTIPLIER=1 DSP_OUTPUT=1 DSP_PREADD_DATA=1)
  Clock Uncertainty:      0.100ns  ((TSJ^2 + DJ^2)^1/2) / 2 + PE
    Total System Jitter     (TSJ):    0.050ns
    Discrete Jitter          (DJ):    0.195ns
    Phase Error              (PE):    0.000ns
  Clock Net Delay (Destination): 1.821ns (routing 0.512ns, distribution 1.309ns)

    Location             Delay type                Incr(ns)  Path(ns)    Netlist Resource(s)
  -------------------------------------------------------------------    -------------------
    DSP48E2_X0Y101       DSP_A_B_DATA                 0.000     0.000 r  thz_pipeline_top_i/mlkem_top_1/inst/process_phase_U0/grp_process_phase_Pipeline_VITIS_LOOP_44_1_fu_38/mul_16s_12ns_28_1_1_U18/tmp_product/DSP_A_B_DATA_INST/B2_DATA[1]
                         net (fo=1, routed)           0.000     0.000    thz_pipeline_top_i/mlkem_top_1/inst/process_phase_U0/grp_process_phase_Pipeline_VITIS_LOOP_44_1_fu_38/mul_16s_12ns_28_1_1_U18/tmp_product/DSP_A_B_DATA.B2_DATA<1>
    DSP48E2_X0Y101       DSP_PREADD_DATA (Prop_DSP_PREADD_DATA_DSP48E2_B2_DATA[1]_B2B1[1])
                                                      0.073     0.073 r  thz_pipeline_top_i/mlkem_top_1/inst/process_phase_U0/grp_process_phase_Pipeline_VITIS_LOOP_44_1_fu_38/mul_16s_12ns_28_1_1_U18/tmp_product/DSP_PREADD_DATA_INST/B2B1[1]
                         net (fo=1, routed)           0.000     0.073    thz_pipeline_top_i/mlkem_top_1/inst/process_phase_U0/grp_process_phase_Pipeline_VITIS_LOOP_44_1_fu_38/mul_16s_12ns_28_1_1_U18/tmp_product/DSP_PREADD_DATA.B2B1<1>
    DSP48E2_X0Y101       DSP_MULTIPLIER (Prop_DSP_MULTIPLIER_DSP48E2_B2B1[1]_V[0])
                                                      0.609     0.682 f  thz_pipeline_top_i/mlkem_top_1/inst/process_phase_U0/grp_process_phase_Pipeline_VITIS_LOOP_44_1_fu_38/mul_16s_12ns_28_1_1_U18/tmp_product/DSP_MULTIPLIER_INST/V[0]
                         net (fo=1, routed)           0.000     0.682    thz_pipeline_top_i/mlkem_top_1/inst/process_phase_U0/grp_process_phase_Pipeline_VITIS_LOOP_44_1_fu_38/mul_16s_12ns_28_1_1_U18/tmp_product/DSP_MULTIPLIER.V<0>
    DSP48E2_X0Y101       DSP_M_DATA (Prop_DSP_M_DATA_DSP48E2_V[0]_V_DATA[0])
                                                      0.046     0.728 r  thz_pipeline_top_i/mlkem_top_1/inst/process_phase_U0/grp_process_phase_Pipeline_VITIS_LOOP_44_1_fu_38/mul_16s_12ns_28_1_1_U18/tmp_product/DSP_M_DATA_INST/V_DATA[0]
                         net (fo=1, routed)           0.000     0.728    thz_pipeline_top_i/mlkem_top_1/inst/process_phase_U0/grp_process_phase_Pipeline_VITIS_LOOP_44_1_fu_38/mul_16s_12ns_28_1_1_U18/tmp_product/DSP_M_DATA.V_DATA<0>
    DSP48E2_X0Y101       DSP_ALU (Prop_DSP_ALU_DSP48E2_V_DATA[0]_ALU_OUT[2])
                                                      0.571     1.299 f  thz_pipeline_top_i/mlkem_top_1/inst/process_phase_U0/grp_process_phase_Pipeline_VITIS_LOOP_44_1_fu_38/mul_16s_12ns_28_1_1_U18/tmp_product/DSP_ALU_INST/ALU_OUT[2]
                         net (fo=1, routed)           0.000     1.299    thz_pipeline_top_i/mlkem_top_1/inst/process_phase_U0/grp_process_phase_Pipeline_VITIS_LOOP_44_1_fu_38/mul_16s_12ns_28_1_1_U18/tmp_product/DSP_ALU.ALU_OUT<2>
    DSP48E2_X0Y101       DSP_OUTPUT (Prop_DSP_OUTPUT_DSP48E2_ALU_OUT[2]_P[2])
                                                      0.109     1.408 r  thz_pipeline_top_i/mlkem_top_1/inst/process_phase_U0/grp_process_phase_Pipeline_VITIS_LOOP_44_1_fu_38/mul_16s_12ns_28_1_1_U18/tmp_product/DSP_OUTPUT_INST/P[2]
                         net (fo=2, routed)           0.507     1.915    thz_pipeline_top_i/mlkem_top_1/inst/process_phase_U0/grp_process_phase_Pipeline_VITIS_LOOP_44_1_fu_38/mul_16s_12ns_28_1_1_U18_n_538
    SLICE_X6Y255         SRL16E                                       r  thz_pipeline_top_i/mlkem_top_1/inst/process_phase_U0/grp_process_phase_Pipeline_VITIS_LOOP_44_1_fu_38/a_1_reg_260_pp0_iter2_reg_reg[2]_srl2/D
  -------------------------------------------------------------------    -------------------

                         (clock clk_pl_0 rise edge)
                                                      0.000     0.000 r  
    PS8_X0Y0             PS8                          0.000     0.000 r  thz_pipeline_top_i/zynq_ultra_ps_e_0/inst/PS8_i/PLCLK[0]
                         net (fo=1, routed)           0.143     0.143    thz_pipeline_top_i/zynq_ultra_ps_e_0/inst/pl_clk_unbuffered[0]
    BUFG_PS_X0Y80        BUFG_PS (Prop_BUFG_PS_I_O)
                                                      0.025     0.168 r  thz_pipeline_top_i/zynq_ultra_ps_e_0/inst/buffer_pl_clk_0.PL_CLK_0_BUFG/O
    X1Y2 (CLOCK_ROOT)    net (fo=30604, routed)       1.821     1.989    thz_pipeline_top_i/mlkem_top_1/inst/process_phase_U0/grp_process_phase_Pipeline_VITIS_LOOP_44_1_fu_38/ap_clk
    SLICE_X6Y255         SRL16E                                       r  thz_pipeline_top_i/mlkem_top_1/inst/process_phase_U0/grp_process_phase_Pipeline_VITIS_LOOP_44_1_fu_38/a_1_reg_260_pp0_iter2_reg_reg[2]_srl2/CLK

Slack:                    inf
  Source:                 thz_pipeline_top_i/mlkem_top_0/inst/process_phase_U0/grp_process_phase_Pipeline_VITIS_LOOP_44_1_fu_38/mul_16s_12ns_28_1_1_U18/tmp_product/DSP_A_B_DATA_INST/B2_DATA[11]
                            (internal pin)
  Destination:            thz_pipeline_top_i/mlkem_top_0/inst/process_phase_U0/grp_process_phase_Pipeline_VITIS_LOOP_44_1_fu_38/a_1_reg_260_pp0_iter2_reg_reg[11]_srl2/D
                            (rising edge-triggered cell SRL16E clocked by clk_pl_0  {rise@0.000ns fall@1.666ns period=3.333ns})
  Path Group:             (none)
  Path Type:              Setup (Max at Slow Process Corner)
  Data Path Delay:        1.880ns  (logic 1.408ns (74.909%)  route 0.472ns (25.091%))
  Logic Levels:           5  (DSP_ALU=1 DSP_M_DATA=1 DSP_MULTIPLIER=1 DSP_OUTPUT=1 DSP_PREADD_DATA=1)
  Clock Uncertainty:      0.100ns  ((TSJ^2 + DJ^2)^1/2) / 2 + PE
    Total System Jitter     (TSJ):    0.050ns
    Discrete Jitter          (DJ):    0.195ns
    Phase Error              (PE):    0.000ns
  Clock Net Delay (Destination): 1.647ns (routing 0.512ns, distribution 1.135ns)

    Location             Delay type                Incr(ns)  Path(ns)    Netlist Resource(s)
  -------------------------------------------------------------------    -------------------
    DSP48E2_X4Y97        DSP_A_B_DATA                 0.000     0.000 r  thz_pipeline_top_i/mlkem_top_0/inst/process_phase_U0/grp_process_phase_Pipeline_VITIS_LOOP_44_1_fu_38/mul_16s_12ns_28_1_1_U18/tmp_product/DSP_A_B_DATA_INST/B2_DATA[11]
                         net (fo=1, routed)           0.000     0.000    thz_pipeline_top_i/mlkem_top_0/inst/process_phase_U0/grp_process_phase_Pipeline_VITIS_LOOP_44_1_fu_38/mul_16s_12ns_28_1_1_U18/tmp_product/DSP_A_B_DATA.B2_DATA<11>
    DSP48E2_X4Y97        DSP_PREADD_DATA (Prop_DSP_PREADD_DATA_DSP48E2_B2_DATA[11]_B2B1[11])
                                                      0.073     0.073 r  thz_pipeline_top_i/mlkem_top_0/inst/process_phase_U0/grp_process_phase_Pipeline_VITIS_LOOP_44_1_fu_38/mul_16s_12ns_28_1_1_U18/tmp_product/DSP_PREADD_DATA_INST/B2B1[11]
                         net (fo=1, routed)           0.000     0.073    thz_pipeline_top_i/mlkem_top_0/inst/process_phase_U0/grp_process_phase_Pipeline_VITIS_LOOP_44_1_fu_38/mul_16s_12ns_28_1_1_U18/tmp_product/DSP_PREADD_DATA.B2B1<11>
    DSP48E2_X4Y97        DSP_MULTIPLIER (Prop_DSP_MULTIPLIER_DSP48E2_B2B1[11]_V[11])
                                                      0.609     0.682 f  thz_pipeline_top_i/mlkem_top_0/inst/process_phase_U0/grp_process_phase_Pipeline_VITIS_LOOP_44_1_fu_38/mul_16s_12ns_28_1_1_U18/tmp_product/DSP_MULTIPLIER_INST/V[11]
                         net (fo=1, routed)           0.000     0.682    thz_pipeline_top_i/mlkem_top_0/inst/process_phase_U0/grp_process_phase_Pipeline_VITIS_LOOP_44_1_fu_38/mul_16s_12ns_28_1_1_U18/tmp_product/DSP_MULTIPLIER.V<11>
    DSP48E2_X4Y97        DSP_M_DATA (Prop_DSP_M_DATA_DSP48E2_V[11]_V_DATA[11])
                                                      0.046     0.728 r  thz_pipeline_top_i/mlkem_top_0/inst/process_phase_U0/grp_process_phase_Pipeline_VITIS_LOOP_44_1_fu_38/mul_16s_12ns_28_1_1_U18/tmp_product/DSP_M_DATA_INST/V_DATA[11]
                         net (fo=1, routed)           0.000     0.728    thz_pipeline_top_i/mlkem_top_0/inst/process_phase_U0/grp_process_phase_Pipeline_VITIS_LOOP_44_1_fu_38/mul_16s_12ns_28_1_1_U18/tmp_product/DSP_M_DATA.V_DATA<11>
    DSP48E2_X4Y97        DSP_ALU (Prop_DSP_ALU_DSP48E2_V_DATA[11]_ALU_OUT[11])
                                                      0.571     1.299 f  thz_pipeline_top_i/mlkem_top_0/inst/process_phase_U0/grp_process_phase_Pipeline_VITIS_LOOP_44_1_fu_38/mul_16s_12ns_28_1_1_U18/tmp_product/DSP_ALU_INST/ALU_OUT[11]
                         net (fo=1, routed)           0.000     1.299    thz_pipeline_top_i/mlkem_top_0/inst/process_phase_U0/grp_process_phase_Pipeline_VITIS_LOOP_44_1_fu_38/mul_16s_12ns_28_1_1_U18/tmp_product/DSP_ALU.ALU_OUT<11>
    DSP48E2_X4Y97        DSP_OUTPUT (Prop_DSP_OUTPUT_DSP48E2_ALU_OUT[11]_P[11])
                                                      0.109     1.408 r  thz_pipeline_top_i/mlkem_top_0/inst/process_phase_U0/grp_process_phase_Pipeline_VITIS_LOOP_44_1_fu_38/mul_16s_12ns_28_1_1_U18/tmp_product/DSP_OUTPUT_INST/P[11]
                         net (fo=2, routed)           0.472     1.880    thz_pipeline_top_i/mlkem_top_0/inst/process_phase_U0/grp_process_phase_Pipeline_VITIS_LOOP_44_1_fu_38/mul_16s_12ns_28_1_1_U18_n_529
    SLICE_X53Y240        SRL16E                                       r  thz_pipeline_top_i/mlkem_top_0/inst/process_phase_U0/grp_process_phase_Pipeline_VITIS_LOOP_44_1_fu_38/a_1_reg_260_pp0_iter2_reg_reg[11]_srl2/D
  -------------------------------------------------------------------    -------------------

                         (clock clk_pl_0 rise edge)
                                                      0.000     0.000 r  
    PS8_X0Y0             PS8                          0.000     0.000 r  thz_pipeline_top_i/zynq_ultra_ps_e_0/inst/PS8_i/PLCLK[0]
                         net (fo=1, routed)           0.143     0.143    thz_pipeline_top_i/zynq_ultra_ps_e_0/inst/pl_clk_unbuffered[0]
    BUFG_PS_X0Y80        BUFG_PS (Prop_BUFG_PS_I_O)
                                                      0.025     0.168 r  thz_pipeline_top_i/zynq_ultra_ps_e_0/inst/buffer_pl_clk_0.PL_CLK_0_BUFG/O
    X1Y2 (CLOCK_ROOT)    net (fo=30604, routed)       1.647     1.815    thz_pipeline_top_i/mlkem_top_0/inst/process_phase_U0/grp_process_phase_Pipeline_VITIS_LOOP_44_1_fu_38/ap_clk
    SLICE_X53Y240        SRL16E                                       r  thz_pipeline_top_i/mlkem_top_0/inst/process_phase_U0/grp_process_phase_Pipeline_VITIS_LOOP_44_1_fu_38/a_1_reg_260_pp0_iter2_reg_reg[11]_srl2/CLK

Slack:                    inf
  Source:                 thz_pipeline_top_i/mlkem_top_1/inst/process_phase_U0/grp_process_phase_Pipeline_VITIS_LOOP_44_1_fu_38/mul_16s_12ns_28_1_1_U18/tmp_product/DSP_A_B_DATA_INST/B2_DATA[11]
                            (internal pin)
  Destination:            thz_pipeline_top_i/mlkem_top_1/inst/process_phase_U0/grp_process_phase_Pipeline_VITIS_LOOP_44_1_fu_38/a_1_reg_260_pp0_iter2_reg_reg[11]_srl2/D
                            (rising edge-triggered cell SRL16E clocked by clk_pl_0  {rise@0.000ns fall@1.666ns period=3.333ns})
  Path Group:             (none)
  Path Type:              Setup (Max at Slow Process Corner)
  Data Path Delay:        1.875ns  (logic 1.408ns (75.110%)  route 0.467ns (24.890%))
  Logic Levels:           5  (DSP_ALU=1 DSP_M_DATA=1 DSP_MULTIPLIER=1 DSP_OUTPUT=1 DSP_PREADD_DATA=1)
  Clock Uncertainty:      0.100ns  ((TSJ^2 + DJ^2)^1/2) / 2 + PE
    Total System Jitter     (TSJ):    0.050ns
    Discrete Jitter          (DJ):    0.195ns
    Phase Error              (PE):    0.000ns
  Clock Net Delay (Destination): 1.821ns (routing 0.512ns, distribution 1.309ns)

    Location             Delay type                Incr(ns)  Path(ns)    Netlist Resource(s)
  -------------------------------------------------------------------    -------------------
    DSP48E2_X0Y101       DSP_A_B_DATA                 0.000     0.000 r  thz_pipeline_top_i/mlkem_top_1/inst/process_phase_U0/grp_process_phase_Pipeline_VITIS_LOOP_44_1_fu_38/mul_16s_12ns_28_1_1_U18/tmp_product/DSP_A_B_DATA_INST/B2_DATA[11]
                         net (fo=1, routed)           0.000     0.000    thz_pipeline_top_i/mlkem_top_1/inst/process_phase_U0/grp_process_phase_Pipeline_VITIS_LOOP_44_1_fu_38/mul_16s_12ns_28_1_1_U18/tmp_product/DSP_A_B_DATA.B2_DATA<11>
    DSP48E2_X0Y101       DSP_PREADD_DATA (Prop_DSP_PREADD_DATA_DSP48E2_B2_DATA[11]_B2B1[11])
                                                      0.073     0.073 r  thz_pipeline_top_i/mlkem_top_1/inst/process_phase_U0/grp_process_phase_Pipeline_VITIS_LOOP_44_1_fu_38/mul_16s_12ns_28_1_1_U18/tmp_product/DSP_PREADD_DATA_INST/B2B1[11]
                         net (fo=1, routed)           0.000     0.073    thz_pipeline_top_i/mlkem_top_1/inst/process_phase_U0/grp_process_phase_Pipeline_VITIS_LOOP_44_1_fu_38/mul_16s_12ns_28_1_1_U18/tmp_product/DSP_PREADD_DATA.B2B1<11>
    DSP48E2_X0Y101       DSP_MULTIPLIER (Prop_DSP_MULTIPLIER_DSP48E2_B2B1[11]_V[11])
                                                      0.609     0.682 f  thz_pipeline_top_i/mlkem_top_1/inst/process_phase_U0/grp_process_phase_Pipeline_VITIS_LOOP_44_1_fu_38/mul_16s_12ns_28_1_1_U18/tmp_product/DSP_MULTIPLIER_INST/V[11]
                         net (fo=1, routed)           0.000     0.682    thz_pipeline_top_i/mlkem_top_1/inst/process_phase_U0/grp_process_phase_Pipeline_VITIS_LOOP_44_1_fu_38/mul_16s_12ns_28_1_1_U18/tmp_product/DSP_MULTIPLIER.V<11>
    DSP48E2_X0Y101       DSP_M_DATA (Prop_DSP_M_DATA_DSP48E2_V[11]_V_DATA[11])
                                                      0.046     0.728 r  thz_pipeline_top_i/mlkem_top_1/inst/process_phase_U0/grp_process_phase_Pipeline_VITIS_LOOP_44_1_fu_38/mul_16s_12ns_28_1_1_U18/tmp_product/DSP_M_DATA_INST/V_DATA[11]
                         net (fo=1, routed)           0.000     0.728    thz_pipeline_top_i/mlkem_top_1/inst/process_phase_U0/grp_process_phase_Pipeline_VITIS_LOOP_44_1_fu_38/mul_16s_12ns_28_1_1_U18/tmp_product/DSP_M_DATA.V_DATA<11>
    DSP48E2_X0Y101       DSP_ALU (Prop_DSP_ALU_DSP48E2_V_DATA[11]_ALU_OUT[11])
                                                      0.571     1.299 f  thz_pipeline_top_i/mlkem_top_1/inst/process_phase_U0/grp_process_phase_Pipeline_VITIS_LOOP_44_1_fu_38/mul_16s_12ns_28_1_1_U18/tmp_product/DSP_ALU_INST/ALU_OUT[11]
                         net (fo=1, routed)           0.000     1.299    thz_pipeline_top_i/mlkem_top_1/inst/process_phase_U0/grp_process_phase_Pipeline_VITIS_LOOP_44_1_fu_38/mul_16s_12ns_28_1_1_U18/tmp_product/DSP_ALU.ALU_OUT<11>
    DSP48E2_X0Y101       DSP_OUTPUT (Prop_DSP_OUTPUT_DSP48E2_ALU_OUT[11]_P[11])
                                                      0.109     1.408 r  thz_pipeline_top_i/mlkem_top_1/inst/process_phase_U0/grp_process_phase_Pipeline_VITIS_LOOP_44_1_fu_38/mul_16s_12ns_28_1_1_U18/tmp_product/DSP_OUTPUT_INST/P[11]
                         net (fo=2, routed)           0.467     1.875    thz_pipeline_top_i/mlkem_top_1/inst/process_phase_U0/grp_process_phase_Pipeline_VITIS_LOOP_44_1_fu_38/mul_16s_12ns_28_1_1_U18_n_529
    SLICE_X6Y255         SRL16E                                       r  thz_pipeline_top_i/mlkem_top_1/inst/process_phase_U0/grp_process_phase_Pipeline_VITIS_LOOP_44_1_fu_38/a_1_reg_260_pp0_iter2_reg_reg[11]_srl2/D
  -------------------------------------------------------------------    -------------------

                         (clock clk_pl_0 rise edge)
                                                      0.000     0.000 r  
    PS8_X0Y0             PS8                          0.000     0.000 r  thz_pipeline_top_i/zynq_ultra_ps_e_0/inst/PS8_i/PLCLK[0]
                         net (fo=1, routed)           0.143     0.143    thz_pipeline_top_i/zynq_ultra_ps_e_0/inst/pl_clk_unbuffered[0]
    BUFG_PS_X0Y80        BUFG_PS (Prop_BUFG_PS_I_O)
                                                      0.025     0.168 r  thz_pipeline_top_i/zynq_ultra_ps_e_0/inst/buffer_pl_clk_0.PL_CLK_0_BUFG/O
    X1Y2 (CLOCK_ROOT)    net (fo=30604, routed)       1.821     1.989    thz_pipeline_top_i/mlkem_top_1/inst/process_phase_U0/grp_process_phase_Pipeline_VITIS_LOOP_44_1_fu_38/ap_clk
    SLICE_X6Y255         SRL16E                                       r  thz_pipeline_top_i/mlkem_top_1/inst/process_phase_U0/grp_process_phase_Pipeline_VITIS_LOOP_44_1_fu_38/a_1_reg_260_pp0_iter2_reg_reg[11]_srl2/CLK

Slack:                    inf
  Source:                 thz_pipeline_top_i/mlkem_top_1/inst/process_phase_U0/grp_process_phase_Pipeline_VITIS_LOOP_44_1_fu_38/mul_16s_12ns_28_1_1_U18/tmp_product/DSP_A_B_DATA_INST/B2_DATA[5]
                            (internal pin)
  Destination:            thz_pipeline_top_i/mlkem_top_1/inst/process_phase_U0/grp_process_phase_Pipeline_VITIS_LOOP_44_1_fu_38/a_1_reg_260_pp0_iter2_reg_reg[4]_srl2/D
                            (rising edge-triggered cell SRL16E clocked by clk_pl_0  {rise@0.000ns fall@1.666ns period=3.333ns})
  Path Group:             (none)
  Path Type:              Setup (Max at Slow Process Corner)
  Data Path Delay:        1.870ns  (logic 1.408ns (75.305%)  route 0.462ns (24.695%))
  Logic Levels:           5  (DSP_ALU=1 DSP_M_DATA=1 DSP_MULTIPLIER=1 DSP_OUTPUT=1 DSP_PREADD_DATA=1)
  Clock Uncertainty:      0.100ns  ((TSJ^2 + DJ^2)^1/2) / 2 + PE
    Total System Jitter     (TSJ):    0.050ns
    Discrete Jitter          (DJ):    0.195ns
    Phase Error              (PE):    0.000ns
  Clock Net Delay (Destination): 1.821ns (routing 0.512ns, distribution 1.309ns)

    Location             Delay type                Incr(ns)  Path(ns)    Netlist Resource(s)
  -------------------------------------------------------------------    -------------------
    DSP48E2_X0Y101       DSP_A_B_DATA                 0.000     0.000 r  thz_pipeline_top_i/mlkem_top_1/inst/process_phase_U0/grp_process_phase_Pipeline_VITIS_LOOP_44_1_fu_38/mul_16s_12ns_28_1_1_U18/tmp_product/DSP_A_B_DATA_INST/B2_DATA[5]
                         net (fo=1, routed)           0.000     0.000    thz_pipeline_top_i/mlkem_top_1/inst/process_phase_U0/grp_process_phase_Pipeline_VITIS_LOOP_44_1_fu_38/mul_16s_12ns_28_1_1_U18/tmp_product/DSP_A_B_DATA.B2_DATA<5>
    DSP48E2_X0Y101       DSP_PREADD_DATA (Prop_DSP_PREADD_DATA_DSP48E2_B2_DATA[5]_B2B1[5])
                                                      0.073     0.073 r  thz_pipeline_top_i/mlkem_top_1/inst/process_phase_U0/grp_process_phase_Pipeline_VITIS_LOOP_44_1_fu_38/mul_16s_12ns_28_1_1_U18/tmp_product/DSP_PREADD_DATA_INST/B2B1[5]
                         net (fo=1, routed)           0.000     0.073    thz_pipeline_top_i/mlkem_top_1/inst/process_phase_U0/grp_process_phase_Pipeline_VITIS_LOOP_44_1_fu_38/mul_16s_12ns_28_1_1_U18/tmp_product/DSP_PREADD_DATA.B2B1<5>
    DSP48E2_X0Y101       DSP_MULTIPLIER (Prop_DSP_MULTIPLIER_DSP48E2_B2B1[5]_V[4])
                                                      0.609     0.682 f  thz_pipeline_top_i/mlkem_top_1/inst/process_phase_U0/grp_process_phase_Pipeline_VITIS_LOOP_44_1_fu_38/mul_16s_12ns_28_1_1_U18/tmp_product/DSP_MULTIPLIER_INST/V[4]
                         net (fo=1, routed)           0.000     0.682    thz_pipeline_top_i/mlkem_top_1/inst/process_phase_U0/grp_process_phase_Pipeline_VITIS_LOOP_44_1_fu_38/mul_16s_12ns_28_1_1_U18/tmp_product/DSP_MULTIPLIER.V<4>
    DSP48E2_X0Y101       DSP_M_DATA (Prop_DSP_M_DATA_DSP48E2_V[4]_V_DATA[4])
                                                      0.046     0.728 r  thz_pipeline_top_i/mlkem_top_1/inst/process_phase_U0/grp_process_phase_Pipeline_VITIS_LOOP_44_1_fu_38/mul_16s_12ns_28_1_1_U18/tmp_product/DSP_M_DATA_INST/V_DATA[4]
                         net (fo=1, routed)           0.000     0.728    thz_pipeline_top_i/mlkem_top_1/inst/process_phase_U0/grp_process_phase_Pipeline_VITIS_LOOP_44_1_fu_38/mul_16s_12ns_28_1_1_U18/tmp_product/DSP_M_DATA.V_DATA<4>
    DSP48E2_X0Y101       DSP_ALU (Prop_DSP_ALU_DSP48E2_V_DATA[4]_ALU_OUT[4])
                                                      0.571     1.299 f  thz_pipeline_top_i/mlkem_top_1/inst/process_phase_U0/grp_process_phase_Pipeline_VITIS_LOOP_44_1_fu_38/mul_16s_12ns_28_1_1_U18/tmp_product/DSP_ALU_INST/ALU_OUT[4]
                         net (fo=1, routed)           0.000     1.299    thz_pipeline_top_i/mlkem_top_1/inst/process_phase_U0/grp_process_phase_Pipeline_VITIS_LOOP_44_1_fu_38/mul_16s_12ns_28_1_1_U18/tmp_product/DSP_ALU.ALU_OUT<4>
    DSP48E2_X0Y101       DSP_OUTPUT (Prop_DSP_OUTPUT_DSP48E2_ALU_OUT[4]_P[4])
                                                      0.109     1.408 r  thz_pipeline_top_i/mlkem_top_1/inst/process_phase_U0/grp_process_phase_Pipeline_VITIS_LOOP_44_1_fu_38/mul_16s_12ns_28_1_1_U18/tmp_product/DSP_OUTPUT_INST/P[4]
                         net (fo=2, routed)           0.462     1.870    thz_pipeline_top_i/mlkem_top_1/inst/process_phase_U0/grp_process_phase_Pipeline_VITIS_LOOP_44_1_fu_38/mul_16s_12ns_28_1_1_U18_n_536
    SLICE_X6Y255         SRL16E                                       r  thz_pipeline_top_i/mlkem_top_1/inst/process_phase_U0/grp_process_phase_Pipeline_VITIS_LOOP_44_1_fu_38/a_1_reg_260_pp0_iter2_reg_reg[4]_srl2/D
  -------------------------------------------------------------------    -------------------

                         (clock clk_pl_0 rise edge)
                                                      0.000     0.000 r  
    PS8_X0Y0             PS8                          0.000     0.000 r  thz_pipeline_top_i/zynq_ultra_ps_e_0/inst/PS8_i/PLCLK[0]
                         net (fo=1, routed)           0.143     0.143    thz_pipeline_top_i/zynq_ultra_ps_e_0/inst/pl_clk_unbuffered[0]
    BUFG_PS_X0Y80        BUFG_PS (Prop_BUFG_PS_I_O)
                                                      0.025     0.168 r  thz_pipeline_top_i/zynq_ultra_ps_e_0/inst/buffer_pl_clk_0.PL_CLK_0_BUFG/O
    X1Y2 (CLOCK_ROOT)    net (fo=30604, routed)       1.821     1.989    thz_pipeline_top_i/mlkem_top_1/inst/process_phase_U0/grp_process_phase_Pipeline_VITIS_LOOP_44_1_fu_38/ap_clk
    SLICE_X6Y255         SRL16E                                       r  thz_pipeline_top_i/mlkem_top_1/inst/process_phase_U0/grp_process_phase_Pipeline_VITIS_LOOP_44_1_fu_38/a_1_reg_260_pp0_iter2_reg_reg[4]_srl2/CLK

Slack:                    inf
  Source:                 thz_pipeline_top_i/mlkem_top_0/inst/process_phase_U0/grp_process_phase_Pipeline_VITIS_LOOP_44_1_fu_38/mul_16s_13ns_29_1_1_U17/tmp_product/DSP_A_B_DATA_INST/B2_DATA[11]
                            (internal pin)
  Destination:            thz_pipeline_top_i/mlkem_top_0/inst/process_phase_U0/grp_process_phase_Pipeline_VITIS_LOOP_44_1_fu_38/a_2_reg_250_pp0_iter2_reg_reg[10]_srl2/D
                            (rising edge-triggered cell SRL16E clocked by clk_pl_0  {rise@0.000ns fall@1.666ns period=3.333ns})
  Path Group:             (none)
  Path Type:              Setup (Max at Slow Process Corner)
  Data Path Delay:        1.866ns  (logic 1.408ns (75.466%)  route 0.458ns (24.534%))
  Logic Levels:           5  (DSP_ALU=1 DSP_M_DATA=1 DSP_MULTIPLIER=1 DSP_OUTPUT=1 DSP_PREADD_DATA=1)
  Clock Uncertainty:      0.100ns  ((TSJ^2 + DJ^2)^1/2) / 2 + PE
    Total System Jitter     (TSJ):    0.050ns
    Discrete Jitter          (DJ):    0.195ns
    Phase Error              (PE):    0.000ns
  Clock Net Delay (Destination): 1.660ns (routing 0.512ns, distribution 1.148ns)

    Location             Delay type                Incr(ns)  Path(ns)    Netlist Resource(s)
  -------------------------------------------------------------------    -------------------
    DSP48E2_X5Y97        DSP_A_B_DATA                 0.000     0.000 r  thz_pipeline_top_i/mlkem_top_0/inst/process_phase_U0/grp_process_phase_Pipeline_VITIS_LOOP_44_1_fu_38/mul_16s_13ns_29_1_1_U17/tmp_product/DSP_A_B_DATA_INST/B2_DATA[11]
                         net (fo=1, routed)           0.000     0.000    thz_pipeline_top_i/mlkem_top_0/inst/process_phase_U0/grp_process_phase_Pipeline_VITIS_LOOP_44_1_fu_38/mul_16s_13ns_29_1_1_U17/tmp_product/DSP_A_B_DATA.B2_DATA<11>
    DSP48E2_X5Y97        DSP_PREADD_DATA (Prop_DSP_PREADD_DATA_DSP48E2_B2_DATA[11]_B2B1[11])
                                                      0.073     0.073 r  thz_pipeline_top_i/mlkem_top_0/inst/process_phase_U0/grp_process_phase_Pipeline_VITIS_LOOP_44_1_fu_38/mul_16s_13ns_29_1_1_U17/tmp_product/DSP_PREADD_DATA_INST/B2B1[11]
                         net (fo=1, routed)           0.000     0.073    thz_pipeline_top_i/mlkem_top_0/inst/process_phase_U0/grp_process_phase_Pipeline_VITIS_LOOP_44_1_fu_38/mul_16s_13ns_29_1_1_U17/tmp_product/DSP_PREADD_DATA.B2B1<11>
    DSP48E2_X5Y97        DSP_MULTIPLIER (Prop_DSP_MULTIPLIER_DSP48E2_B2B1[11]_V[10])
                                                      0.609     0.682 f  thz_pipeline_top_i/mlkem_top_0/inst/process_phase_U0/grp_process_phase_Pipeline_VITIS_LOOP_44_1_fu_38/mul_16s_13ns_29_1_1_U17/tmp_product/DSP_MULTIPLIER_INST/V[10]
                         net (fo=1, routed)           0.000     0.682    thz_pipeline_top_i/mlkem_top_0/inst/process_phase_U0/grp_process_phase_Pipeline_VITIS_LOOP_44_1_fu_38/mul_16s_13ns_29_1_1_U17/tmp_product/DSP_MULTIPLIER.V<10>
    DSP48E2_X5Y97        DSP_M_DATA (Prop_DSP_M_DATA_DSP48E2_V[10]_V_DATA[10])
                                                      0.046     0.728 r  thz_pipeline_top_i/mlkem_top_0/inst/process_phase_U0/grp_process_phase_Pipeline_VITIS_LOOP_44_1_fu_38/mul_16s_13ns_29_1_1_U17/tmp_product/DSP_M_DATA_INST/V_DATA[10]
                         net (fo=1, routed)           0.000     0.728    thz_pipeline_top_i/mlkem_top_0/inst/process_phase_U0/grp_process_phase_Pipeline_VITIS_LOOP_44_1_fu_38/mul_16s_13ns_29_1_1_U17/tmp_product/DSP_M_DATA.V_DATA<10>
    DSP48E2_X5Y97        DSP_ALU (Prop_DSP_ALU_DSP48E2_V_DATA[10]_ALU_OUT[10])
                                                      0.571     1.299 f  thz_pipeline_top_i/mlkem_top_0/inst/process_phase_U0/grp_process_phase_Pipeline_VITIS_LOOP_44_1_fu_38/mul_16s_13ns_29_1_1_U17/tmp_product/DSP_ALU_INST/ALU_OUT[10]
                         net (fo=1, routed)           0.000     1.299    thz_pipeline_top_i/mlkem_top_0/inst/process_phase_U0/grp_process_phase_Pipeline_VITIS_LOOP_44_1_fu_38/mul_16s_13ns_29_1_1_U17/tmp_product/DSP_ALU.ALU_OUT<10>
    DSP48E2_X5Y97        DSP_OUTPUT (Prop_DSP_OUTPUT_DSP48E2_ALU_OUT[10]_P[10])
                                                      0.109     1.408 r  thz_pipeline_top_i/mlkem_top_0/inst/process_phase_U0/grp_process_phase_Pipeline_VITIS_LOOP_44_1_fu_38/mul_16s_13ns_29_1_1_U17/tmp_product/DSP_OUTPUT_INST/P[10]
                         net (fo=2, routed)           0.458     1.866    thz_pipeline_top_i/mlkem_top_0/inst/process_phase_U0/grp_process_phase_Pipeline_VITIS_LOOP_44_1_fu_38/mul_16s_13ns_29_1_1_U17_n_531
    SLICE_X56Y241        SRL16E                                       r  thz_pipeline_top_i/mlkem_top_0/inst/process_phase_U0/grp_process_phase_Pipeline_VITIS_LOOP_44_1_fu_38/a_2_reg_250_pp0_iter2_reg_reg[10]_srl2/D
  -------------------------------------------------------------------    -------------------

                         (clock clk_pl_0 rise edge)
                                                      0.000     0.000 r  
    PS8_X0Y0             PS8                          0.000     0.000 r  thz_pipeline_top_i/zynq_ultra_ps_e_0/inst/PS8_i/PLCLK[0]
                         net (fo=1, routed)           0.143     0.143    thz_pipeline_top_i/zynq_ultra_ps_e_0/inst/pl_clk_unbuffered[0]
    BUFG_PS_X0Y80        BUFG_PS (Prop_BUFG_PS_I_O)
                                                      0.025     0.168 r  thz_pipeline_top_i/zynq_ultra_ps_e_0/inst/buffer_pl_clk_0.PL_CLK_0_BUFG/O
    X1Y2 (CLOCK_ROOT)    net (fo=30604, routed)       1.660     1.828    thz_pipeline_top_i/mlkem_top_0/inst/process_phase_U0/grp_process_phase_Pipeline_VITIS_LOOP_44_1_fu_38/ap_clk
    SLICE_X56Y241        SRL16E                                       r  thz_pipeline_top_i/mlkem_top_0/inst/process_phase_U0/grp_process_phase_Pipeline_VITIS_LOOP_44_1_fu_38/a_2_reg_250_pp0_iter2_reg_reg[10]_srl2/CLK

Slack:                    inf
  Source:                 thz_pipeline_top_i/mlkem_top_1/inst/process_phase_U0/grp_process_phase_Pipeline_VITIS_LOOP_44_1_fu_38/mul_16s_12ns_28_1_1_U18/tmp_product/DSP_A_B_DATA_INST/B2_DATA[7]
                            (internal pin)
  Destination:            thz_pipeline_top_i/mlkem_top_1/inst/process_phase_U0/grp_process_phase_Pipeline_VITIS_LOOP_44_1_fu_38/a_1_reg_260_pp0_iter2_reg_reg[6]_srl2/D
                            (rising edge-triggered cell SRL16E clocked by clk_pl_0  {rise@0.000ns fall@1.666ns period=3.333ns})
  Path Group:             (none)
  Path Type:              Setup (Max at Slow Process Corner)
  Data Path Delay:        1.854ns  (logic 1.408ns (75.962%)  route 0.446ns (24.038%))
  Logic Levels:           5  (DSP_ALU=1 DSP_M_DATA=1 DSP_MULTIPLIER=1 DSP_OUTPUT=1 DSP_PREADD_DATA=1)
  Clock Uncertainty:      0.100ns  ((TSJ^2 + DJ^2)^1/2) / 2 + PE
    Total System Jitter     (TSJ):    0.050ns
    Discrete Jitter          (DJ):    0.195ns
    Phase Error              (PE):    0.000ns
  Clock Net Delay (Destination): 1.821ns (routing 0.512ns, distribution 1.309ns)

    Location             Delay type                Incr(ns)  Path(ns)    Netlist Resource(s)
  -------------------------------------------------------------------    -------------------
    DSP48E2_X0Y101       DSP_A_B_DATA                 0.000     0.000 r  thz_pipeline_top_i/mlkem_top_1/inst/process_phase_U0/grp_process_phase_Pipeline_VITIS_LOOP_44_1_fu_38/mul_16s_12ns_28_1_1_U18/tmp_product/DSP_A_B_DATA_INST/B2_DATA[7]
                         net (fo=1, routed)           0.000     0.000    thz_pipeline_top_i/mlkem_top_1/inst/process_phase_U0/grp_process_phase_Pipeline_VITIS_LOOP_44_1_fu_38/mul_16s_12ns_28_1_1_U18/tmp_product/DSP_A_B_DATA.B2_DATA<7>
    DSP48E2_X0Y101       DSP_PREADD_DATA (Prop_DSP_PREADD_DATA_DSP48E2_B2_DATA[7]_B2B1[7])
                                                      0.073     0.073 r  thz_pipeline_top_i/mlkem_top_1/inst/process_phase_U0/grp_process_phase_Pipeline_VITIS_LOOP_44_1_fu_38/mul_16s_12ns_28_1_1_U18/tmp_product/DSP_PREADD_DATA_INST/B2B1[7]
                         net (fo=1, routed)           0.000     0.073    thz_pipeline_top_i/mlkem_top_1/inst/process_phase_U0/grp_process_phase_Pipeline_VITIS_LOOP_44_1_fu_38/mul_16s_12ns_28_1_1_U18/tmp_product/DSP_PREADD_DATA.B2B1<7>
    DSP48E2_X0Y101       DSP_MULTIPLIER (Prop_DSP_MULTIPLIER_DSP48E2_B2B1[7]_V[6])
                                                      0.609     0.682 f  thz_pipeline_top_i/mlkem_top_1/inst/process_phase_U0/grp_process_phase_Pipeline_VITIS_LOOP_44_1_fu_38/mul_16s_12ns_28_1_1_U18/tmp_product/DSP_MULTIPLIER_INST/V[6]
                         net (fo=1, routed)           0.000     0.682    thz_pipeline_top_i/mlkem_top_1/inst/process_phase_U0/grp_process_phase_Pipeline_VITIS_LOOP_44_1_fu_38/mul_16s_12ns_28_1_1_U18/tmp_product/DSP_MULTIPLIER.V<6>
    DSP48E2_X0Y101       DSP_M_DATA (Prop_DSP_M_DATA_DSP48E2_V[6]_V_DATA[6])
                                                      0.046     0.728 r  thz_pipeline_top_i/mlkem_top_1/inst/process_phase_U0/grp_process_phase_Pipeline_VITIS_LOOP_44_1_fu_38/mul_16s_12ns_28_1_1_U18/tmp_product/DSP_M_DATA_INST/V_DATA[6]
                         net (fo=1, routed)           0.000     0.728    thz_pipeline_top_i/mlkem_top_1/inst/process_phase_U0/grp_process_phase_Pipeline_VITIS_LOOP_44_1_fu_38/mul_16s_12ns_28_1_1_U18/tmp_product/DSP_M_DATA.V_DATA<6>
    DSP48E2_X0Y101       DSP_ALU (Prop_DSP_ALU_DSP48E2_V_DATA[6]_ALU_OUT[6])
                                                      0.571     1.299 f  thz_pipeline_top_i/mlkem_top_1/inst/process_phase_U0/grp_process_phase_Pipeline_VITIS_LOOP_44_1_fu_38/mul_16s_12ns_28_1_1_U18/tmp_product/DSP_ALU_INST/ALU_OUT[6]
                         net (fo=1, routed)           0.000     1.299    thz_pipeline_top_i/mlkem_top_1/inst/process_phase_U0/grp_process_phase_Pipeline_VITIS_LOOP_44_1_fu_38/mul_16s_12ns_28_1_1_U18/tmp_product/DSP_ALU.ALU_OUT<6>
    DSP48E2_X0Y101       DSP_OUTPUT (Prop_DSP_OUTPUT_DSP48E2_ALU_OUT[6]_P[6])
                                                      0.109     1.408 r  thz_pipeline_top_i/mlkem_top_1/inst/process_phase_U0/grp_process_phase_Pipeline_VITIS_LOOP_44_1_fu_38/mul_16s_12ns_28_1_1_U18/tmp_product/DSP_OUTPUT_INST/P[6]
                         net (fo=2, routed)           0.446     1.854    thz_pipeline_top_i/mlkem_top_1/inst/process_phase_U0/grp_process_phase_Pipeline_VITIS_LOOP_44_1_fu_38/mul_16s_12ns_28_1_1_U18_n_534
    SLICE_X6Y255         SRL16E                                       r  thz_pipeline_top_i/mlkem_top_1/inst/process_phase_U0/grp_process_phase_Pipeline_VITIS_LOOP_44_1_fu_38/a_1_reg_260_pp0_iter2_reg_reg[6]_srl2/D
  -------------------------------------------------------------------    -------------------

                         (clock clk_pl_0 rise edge)
                                                      0.000     0.000 r  
    PS8_X0Y0             PS8                          0.000     0.000 r  thz_pipeline_top_i/zynq_ultra_ps_e_0/inst/PS8_i/PLCLK[0]
                         net (fo=1, routed)           0.143     0.143    thz_pipeline_top_i/zynq_ultra_ps_e_0/inst/pl_clk_unbuffered[0]
    BUFG_PS_X0Y80        BUFG_PS (Prop_BUFG_PS_I_O)
                                                      0.025     0.168 r  thz_pipeline_top_i/zynq_ultra_ps_e_0/inst/buffer_pl_clk_0.PL_CLK_0_BUFG/O
    X1Y2 (CLOCK_ROOT)    net (fo=30604, routed)       1.821     1.989    thz_pipeline_top_i/mlkem_top_1/inst/process_phase_U0/grp_process_phase_Pipeline_VITIS_LOOP_44_1_fu_38/ap_clk
    SLICE_X6Y255         SRL16E                                       r  thz_pipeline_top_i/mlkem_top_1/inst/process_phase_U0/grp_process_phase_Pipeline_VITIS_LOOP_44_1_fu_38/a_1_reg_260_pp0_iter2_reg_reg[6]_srl2/CLK

Slack:                    inf
  Source:                 thz_pipeline_top_i/mlkem_top_1/inst/process_phase_U0/grp_process_phase_Pipeline_VITIS_LOOP_44_1_fu_38/mul_16s_13ns_29_1_1_U17/tmp_product/DSP_A_B_DATA_INST/B2_DATA[5]
                            (internal pin)
  Destination:            thz_pipeline_top_i/mlkem_top_1/inst/process_phase_U0/grp_process_phase_Pipeline_VITIS_LOOP_44_1_fu_38/a_2_reg_250_pp0_iter2_reg_reg[5]_srl2/D
                            (rising edge-triggered cell SRL16E clocked by clk_pl_0  {rise@0.000ns fall@1.666ns period=3.333ns})
  Path Group:             (none)
  Path Type:              Setup (Max at Slow Process Corner)
  Data Path Delay:        1.847ns  (logic 1.408ns (76.223%)  route 0.439ns (23.777%))
  Logic Levels:           5  (DSP_ALU=1 DSP_M_DATA=1 DSP_MULTIPLIER=1 DSP_OUTPUT=1 DSP_PREADD_DATA=1)
  Clock Uncertainty:      0.100ns  ((TSJ^2 + DJ^2)^1/2) / 2 + PE
    Total System Jitter     (TSJ):    0.050ns
    Discrete Jitter          (DJ):    0.195ns
    Phase Error              (PE):    0.000ns
  Clock Net Delay (Destination): 1.829ns (routing 0.512ns, distribution 1.317ns)

    Location             Delay type                Incr(ns)  Path(ns)    Netlist Resource(s)
  -------------------------------------------------------------------    -------------------
    DSP48E2_X0Y100       DSP_A_B_DATA                 0.000     0.000 r  thz_pipeline_top_i/mlkem_top_1/inst/process_phase_U0/grp_process_phase_Pipeline_VITIS_LOOP_44_1_fu_38/mul_16s_13ns_29_1_1_U17/tmp_product/DSP_A_B_DATA_INST/B2_DATA[5]
                         net (fo=1, routed)           0.000     0.000    thz_pipeline_top_i/mlkem_top_1/inst/process_phase_U0/grp_process_phase_Pipeline_VITIS_LOOP_44_1_fu_38/mul_16s_13ns_29_1_1_U17/tmp_product/DSP_A_B_DATA.B2_DATA<5>
    DSP48E2_X0Y100       DSP_PREADD_DATA (Prop_DSP_PREADD_DATA_DSP48E2_B2_DATA[5]_B2B1[5])
                                                      0.073     0.073 r  thz_pipeline_top_i/mlkem_top_1/inst/process_phase_U0/grp_process_phase_Pipeline_VITIS_LOOP_44_1_fu_38/mul_16s_13ns_29_1_1_U17/tmp_product/DSP_PREADD_DATA_INST/B2B1[5]
                         net (fo=1, routed)           0.000     0.073    thz_pipeline_top_i/mlkem_top_1/inst/process_phase_U0/grp_process_phase_Pipeline_VITIS_LOOP_44_1_fu_38/mul_16s_13ns_29_1_1_U17/tmp_product/DSP_PREADD_DATA.B2B1<5>
    DSP48E2_X0Y100       DSP_MULTIPLIER (Prop_DSP_MULTIPLIER_DSP48E2_B2B1[5]_V[5])
                                                      0.609     0.682 f  thz_pipeline_top_i/mlkem_top_1/inst/process_phase_U0/grp_process_phase_Pipeline_VITIS_LOOP_44_1_fu_38/mul_16s_13ns_29_1_1_U17/tmp_product/DSP_MULTIPLIER_INST/V[5]
                         net (fo=1, routed)           0.000     0.682    thz_pipeline_top_i/mlkem_top_1/inst/process_phase_U0/grp_process_phase_Pipeline_VITIS_LOOP_44_1_fu_38/mul_16s_13ns_29_1_1_U17/tmp_product/DSP_MULTIPLIER.V<5>
    DSP48E2_X0Y100       DSP_M_DATA (Prop_DSP_M_DATA_DSP48E2_V[5]_V_DATA[5])
                                                      0.046     0.728 r  thz_pipeline_top_i/mlkem_top_1/inst/process_phase_U0/grp_process_phase_Pipeline_VITIS_LOOP_44_1_fu_38/mul_16s_13ns_29_1_1_U17/tmp_product/DSP_M_DATA_INST/V_DATA[5]
                         net (fo=1, routed)           0.000     0.728    thz_pipeline_top_i/mlkem_top_1/inst/process_phase_U0/grp_process_phase_Pipeline_VITIS_LOOP_44_1_fu_38/mul_16s_13ns_29_1_1_U17/tmp_product/DSP_M_DATA.V_DATA<5>
    DSP48E2_X0Y100       DSP_ALU (Prop_DSP_ALU_DSP48E2_V_DATA[5]_ALU_OUT[5])
                                                      0.571     1.299 f  thz_pipeline_top_i/mlkem_top_1/inst/process_phase_U0/grp_process_phase_Pipeline_VITIS_LOOP_44_1_fu_38/mul_16s_13ns_29_1_1_U17/tmp_product/DSP_ALU_INST/ALU_OUT[5]
                         net (fo=1, routed)           0.000     1.299    thz_pipeline_top_i/mlkem_top_1/inst/process_phase_U0/grp_process_phase_Pipeline_VITIS_LOOP_44_1_fu_38/mul_16s_13ns_29_1_1_U17/tmp_product/DSP_ALU.ALU_OUT<5>
    DSP48E2_X0Y100       DSP_OUTPUT (Prop_DSP_OUTPUT_DSP48E2_ALU_OUT[5]_P[5])
                                                      0.109     1.408 r  thz_pipeline_top_i/mlkem_top_1/inst/process_phase_U0/grp_process_phase_Pipeline_VITIS_LOOP_44_1_fu_38/mul_16s_13ns_29_1_1_U17/tmp_product/DSP_OUTPUT_INST/P[5]
                         net (fo=2, routed)           0.439     1.847    thz_pipeline_top_i/mlkem_top_1/inst/process_phase_U0/grp_process_phase_Pipeline_VITIS_LOOP_44_1_fu_38/mul_16s_13ns_29_1_1_U17_n_536
    SLICE_X6Y246         SRL16E                                       r  thz_pipeline_top_i/mlkem_top_1/inst/process_phase_U0/grp_process_phase_Pipeline_VITIS_LOOP_44_1_fu_38/a_2_reg_250_pp0_iter2_reg_reg[5]_srl2/D
  -------------------------------------------------------------------    -------------------

                         (clock clk_pl_0 rise edge)
                                                      0.000     0.000 r  
    PS8_X0Y0             PS8                          0.000     0.000 r  thz_pipeline_top_i/zynq_ultra_ps_e_0/inst/PS8_i/PLCLK[0]
                         net (fo=1, routed)           0.143     0.143    thz_pipeline_top_i/zynq_ultra_ps_e_0/inst/pl_clk_unbuffered[0]
    BUFG_PS_X0Y80        BUFG_PS (Prop_BUFG_PS_I_O)
                                                      0.025     0.168 r  thz_pipeline_top_i/zynq_ultra_ps_e_0/inst/buffer_pl_clk_0.PL_CLK_0_BUFG/O
    X1Y2 (CLOCK_ROOT)    net (fo=30604, routed)       1.829     1.997    thz_pipeline_top_i/mlkem_top_1/inst/process_phase_U0/grp_process_phase_Pipeline_VITIS_LOOP_44_1_fu_38/ap_clk
    SLICE_X6Y246         SRL16E                                       r  thz_pipeline_top_i/mlkem_top_1/inst/process_phase_U0/grp_process_phase_Pipeline_VITIS_LOOP_44_1_fu_38/a_2_reg_250_pp0_iter2_reg_reg[5]_srl2/CLK

Slack:                    inf
  Source:                 thz_pipeline_top_i/mlkem_top_0/inst/process_phase_U0/grp_process_phase_Pipeline_VITIS_LOOP_44_1_fu_38/mul_16s_12ns_28_1_1_U18/tmp_product/DSP_A_B_DATA_INST/B2_DATA[17]
                            (internal pin)
  Destination:            thz_pipeline_top_i/mlkem_top_0/inst/process_phase_U0/grp_process_phase_Pipeline_VITIS_LOOP_44_1_fu_38/a_1_reg_260_pp0_iter2_reg_reg[20]_srl2/D
                            (rising edge-triggered cell SRL16E clocked by clk_pl_0  {rise@0.000ns fall@1.666ns period=3.333ns})
  Path Group:             (none)
  Path Type:              Setup (Max at Slow Process Corner)
  Data Path Delay:        1.827ns  (logic 1.408ns (77.066%)  route 0.419ns (22.934%))
  Logic Levels:           5  (DSP_ALU=1 DSP_M_DATA=1 DSP_MULTIPLIER=1 DSP_OUTPUT=1 DSP_PREADD_DATA=1)
  Clock Uncertainty:      0.100ns  ((TSJ^2 + DJ^2)^1/2) / 2 + PE
    Total System Jitter     (TSJ):    0.050ns
    Discrete Jitter          (DJ):    0.195ns
    Phase Error              (PE):    0.000ns
  Clock Net Delay (Destination): 1.647ns (routing 0.512ns, distribution 1.135ns)

    Location             Delay type                Incr(ns)  Path(ns)    Netlist Resource(s)
  -------------------------------------------------------------------    -------------------
    DSP48E2_X4Y97        DSP_A_B_DATA                 0.000     0.000 r  thz_pipeline_top_i/mlkem_top_0/inst/process_phase_U0/grp_process_phase_Pipeline_VITIS_LOOP_44_1_fu_38/mul_16s_12ns_28_1_1_U18/tmp_product/DSP_A_B_DATA_INST/B2_DATA[17]
                         net (fo=1, routed)           0.000     0.000    thz_pipeline_top_i/mlkem_top_0/inst/process_phase_U0/grp_process_phase_Pipeline_VITIS_LOOP_44_1_fu_38/mul_16s_12ns_28_1_1_U18/tmp_product/DSP_A_B_DATA.B2_DATA<17>
    DSP48E2_X4Y97        DSP_PREADD_DATA (Prop_DSP_PREADD_DATA_DSP48E2_B2_DATA[17]_B2B1[17])
                                                      0.073     0.073 r  thz_pipeline_top_i/mlkem_top_0/inst/process_phase_U0/grp_process_phase_Pipeline_VITIS_LOOP_44_1_fu_38/mul_16s_12ns_28_1_1_U18/tmp_product/DSP_PREADD_DATA_INST/B2B1[17]
                         net (fo=1, routed)           0.000     0.073    thz_pipeline_top_i/mlkem_top_0/inst/process_phase_U0/grp_process_phase_Pipeline_VITIS_LOOP_44_1_fu_38/mul_16s_12ns_28_1_1_U18/tmp_product/DSP_PREADD_DATA.B2B1<17>
    DSP48E2_X4Y97        DSP_MULTIPLIER (Prop_DSP_MULTIPLIER_DSP48E2_B2B1[17]_V[20])
                                                      0.609     0.682 f  thz_pipeline_top_i/mlkem_top_0/inst/process_phase_U0/grp_process_phase_Pipeline_VITIS_LOOP_44_1_fu_38/mul_16s_12ns_28_1_1_U18/tmp_product/DSP_MULTIPLIER_INST/V[20]
                         net (fo=1, routed)           0.000     0.682    thz_pipeline_top_i/mlkem_top_0/inst/process_phase_U0/grp_process_phase_Pipeline_VITIS_LOOP_44_1_fu_38/mul_16s_12ns_28_1_1_U18/tmp_product/DSP_MULTIPLIER.V<20>
    DSP48E2_X4Y97        DSP_M_DATA (Prop_DSP_M_DATA_DSP48E2_V[20]_V_DATA[20])
                                                      0.046     0.728 r  thz_pipeline_top_i/mlkem_top_0/inst/process_phase_U0/grp_process_phase_Pipeline_VITIS_LOOP_44_1_fu_38/mul_16s_12ns_28_1_1_U18/tmp_product/DSP_M_DATA_INST/V_DATA[20]
                         net (fo=1, routed)           0.000     0.728    thz_pipeline_top_i/mlkem_top_0/inst/process_phase_U0/grp_process_phase_Pipeline_VITIS_LOOP_44_1_fu_38/mul_16s_12ns_28_1_1_U18/tmp_product/DSP_M_DATA.V_DATA<20>
    DSP48E2_X4Y97        DSP_ALU (Prop_DSP_ALU_DSP48E2_V_DATA[20]_ALU_OUT[20])
                                                      0.571     1.299 f  thz_pipeline_top_i/mlkem_top_0/inst/process_phase_U0/grp_process_phase_Pipeline_VITIS_LOOP_44_1_fu_38/mul_16s_12ns_28_1_1_U18/tmp_product/DSP_ALU_INST/ALU_OUT[20]
                         net (fo=1, routed)           0.000     1.299    thz_pipeline_top_i/mlkem_top_0/inst/process_phase_U0/grp_process_phase_Pipeline_VITIS_LOOP_44_1_fu_38/mul_16s_12ns_28_1_1_U18/tmp_product/DSP_ALU.ALU_OUT<20>
    DSP48E2_X4Y97        DSP_OUTPUT (Prop_DSP_OUTPUT_DSP48E2_ALU_OUT[20]_P[20])
                                                      0.109     1.408 r  thz_pipeline_top_i/mlkem_top_0/inst/process_phase_U0/grp_process_phase_Pipeline_VITIS_LOOP_44_1_fu_38/mul_16s_12ns_28_1_1_U18/tmp_product/DSP_OUTPUT_INST/P[20]
                         net (fo=1, routed)           0.419     1.827    thz_pipeline_top_i/mlkem_top_0/inst/process_phase_U0/grp_process_phase_Pipeline_VITIS_LOOP_44_1_fu_38/mul_16s_12ns_28_1_1_U18_n_520
    SLICE_X53Y242        SRL16E                                       r  thz_pipeline_top_i/mlkem_top_0/inst/process_phase_U0/grp_process_phase_Pipeline_VITIS_LOOP_44_1_fu_38/a_1_reg_260_pp0_iter2_reg_reg[20]_srl2/D
  -------------------------------------------------------------------    -------------------

                         (clock clk_pl_0 rise edge)
                                                      0.000     0.000 r  
    PS8_X0Y0             PS8                          0.000     0.000 r  thz_pipeline_top_i/zynq_ultra_ps_e_0/inst/PS8_i/PLCLK[0]
                         net (fo=1, routed)           0.143     0.143    thz_pipeline_top_i/zynq_ultra_ps_e_0/inst/pl_clk_unbuffered[0]
    BUFG_PS_X0Y80        BUFG_PS (Prop_BUFG_PS_I_O)
                                                      0.025     0.168 r  thz_pipeline_top_i/zynq_ultra_ps_e_0/inst/buffer_pl_clk_0.PL_CLK_0_BUFG/O
    X1Y2 (CLOCK_ROOT)    net (fo=30604, routed)       1.647     1.815    thz_pipeline_top_i/mlkem_top_0/inst/process_phase_U0/grp_process_phase_Pipeline_VITIS_LOOP_44_1_fu_38/ap_clk
    SLICE_X53Y242        SRL16E                                       r  thz_pipeline_top_i/mlkem_top_0/inst/process_phase_U0/grp_process_phase_Pipeline_VITIS_LOOP_44_1_fu_38/a_1_reg_260_pp0_iter2_reg_reg[20]_srl2/CLK





Min Delay Paths
--------------------------------------------------------------------------------------
Slack:                    inf
  Source:                 thz_pipeline_top_i/mlkem_top_0/inst/process_phase_U0/grp_process_phase_Pipeline_VITIS_LOOP_44_1_fu_38/mul_16s_12ns_28_1_1_U18/tmp_product/DSP_A_B_DATA_INST/B2_DATA[17]
                            (internal pin)
  Destination:            thz_pipeline_top_i/mlkem_top_0/inst/process_phase_U0/grp_process_phase_Pipeline_VITIS_LOOP_44_1_fu_38/a_1_reg_260_pp0_iter2_reg_reg[23]_srl2/D
                            (rising edge-triggered cell SRL16E clocked by clk_pl_0  {rise@0.000ns fall@1.666ns period=3.333ns})
  Path Group:             (none)
  Path Type:              Hold (Min at Fast Process Corner)
  Data Path Delay:        0.315ns  (logic 0.250ns (79.365%)  route 0.065ns (20.635%))
  Logic Levels:           5  (DSP_ALU=1 DSP_M_DATA=1 DSP_MULTIPLIER=1 DSP_OUTPUT=1 DSP_PREADD_DATA=1)
  Clock Uncertainty:      0.100ns  ((TSJ^2 + DJ^2)^1/2) / 2 + PE
    Total System Jitter     (TSJ):    0.050ns
    Discrete Jitter          (DJ):    0.195ns
    Phase Error              (PE):    0.000ns
  Clock Net Delay (Destination): 1.169ns (routing 0.352ns, distribution 0.817ns)

    Location             Delay type                Incr(ns)  Path(ns)    Netlist Resource(s)
  -------------------------------------------------------------------    -------------------
    DSP48E2_X4Y97        DSP_A_B_DATA                 0.000     0.000 r  thz_pipeline_top_i/mlkem_top_0/inst/process_phase_U0/grp_process_phase_Pipeline_VITIS_LOOP_44_1_fu_38/mul_16s_12ns_28_1_1_U18/tmp_product/DSP_A_B_DATA_INST/B2_DATA[17]
                         net (fo=1, routed)           0.000     0.000    thz_pipeline_top_i/mlkem_top_0/inst/process_phase_U0/grp_process_phase_Pipeline_VITIS_LOOP_44_1_fu_38/mul_16s_12ns_28_1_1_U18/tmp_product/DSP_A_B_DATA.B2_DATA<17>
    DSP48E2_X4Y97        DSP_PREADD_DATA (Prop_DSP_PREADD_DATA_DSP48E2_B2_DATA[17]_B2B1[17])
                                                      0.020     0.020 r  thz_pipeline_top_i/mlkem_top_0/inst/process_phase_U0/grp_process_phase_Pipeline_VITIS_LOOP_44_1_fu_38/mul_16s_12ns_28_1_1_U18/tmp_product/DSP_PREADD_DATA_INST/B2B1[17]
                         net (fo=1, routed)           0.000     0.020    thz_pipeline_top_i/mlkem_top_0/inst/process_phase_U0/grp_process_phase_Pipeline_VITIS_LOOP_44_1_fu_38/mul_16s_12ns_28_1_1_U18/tmp_product/DSP_PREADD_DATA.B2B1<17>
    DSP48E2_X4Y97        DSP_MULTIPLIER (Prop_DSP_MULTIPLIER_DSP48E2_B2B1[17]_U[23])
                                                      0.075     0.095 f  thz_pipeline_top_i/mlkem_top_0/inst/process_phase_U0/grp_process_phase_Pipeline_VITIS_LOOP_44_1_fu_38/mul_16s_12ns_28_1_1_U18/tmp_product/DSP_MULTIPLIER_INST/U[23]
                         net (fo=1, routed)           0.000     0.095    thz_pipeline_top_i/mlkem_top_0/inst/process_phase_U0/grp_process_phase_Pipeline_VITIS_LOOP_44_1_fu_38/mul_16s_12ns_28_1_1_U18/tmp_product/DSP_MULTIPLIER.U<23>
    DSP48E2_X4Y97        DSP_M_DATA (Prop_DSP_M_DATA_DSP48E2_U[23]_U_DATA[23])
                                                      0.012     0.107 r  thz_pipeline_top_i/mlkem_top_0/inst/process_phase_U0/grp_process_phase_Pipeline_VITIS_LOOP_44_1_fu_38/mul_16s_12ns_28_1_1_U18/tmp_product/DSP_M_DATA_INST/U_DATA[23]
                         net (fo=1, routed)           0.000     0.107    thz_pipeline_top_i/mlkem_top_0/inst/process_phase_U0/grp_process_phase_Pipeline_VITIS_LOOP_44_1_fu_38/mul_16s_12ns_28_1_1_U18/tmp_product/DSP_M_DATA.U_DATA<23>
    DSP48E2_X4Y97        DSP_ALU (Prop_DSP_ALU_DSP48E2_U_DATA[23]_ALU_OUT[23])
                                                      0.113     0.220 f  thz_pipeline_top_i/mlkem_top_0/inst/process_phase_U0/grp_process_phase_Pipeline_VITIS_LOOP_44_1_fu_38/mul_16s_12ns_28_1_1_U18/tmp_product/DSP_ALU_INST/ALU_OUT[23]
                         net (fo=1, routed)           0.000     0.220    thz_pipeline_top_i/mlkem_top_0/inst/process_phase_U0/grp_process_phase_Pipeline_VITIS_LOOP_44_1_fu_38/mul_16s_12ns_28_1_1_U18/tmp_product/DSP_ALU.ALU_OUT<23>
    DSP48E2_X4Y97        DSP_OUTPUT (Prop_DSP_OUTPUT_DSP48E2_ALU_OUT[23]_P[23])
                                                      0.030     0.250 r  thz_pipeline_top_i/mlkem_top_0/inst/process_phase_U0/grp_process_phase_Pipeline_VITIS_LOOP_44_1_fu_38/mul_16s_12ns_28_1_1_U18/tmp_product/DSP_OUTPUT_INST/P[23]
                         net (fo=1, routed)           0.065     0.315    thz_pipeline_top_i/mlkem_top_0/inst/process_phase_U0/grp_process_phase_Pipeline_VITIS_LOOP_44_1_fu_38/mul_16s_12ns_28_1_1_U18_n_517
    SLICE_X53Y242        SRL16E                                       r  thz_pipeline_top_i/mlkem_top_0/inst/process_phase_U0/grp_process_phase_Pipeline_VITIS_LOOP_44_1_fu_38/a_1_reg_260_pp0_iter2_reg_reg[23]_srl2/D
  -------------------------------------------------------------------    -------------------

                         (clock clk_pl_0 rise edge)
                                                      0.000     0.000 r  
    PS8_X0Y0             PS8                          0.000     0.000 r  thz_pipeline_top_i/zynq_ultra_ps_e_0/inst/PS8_i/PLCLK[0]
                         net (fo=1, routed)           0.154     0.154    thz_pipeline_top_i/zynq_ultra_ps_e_0/inst/pl_clk_unbuffered[0]
    BUFG_PS_X0Y80        BUFG_PS (Prop_BUFG_PS_I_O)
                                                      0.018     0.172 r  thz_pipeline_top_i/zynq_ultra_ps_e_0/inst/buffer_pl_clk_0.PL_CLK_0_BUFG/O
    X1Y2 (CLOCK_ROOT)    net (fo=30604, routed)       1.169     1.341    thz_pipeline_top_i/mlkem_top_0/inst/process_phase_U0/grp_process_phase_Pipeline_VITIS_LOOP_44_1_fu_38/ap_clk
    SLICE_X53Y242        SRL16E                                       r  thz_pipeline_top_i/mlkem_top_0/inst/process_phase_U0/grp_process_phase_Pipeline_VITIS_LOOP_44_1_fu_38/a_1_reg_260_pp0_iter2_reg_reg[23]_srl2/CLK

Slack:                    inf
  Source:                 thz_pipeline_top_i/mlkem_top_0/inst/process_phase_U0/grp_process_phase_Pipeline_VITIS_LOOP_44_1_fu_38/mul_16s_13ns_29_1_1_U17/tmp_product/DSP_A_B_DATA_INST/B2_DATA[17]
                            (internal pin)
  Destination:            thz_pipeline_top_i/mlkem_top_0/inst/process_phase_U0/grp_process_phase_Pipeline_VITIS_LOOP_44_1_fu_38/a_2_reg_250_pp0_iter2_reg_reg[23]_srl2/D
                            (rising edge-triggered cell SRL16E clocked by clk_pl_0  {rise@0.000ns fall@1.666ns period=3.333ns})
  Path Group:             (none)
  Path Type:              Hold (Min at Fast Process Corner)
  Data Path Delay:        0.315ns  (logic 0.250ns (79.365%)  route 0.065ns (20.635%))
  Logic Levels:           5  (DSP_ALU=1 DSP_M_DATA=1 DSP_MULTIPLIER=1 DSP_OUTPUT=1 DSP_PREADD_DATA=1)
  Clock Uncertainty:      0.100ns  ((TSJ^2 + DJ^2)^1/2) / 2 + PE
    Total System Jitter     (TSJ):    0.050ns
    Discrete Jitter          (DJ):    0.195ns
    Phase Error              (PE):    0.000ns
  Clock Net Delay (Destination): 1.175ns (routing 0.352ns, distribution 0.823ns)

    Location             Delay type                Incr(ns)  Path(ns)    Netlist Resource(s)
  -------------------------------------------------------------------    -------------------
    DSP48E2_X5Y97        DSP_A_B_DATA                 0.000     0.000 r  thz_pipeline_top_i/mlkem_top_0/inst/process_phase_U0/grp_process_phase_Pipeline_VITIS_LOOP_44_1_fu_38/mul_16s_13ns_29_1_1_U17/tmp_product/DSP_A_B_DATA_INST/B2_DATA[17]
                         net (fo=1, routed)           0.000     0.000    thz_pipeline_top_i/mlkem_top_0/inst/process_phase_U0/grp_process_phase_Pipeline_VITIS_LOOP_44_1_fu_38/mul_16s_13ns_29_1_1_U17/tmp_product/DSP_A_B_DATA.B2_DATA<17>
    DSP48E2_X5Y97        DSP_PREADD_DATA (Prop_DSP_PREADD_DATA_DSP48E2_B2_DATA[17]_B2B1[17])
                                                      0.020     0.020 r  thz_pipeline_top_i/mlkem_top_0/inst/process_phase_U0/grp_process_phase_Pipeline_VITIS_LOOP_44_1_fu_38/mul_16s_13ns_29_1_1_U17/tmp_product/DSP_PREADD_DATA_INST/B2B1[17]
                         net (fo=1, routed)           0.000     0.020    thz_pipeline_top_i/mlkem_top_0/inst/process_phase_U0/grp_process_phase_Pipeline_VITIS_LOOP_44_1_fu_38/mul_16s_13ns_29_1_1_U17/tmp_product/DSP_PREADD_DATA.B2B1<17>
    DSP48E2_X5Y97        DSP_MULTIPLIER (Prop_DSP_MULTIPLIER_DSP48E2_B2B1[17]_U[23])
                                                      0.075     0.095 f  thz_pipeline_top_i/mlkem_top_0/inst/process_phase_U0/grp_process_phase_Pipeline_VITIS_LOOP_44_1_fu_38/mul_16s_13ns_29_1_1_U17/tmp_product/DSP_MULTIPLIER_INST/U[23]
                         net (fo=1, routed)           0.000     0.095    thz_pipeline_top_i/mlkem_top_0/inst/process_phase_U0/grp_process_phase_Pipeline_VITIS_LOOP_44_1_fu_38/mul_16s_13ns_29_1_1_U17/tmp_product/DSP_MULTIPLIER.U<23>
    DSP48E2_X5Y97        DSP_M_DATA (Prop_DSP_M_DATA_DSP48E2_U[23]_U_DATA[23])
                                                      0.012     0.107 r  thz_pipeline_top_i/mlkem_top_0/inst/process_phase_U0/grp_process_phase_Pipeline_VITIS_LOOP_44_1_fu_38/mul_16s_13ns_29_1_1_U17/tmp_product/DSP_M_DATA_INST/U_DATA[23]
                         net (fo=1, routed)           0.000     0.107    thz_pipeline_top_i/mlkem_top_0/inst/process_phase_U0/grp_process_phase_Pipeline_VITIS_LOOP_44_1_fu_38/mul_16s_13ns_29_1_1_U17/tmp_product/DSP_M_DATA.U_DATA<23>
    DSP48E2_X5Y97        DSP_ALU (Prop_DSP_ALU_DSP48E2_U_DATA[23]_ALU_OUT[23])
                                                      0.113     0.220 f  thz_pipeline_top_i/mlkem_top_0/inst/process_phase_U0/grp_process_phase_Pipeline_VITIS_LOOP_44_1_fu_38/mul_16s_13ns_29_1_1_U17/tmp_product/DSP_ALU_INST/ALU_OUT[23]
                         net (fo=1, routed)           0.000     0.220    thz_pipeline_top_i/mlkem_top_0/inst/process_phase_U0/grp_process_phase_Pipeline_VITIS_LOOP_44_1_fu_38/mul_16s_13ns_29_1_1_U17/tmp_product/DSP_ALU.ALU_OUT<23>
    DSP48E2_X5Y97        DSP_OUTPUT (Prop_DSP_OUTPUT_DSP48E2_ALU_OUT[23]_P[23])
                                                      0.030     0.250 r  thz_pipeline_top_i/mlkem_top_0/inst/process_phase_U0/grp_process_phase_Pipeline_VITIS_LOOP_44_1_fu_38/mul_16s_13ns_29_1_1_U17/tmp_product/DSP_OUTPUT_INST/P[23]
                         net (fo=1, routed)           0.065     0.315    thz_pipeline_top_i/mlkem_top_0/inst/process_phase_U0/grp_process_phase_Pipeline_VITIS_LOOP_44_1_fu_38/mul_16s_13ns_29_1_1_U17_n_518
    SLICE_X56Y242        SRL16E                                       r  thz_pipeline_top_i/mlkem_top_0/inst/process_phase_U0/grp_process_phase_Pipeline_VITIS_LOOP_44_1_fu_38/a_2_reg_250_pp0_iter2_reg_reg[23]_srl2/D
  -------------------------------------------------------------------    -------------------

                         (clock clk_pl_0 rise edge)
                                                      0.000     0.000 r  
    PS8_X0Y0             PS8                          0.000     0.000 r  thz_pipeline_top_i/zynq_ultra_ps_e_0/inst/PS8_i/PLCLK[0]
                         net (fo=1, routed)           0.154     0.154    thz_pipeline_top_i/zynq_ultra_ps_e_0/inst/pl_clk_unbuffered[0]
    BUFG_PS_X0Y80        BUFG_PS (Prop_BUFG_PS_I_O)
                                                      0.018     0.172 r  thz_pipeline_top_i/zynq_ultra_ps_e_0/inst/buffer_pl_clk_0.PL_CLK_0_BUFG/O
    X1Y2 (CLOCK_ROOT)    net (fo=30604, routed)       1.175     1.347    thz_pipeline_top_i/mlkem_top_0/inst/process_phase_U0/grp_process_phase_Pipeline_VITIS_LOOP_44_1_fu_38/ap_clk
    SLICE_X56Y242        SRL16E                                       r  thz_pipeline_top_i/mlkem_top_0/inst/process_phase_U0/grp_process_phase_Pipeline_VITIS_LOOP_44_1_fu_38/a_2_reg_250_pp0_iter2_reg_reg[23]_srl2/CLK

Slack:                    inf
  Source:                 thz_pipeline_top_i/mlkem_top_1/inst/process_phase_U0/grp_process_phase_Pipeline_VITIS_LOOP_44_1_fu_38/mul_16s_12ns_28_1_1_U18/tmp_product/DSP_A_B_DATA_INST/B2_DATA[17]
                            (internal pin)
  Destination:            thz_pipeline_top_i/mlkem_top_1/inst/process_phase_U0/grp_process_phase_Pipeline_VITIS_LOOP_44_1_fu_38/a_1_reg_260_pp0_iter2_reg_reg[26]_srl2/D
                            (rising edge-triggered cell SRL16E clocked by clk_pl_0  {rise@0.000ns fall@1.666ns period=3.333ns})
  Path Group:             (none)
  Path Type:              Hold (Min at Fast Process Corner)
  Data Path Delay:        0.315ns  (logic 0.250ns (79.365%)  route 0.065ns (20.635%))
  Logic Levels:           5  (DSP_ALU=1 DSP_M_DATA=1 DSP_MULTIPLIER=1 DSP_OUTPUT=1 DSP_PREADD_DATA=1)
  Clock Uncertainty:      0.100ns  ((TSJ^2 + DJ^2)^1/2) / 2 + PE
    Total System Jitter     (TSJ):    0.050ns
    Discrete Jitter          (DJ):    0.195ns
    Phase Error              (PE):    0.000ns
  Clock Net Delay (Destination): 1.288ns (routing 0.352ns, distribution 0.936ns)

    Location             Delay type                Incr(ns)  Path(ns)    Netlist Resource(s)
  -------------------------------------------------------------------    -------------------
    DSP48E2_X0Y101       DSP_A_B_DATA                 0.000     0.000 r  thz_pipeline_top_i/mlkem_top_1/inst/process_phase_U0/grp_process_phase_Pipeline_VITIS_LOOP_44_1_fu_38/mul_16s_12ns_28_1_1_U18/tmp_product/DSP_A_B_DATA_INST/B2_DATA[17]
                         net (fo=1, routed)           0.000     0.000    thz_pipeline_top_i/mlkem_top_1/inst/process_phase_U0/grp_process_phase_Pipeline_VITIS_LOOP_44_1_fu_38/mul_16s_12ns_28_1_1_U18/tmp_product/DSP_A_B_DATA.B2_DATA<17>
    DSP48E2_X0Y101       DSP_PREADD_DATA (Prop_DSP_PREADD_DATA_DSP48E2_B2_DATA[17]_B2B1[17])
                                                      0.020     0.020 r  thz_pipeline_top_i/mlkem_top_1/inst/process_phase_U0/grp_process_phase_Pipeline_VITIS_LOOP_44_1_fu_38/mul_16s_12ns_28_1_1_U18/tmp_product/DSP_PREADD_DATA_INST/B2B1[17]
                         net (fo=1, routed)           0.000     0.020    thz_pipeline_top_i/mlkem_top_1/inst/process_phase_U0/grp_process_phase_Pipeline_VITIS_LOOP_44_1_fu_38/mul_16s_12ns_28_1_1_U18/tmp_product/DSP_PREADD_DATA.B2B1<17>
    DSP48E2_X0Y101       DSP_MULTIPLIER (Prop_DSP_MULTIPLIER_DSP48E2_B2B1[17]_U[26])
                                                      0.075     0.095 f  thz_pipeline_top_i/mlkem_top_1/inst/process_phase_U0/grp_process_phase_Pipeline_VITIS_LOOP_44_1_fu_38/mul_16s_12ns_28_1_1_U18/tmp_product/DSP_MULTIPLIER_INST/U[26]
                         net (fo=1, routed)           0.000     0.095    thz_pipeline_top_i/mlkem_top_1/inst/process_phase_U0/grp_process_phase_Pipeline_VITIS_LOOP_44_1_fu_38/mul_16s_12ns_28_1_1_U18/tmp_product/DSP_MULTIPLIER.U<26>
    DSP48E2_X0Y101       DSP_M_DATA (Prop_DSP_M_DATA_DSP48E2_U[26]_U_DATA[26])
                                                      0.012     0.107 r  thz_pipeline_top_i/mlkem_top_1/inst/process_phase_U0/grp_process_phase_Pipeline_VITIS_LOOP_44_1_fu_38/mul_16s_12ns_28_1_1_U18/tmp_product/DSP_M_DATA_INST/U_DATA[26]
                         net (fo=1, routed)           0.000     0.107    thz_pipeline_top_i/mlkem_top_1/inst/process_phase_U0/grp_process_phase_Pipeline_VITIS_LOOP_44_1_fu_38/mul_16s_12ns_28_1_1_U18/tmp_product/DSP_M_DATA.U_DATA<26>
    DSP48E2_X0Y101       DSP_ALU (Prop_DSP_ALU_DSP48E2_U_DATA[26]_ALU_OUT[26])
                                                      0.113     0.220 f  thz_pipeline_top_i/mlkem_top_1/inst/process_phase_U0/grp_process_phase_Pipeline_VITIS_LOOP_44_1_fu_38/mul_16s_12ns_28_1_1_U18/tmp_product/DSP_ALU_INST/ALU_OUT[26]
                         net (fo=1, routed)           0.000     0.220    thz_pipeline_top_i/mlkem_top_1/inst/process_phase_U0/grp_process_phase_Pipeline_VITIS_LOOP_44_1_fu_38/mul_16s_12ns_28_1_1_U18/tmp_product/DSP_ALU.ALU_OUT<26>
    DSP48E2_X0Y101       DSP_OUTPUT (Prop_DSP_OUTPUT_DSP48E2_ALU_OUT[26]_P[26])
                                                      0.030     0.250 r  thz_pipeline_top_i/mlkem_top_1/inst/process_phase_U0/grp_process_phase_Pipeline_VITIS_LOOP_44_1_fu_38/mul_16s_12ns_28_1_1_U18/tmp_product/DSP_OUTPUT_INST/P[26]
                         net (fo=1, routed)           0.065     0.315    thz_pipeline_top_i/mlkem_top_1/inst/process_phase_U0/grp_process_phase_Pipeline_VITIS_LOOP_44_1_fu_38/mul_16s_12ns_28_1_1_U18_n_514
    SLICE_X6Y253         SRL16E                                       r  thz_pipeline_top_i/mlkem_top_1/inst/process_phase_U0/grp_process_phase_Pipeline_VITIS_LOOP_44_1_fu_38/a_1_reg_260_pp0_iter2_reg_reg[26]_srl2/D
  -------------------------------------------------------------------    -------------------

                         (clock clk_pl_0 rise edge)
                                                      0.000     0.000 r  
    PS8_X0Y0             PS8                          0.000     0.000 r  thz_pipeline_top_i/zynq_ultra_ps_e_0/inst/PS8_i/PLCLK[0]
                         net (fo=1, routed)           0.154     0.154    thz_pipeline_top_i/zynq_ultra_ps_e_0/inst/pl_clk_unbuffered[0]
    BUFG_PS_X0Y80        BUFG_PS (Prop_BUFG_PS_I_O)
                                                      0.018     0.172 r  thz_pipeline_top_i/zynq_ultra_ps_e_0/inst/buffer_pl_clk_0.PL_CLK_0_BUFG/O
    X1Y2 (CLOCK_ROOT)    net (fo=30604, routed)       1.288     1.460    thz_pipeline_top_i/mlkem_top_1/inst/process_phase_U0/grp_process_phase_Pipeline_VITIS_LOOP_44_1_fu_38/ap_clk
    SLICE_X6Y253         SRL16E                                       r  thz_pipeline_top_i/mlkem_top_1/inst/process_phase_U0/grp_process_phase_Pipeline_VITIS_LOOP_44_1_fu_38/a_1_reg_260_pp0_iter2_reg_reg[26]_srl2/CLK

Slack:                    inf
  Source:                 thz_pipeline_top_i/mlkem_top_0/inst/process_phase_U0/grp_process_phase_Pipeline_VITIS_LOOP_44_1_fu_38/mul_16s_13ns_29_1_1_U17/tmp_product/DSP_A_B_DATA_INST/B2_DATA[13]
                            (internal pin)
  Destination:            thz_pipeline_top_i/mlkem_top_0/inst/process_phase_U0/grp_process_phase_Pipeline_VITIS_LOOP_44_1_fu_38/a_2_reg_250_pp0_iter2_reg_reg[14]_srl2/D
                            (rising edge-triggered cell SRL16E clocked by clk_pl_0  {rise@0.000ns fall@1.666ns period=3.333ns})
  Path Group:             (none)
  Path Type:              Hold (Min at Fast Process Corner)
  Data Path Delay:        0.317ns  (logic 0.250ns (78.802%)  route 0.067ns (21.198%))
  Logic Levels:           5  (DSP_ALU=1 DSP_M_DATA=1 DSP_MULTIPLIER=1 DSP_OUTPUT=1 DSP_PREADD_DATA=1)
  Clock Uncertainty:      0.100ns  ((TSJ^2 + DJ^2)^1/2) / 2 + PE
    Total System Jitter     (TSJ):    0.050ns
    Discrete Jitter          (DJ):    0.195ns
    Phase Error              (PE):    0.000ns
  Clock Net Delay (Destination): 1.180ns (routing 0.352ns, distribution 0.828ns)

    Location             Delay type                Incr(ns)  Path(ns)    Netlist Resource(s)
  -------------------------------------------------------------------    -------------------
    DSP48E2_X5Y97        DSP_A_B_DATA                 0.000     0.000 r  thz_pipeline_top_i/mlkem_top_0/inst/process_phase_U0/grp_process_phase_Pipeline_VITIS_LOOP_44_1_fu_38/mul_16s_13ns_29_1_1_U17/tmp_product/DSP_A_B_DATA_INST/B2_DATA[13]
                         net (fo=1, routed)           0.000     0.000    thz_pipeline_top_i/mlkem_top_0/inst/process_phase_U0/grp_process_phase_Pipeline_VITIS_LOOP_44_1_fu_38/mul_16s_13ns_29_1_1_U17/tmp_product/DSP_A_B_DATA.B2_DATA<13>
    DSP48E2_X5Y97        DSP_PREADD_DATA (Prop_DSP_PREADD_DATA_DSP48E2_B2_DATA[13]_B2B1[13])
                                                      0.020     0.020 r  thz_pipeline_top_i/mlkem_top_0/inst/process_phase_U0/grp_process_phase_Pipeline_VITIS_LOOP_44_1_fu_38/mul_16s_13ns_29_1_1_U17/tmp_product/DSP_PREADD_DATA_INST/B2B1[13]
                         net (fo=1, routed)           0.000     0.020    thz_pipeline_top_i/mlkem_top_0/inst/process_phase_U0/grp_process_phase_Pipeline_VITIS_LOOP_44_1_fu_38/mul_16s_13ns_29_1_1_U17/tmp_product/DSP_PREADD_DATA.B2B1<13>
    DSP48E2_X5Y97        DSP_MULTIPLIER (Prop_DSP_MULTIPLIER_DSP48E2_B2B1[13]_U[14])
                                                      0.075     0.095 f  thz_pipeline_top_i/mlkem_top_0/inst/process_phase_U0/grp_process_phase_Pipeline_VITIS_LOOP_44_1_fu_38/mul_16s_13ns_29_1_1_U17/tmp_product/DSP_MULTIPLIER_INST/U[14]
                         net (fo=1, routed)           0.000     0.095    thz_pipeline_top_i/mlkem_top_0/inst/process_phase_U0/grp_process_phase_Pipeline_VITIS_LOOP_44_1_fu_38/mul_16s_13ns_29_1_1_U17/tmp_product/DSP_MULTIPLIER.U<14>
    DSP48E2_X5Y97        DSP_M_DATA (Prop_DSP_M_DATA_DSP48E2_U[14]_U_DATA[14])
                                                      0.012     0.107 r  thz_pipeline_top_i/mlkem_top_0/inst/process_phase_U0/grp_process_phase_Pipeline_VITIS_LOOP_44_1_fu_38/mul_16s_13ns_29_1_1_U17/tmp_product/DSP_M_DATA_INST/U_DATA[14]
                         net (fo=1, routed)           0.000     0.107    thz_pipeline_top_i/mlkem_top_0/inst/process_phase_U0/grp_process_phase_Pipeline_VITIS_LOOP_44_1_fu_38/mul_16s_13ns_29_1_1_U17/tmp_product/DSP_M_DATA.U_DATA<14>
    DSP48E2_X5Y97        DSP_ALU (Prop_DSP_ALU_DSP48E2_U_DATA[14]_ALU_OUT[14])
                                                      0.113     0.220 f  thz_pipeline_top_i/mlkem_top_0/inst/process_phase_U0/grp_process_phase_Pipeline_VITIS_LOOP_44_1_fu_38/mul_16s_13ns_29_1_1_U17/tmp_product/DSP_ALU_INST/ALU_OUT[14]
                         net (fo=1, routed)           0.000     0.220    thz_pipeline_top_i/mlkem_top_0/inst/process_phase_U0/grp_process_phase_Pipeline_VITIS_LOOP_44_1_fu_38/mul_16s_13ns_29_1_1_U17/tmp_product/DSP_ALU.ALU_OUT<14>
    DSP48E2_X5Y97        DSP_OUTPUT (Prop_DSP_OUTPUT_DSP48E2_ALU_OUT[14]_P[14])
                                                      0.030     0.250 r  thz_pipeline_top_i/mlkem_top_0/inst/process_phase_U0/grp_process_phase_Pipeline_VITIS_LOOP_44_1_fu_38/mul_16s_13ns_29_1_1_U17/tmp_product/DSP_OUTPUT_INST/P[14]
                         net (fo=2, routed)           0.067     0.317    thz_pipeline_top_i/mlkem_top_0/inst/process_phase_U0/grp_process_phase_Pipeline_VITIS_LOOP_44_1_fu_38/mul_16s_13ns_29_1_1_U17_n_527
    SLICE_X56Y241        SRL16E                                       r  thz_pipeline_top_i/mlkem_top_0/inst/process_phase_U0/grp_process_phase_Pipeline_VITIS_LOOP_44_1_fu_38/a_2_reg_250_pp0_iter2_reg_reg[14]_srl2/D
  -------------------------------------------------------------------    -------------------

                         (clock clk_pl_0 rise edge)
                                                      0.000     0.000 r  
    PS8_X0Y0             PS8                          0.000     0.000 r  thz_pipeline_top_i/zynq_ultra_ps_e_0/inst/PS8_i/PLCLK[0]
                         net (fo=1, routed)           0.154     0.154    thz_pipeline_top_i/zynq_ultra_ps_e_0/inst/pl_clk_unbuffered[0]
    BUFG_PS_X0Y80        BUFG_PS (Prop_BUFG_PS_I_O)
                                                      0.018     0.172 r  thz_pipeline_top_i/zynq_ultra_ps_e_0/inst/buffer_pl_clk_0.PL_CLK_0_BUFG/O
    X1Y2 (CLOCK_ROOT)    net (fo=30604, routed)       1.180     1.352    thz_pipeline_top_i/mlkem_top_0/inst/process_phase_U0/grp_process_phase_Pipeline_VITIS_LOOP_44_1_fu_38/ap_clk
    SLICE_X56Y241        SRL16E                                       r  thz_pipeline_top_i/mlkem_top_0/inst/process_phase_U0/grp_process_phase_Pipeline_VITIS_LOOP_44_1_fu_38/a_2_reg_250_pp0_iter2_reg_reg[14]_srl2/CLK

Slack:                    inf
  Source:                 thz_pipeline_top_i/mlkem_top_0/inst/process_phase_U0/grp_process_phase_Pipeline_VITIS_LOOP_44_1_fu_38/mul_16s_13ns_29_1_1_U17/tmp_product/DSP_A_B_DATA_INST/B2_DATA[15]
                            (internal pin)
  Destination:            thz_pipeline_top_i/mlkem_top_0/inst/process_phase_U0/grp_process_phase_Pipeline_VITIS_LOOP_44_1_fu_38/a_2_reg_250_pp0_iter2_reg_reg[15]_srl2/D
                            (rising edge-triggered cell SRL16E clocked by clk_pl_0  {rise@0.000ns fall@1.666ns period=3.333ns})
  Path Group:             (none)
  Path Type:              Hold (Min at Fast Process Corner)
  Data Path Delay:        0.317ns  (logic 0.250ns (78.802%)  route 0.067ns (21.198%))
  Logic Levels:           5  (DSP_ALU=1 DSP_M_DATA=1 DSP_MULTIPLIER=1 DSP_OUTPUT=1 DSP_PREADD_DATA=1)
  Clock Uncertainty:      0.100ns  ((TSJ^2 + DJ^2)^1/2) / 2 + PE
    Total System Jitter     (TSJ):    0.050ns
    Discrete Jitter          (DJ):    0.195ns
    Phase Error              (PE):    0.000ns
  Clock Net Delay (Destination): 1.180ns (routing 0.352ns, distribution 0.828ns)

    Location             Delay type                Incr(ns)  Path(ns)    Netlist Resource(s)
  -------------------------------------------------------------------    -------------------
    DSP48E2_X5Y97        DSP_A_B_DATA                 0.000     0.000 r  thz_pipeline_top_i/mlkem_top_0/inst/process_phase_U0/grp_process_phase_Pipeline_VITIS_LOOP_44_1_fu_38/mul_16s_13ns_29_1_1_U17/tmp_product/DSP_A_B_DATA_INST/B2_DATA[15]
                         net (fo=1, routed)           0.000     0.000    thz_pipeline_top_i/mlkem_top_0/inst/process_phase_U0/grp_process_phase_Pipeline_VITIS_LOOP_44_1_fu_38/mul_16s_13ns_29_1_1_U17/tmp_product/DSP_A_B_DATA.B2_DATA<15>
    DSP48E2_X5Y97        DSP_PREADD_DATA (Prop_DSP_PREADD_DATA_DSP48E2_B2_DATA[15]_B2B1[15])
                                                      0.020     0.020 r  thz_pipeline_top_i/mlkem_top_0/inst/process_phase_U0/grp_process_phase_Pipeline_VITIS_LOOP_44_1_fu_38/mul_16s_13ns_29_1_1_U17/tmp_product/DSP_PREADD_DATA_INST/B2B1[15]
                         net (fo=1, routed)           0.000     0.020    thz_pipeline_top_i/mlkem_top_0/inst/process_phase_U0/grp_process_phase_Pipeline_VITIS_LOOP_44_1_fu_38/mul_16s_13ns_29_1_1_U17/tmp_product/DSP_PREADD_DATA.B2B1<15>
    DSP48E2_X5Y97        DSP_MULTIPLIER (Prop_DSP_MULTIPLIER_DSP48E2_B2B1[15]_U[15])
                                                      0.075     0.095 f  thz_pipeline_top_i/mlkem_top_0/inst/process_phase_U0/grp_process_phase_Pipeline_VITIS_LOOP_44_1_fu_38/mul_16s_13ns_29_1_1_U17/tmp_product/DSP_MULTIPLIER_INST/U[15]
                         net (fo=1, routed)           0.000     0.095    thz_pipeline_top_i/mlkem_top_0/inst/process_phase_U0/grp_process_phase_Pipeline_VITIS_LOOP_44_1_fu_38/mul_16s_13ns_29_1_1_U17/tmp_product/DSP_MULTIPLIER.U<15>
    DSP48E2_X5Y97        DSP_M_DATA (Prop_DSP_M_DATA_DSP48E2_U[15]_U_DATA[15])
                                                      0.012     0.107 r  thz_pipeline_top_i/mlkem_top_0/inst/process_phase_U0/grp_process_phase_Pipeline_VITIS_LOOP_44_1_fu_38/mul_16s_13ns_29_1_1_U17/tmp_product/DSP_M_DATA_INST/U_DATA[15]
                         net (fo=1, routed)           0.000     0.107    thz_pipeline_top_i/mlkem_top_0/inst/process_phase_U0/grp_process_phase_Pipeline_VITIS_LOOP_44_1_fu_38/mul_16s_13ns_29_1_1_U17/tmp_product/DSP_M_DATA.U_DATA<15>
    DSP48E2_X5Y97        DSP_ALU (Prop_DSP_ALU_DSP48E2_U_DATA[15]_ALU_OUT[15])
                                                      0.113     0.220 f  thz_pipeline_top_i/mlkem_top_0/inst/process_phase_U0/grp_process_phase_Pipeline_VITIS_LOOP_44_1_fu_38/mul_16s_13ns_29_1_1_U17/tmp_product/DSP_ALU_INST/ALU_OUT[15]
                         net (fo=1, routed)           0.000     0.220    thz_pipeline_top_i/mlkem_top_0/inst/process_phase_U0/grp_process_phase_Pipeline_VITIS_LOOP_44_1_fu_38/mul_16s_13ns_29_1_1_U17/tmp_product/DSP_ALU.ALU_OUT<15>
    DSP48E2_X5Y97        DSP_OUTPUT (Prop_DSP_OUTPUT_DSP48E2_ALU_OUT[15]_P[15])
                                                      0.030     0.250 r  thz_pipeline_top_i/mlkem_top_0/inst/process_phase_U0/grp_process_phase_Pipeline_VITIS_LOOP_44_1_fu_38/mul_16s_13ns_29_1_1_U17/tmp_product/DSP_OUTPUT_INST/P[15]
                         net (fo=16, routed)          0.067     0.317    thz_pipeline_top_i/mlkem_top_0/inst/process_phase_U0/grp_process_phase_Pipeline_VITIS_LOOP_44_1_fu_38/mul_16s_13ns_29_1_1_U17_n_526
    SLICE_X56Y241        SRL16E                                       r  thz_pipeline_top_i/mlkem_top_0/inst/process_phase_U0/grp_process_phase_Pipeline_VITIS_LOOP_44_1_fu_38/a_2_reg_250_pp0_iter2_reg_reg[15]_srl2/D
  -------------------------------------------------------------------    -------------------

                         (clock clk_pl_0 rise edge)
                                                      0.000     0.000 r  
    PS8_X0Y0             PS8                          0.000     0.000 r  thz_pipeline_top_i/zynq_ultra_ps_e_0/inst/PS8_i/PLCLK[0]
                         net (fo=1, routed)           0.154     0.154    thz_pipeline_top_i/zynq_ultra_ps_e_0/inst/pl_clk_unbuffered[0]
    BUFG_PS_X0Y80        BUFG_PS (Prop_BUFG_PS_I_O)
                                                      0.018     0.172 r  thz_pipeline_top_i/zynq_ultra_ps_e_0/inst/buffer_pl_clk_0.PL_CLK_0_BUFG/O
    X1Y2 (CLOCK_ROOT)    net (fo=30604, routed)       1.180     1.352    thz_pipeline_top_i/mlkem_top_0/inst/process_phase_U0/grp_process_phase_Pipeline_VITIS_LOOP_44_1_fu_38/ap_clk
    SLICE_X56Y241        SRL16E                                       r  thz_pipeline_top_i/mlkem_top_0/inst/process_phase_U0/grp_process_phase_Pipeline_VITIS_LOOP_44_1_fu_38/a_2_reg_250_pp0_iter2_reg_reg[15]_srl2/CLK

Slack:                    inf
  Source:                 thz_pipeline_top_i/mlkem_top_1/inst/process_phase_U0/grp_process_phase_Pipeline_VITIS_LOOP_44_1_fu_38/mul_16s_12ns_28_1_1_U18/tmp_product/DSP_A_B_DATA_INST/B2_DATA[17]
                            (internal pin)
  Destination:            thz_pipeline_top_i/mlkem_top_1/inst/process_phase_U0/grp_process_phase_Pipeline_VITIS_LOOP_44_1_fu_38/a_1_reg_260_pp0_iter2_reg_reg[27]_srl2/D
                            (rising edge-triggered cell SRL16E clocked by clk_pl_0  {rise@0.000ns fall@1.666ns period=3.333ns})
  Path Group:             (none)
  Path Type:              Hold (Min at Fast Process Corner)
  Data Path Delay:        0.319ns  (logic 0.250ns (78.370%)  route 0.069ns (21.630%))
  Logic Levels:           5  (DSP_ALU=1 DSP_M_DATA=1 DSP_MULTIPLIER=1 DSP_OUTPUT=1 DSP_PREADD_DATA=1)
  Clock Uncertainty:      0.100ns  ((TSJ^2 + DJ^2)^1/2) / 2 + PE
    Total System Jitter     (TSJ):    0.050ns
    Discrete Jitter          (DJ):    0.195ns
    Phase Error              (PE):    0.000ns
  Clock Net Delay (Destination): 1.288ns (routing 0.352ns, distribution 0.936ns)

    Location             Delay type                Incr(ns)  Path(ns)    Netlist Resource(s)
  -------------------------------------------------------------------    -------------------
    DSP48E2_X0Y101       DSP_A_B_DATA                 0.000     0.000 r  thz_pipeline_top_i/mlkem_top_1/inst/process_phase_U0/grp_process_phase_Pipeline_VITIS_LOOP_44_1_fu_38/mul_16s_12ns_28_1_1_U18/tmp_product/DSP_A_B_DATA_INST/B2_DATA[17]
                         net (fo=1, routed)           0.000     0.000    thz_pipeline_top_i/mlkem_top_1/inst/process_phase_U0/grp_process_phase_Pipeline_VITIS_LOOP_44_1_fu_38/mul_16s_12ns_28_1_1_U18/tmp_product/DSP_A_B_DATA.B2_DATA<17>
    DSP48E2_X0Y101       DSP_PREADD_DATA (Prop_DSP_PREADD_DATA_DSP48E2_B2_DATA[17]_B2B1[17])
                                                      0.020     0.020 r  thz_pipeline_top_i/mlkem_top_1/inst/process_phase_U0/grp_process_phase_Pipeline_VITIS_LOOP_44_1_fu_38/mul_16s_12ns_28_1_1_U18/tmp_product/DSP_PREADD_DATA_INST/B2B1[17]
                         net (fo=1, routed)           0.000     0.020    thz_pipeline_top_i/mlkem_top_1/inst/process_phase_U0/grp_process_phase_Pipeline_VITIS_LOOP_44_1_fu_38/mul_16s_12ns_28_1_1_U18/tmp_product/DSP_PREADD_DATA.B2B1<17>
    DSP48E2_X0Y101       DSP_MULTIPLIER (Prop_DSP_MULTIPLIER_DSP48E2_B2B1[17]_U[27])
                                                      0.075     0.095 f  thz_pipeline_top_i/mlkem_top_1/inst/process_phase_U0/grp_process_phase_Pipeline_VITIS_LOOP_44_1_fu_38/mul_16s_12ns_28_1_1_U18/tmp_product/DSP_MULTIPLIER_INST/U[27]
                         net (fo=1, routed)           0.000     0.095    thz_pipeline_top_i/mlkem_top_1/inst/process_phase_U0/grp_process_phase_Pipeline_VITIS_LOOP_44_1_fu_38/mul_16s_12ns_28_1_1_U18/tmp_product/DSP_MULTIPLIER.U<27>
    DSP48E2_X0Y101       DSP_M_DATA (Prop_DSP_M_DATA_DSP48E2_U[27]_U_DATA[27])
                                                      0.012     0.107 r  thz_pipeline_top_i/mlkem_top_1/inst/process_phase_U0/grp_process_phase_Pipeline_VITIS_LOOP_44_1_fu_38/mul_16s_12ns_28_1_1_U18/tmp_product/DSP_M_DATA_INST/U_DATA[27]
                         net (fo=1, routed)           0.000     0.107    thz_pipeline_top_i/mlkem_top_1/inst/process_phase_U0/grp_process_phase_Pipeline_VITIS_LOOP_44_1_fu_38/mul_16s_12ns_28_1_1_U18/tmp_product/DSP_M_DATA.U_DATA<27>
    DSP48E2_X0Y101       DSP_ALU (Prop_DSP_ALU_DSP48E2_U_DATA[27]_ALU_OUT[27])
                                                      0.113     0.220 f  thz_pipeline_top_i/mlkem_top_1/inst/process_phase_U0/grp_process_phase_Pipeline_VITIS_LOOP_44_1_fu_38/mul_16s_12ns_28_1_1_U18/tmp_product/DSP_ALU_INST/ALU_OUT[27]
                         net (fo=1, routed)           0.000     0.220    thz_pipeline_top_i/mlkem_top_1/inst/process_phase_U0/grp_process_phase_Pipeline_VITIS_LOOP_44_1_fu_38/mul_16s_12ns_28_1_1_U18/tmp_product/DSP_ALU.ALU_OUT<27>
    DSP48E2_X0Y101       DSP_OUTPUT (Prop_DSP_OUTPUT_DSP48E2_ALU_OUT[27]_P[27])
                                                      0.030     0.250 r  thz_pipeline_top_i/mlkem_top_1/inst/process_phase_U0/grp_process_phase_Pipeline_VITIS_LOOP_44_1_fu_38/mul_16s_12ns_28_1_1_U18/tmp_product/DSP_OUTPUT_INST/P[27]
                         net (fo=1, routed)           0.069     0.319    thz_pipeline_top_i/mlkem_top_1/inst/process_phase_U0/grp_process_phase_Pipeline_VITIS_LOOP_44_1_fu_38/mul_16s_12ns_28_1_1_U18_n_513
    SLICE_X6Y253         SRL16E                                       r  thz_pipeline_top_i/mlkem_top_1/inst/process_phase_U0/grp_process_phase_Pipeline_VITIS_LOOP_44_1_fu_38/a_1_reg_260_pp0_iter2_reg_reg[27]_srl2/D
  -------------------------------------------------------------------    -------------------

                         (clock clk_pl_0 rise edge)
                                                      0.000     0.000 r  
    PS8_X0Y0             PS8                          0.000     0.000 r  thz_pipeline_top_i/zynq_ultra_ps_e_0/inst/PS8_i/PLCLK[0]
                         net (fo=1, routed)           0.154     0.154    thz_pipeline_top_i/zynq_ultra_ps_e_0/inst/pl_clk_unbuffered[0]
    BUFG_PS_X0Y80        BUFG_PS (Prop_BUFG_PS_I_O)
                                                      0.018     0.172 r  thz_pipeline_top_i/zynq_ultra_ps_e_0/inst/buffer_pl_clk_0.PL_CLK_0_BUFG/O
    X1Y2 (CLOCK_ROOT)    net (fo=30604, routed)       1.288     1.460    thz_pipeline_top_i/mlkem_top_1/inst/process_phase_U0/grp_process_phase_Pipeline_VITIS_LOOP_44_1_fu_38/ap_clk
    SLICE_X6Y253         SRL16E                                       r  thz_pipeline_top_i/mlkem_top_1/inst/process_phase_U0/grp_process_phase_Pipeline_VITIS_LOOP_44_1_fu_38/a_1_reg_260_pp0_iter2_reg_reg[27]_srl2/CLK

Slack:                    inf
  Source:                 thz_pipeline_top_i/mlkem_top_0/inst/process_phase_U0/grp_process_phase_Pipeline_VITIS_LOOP_44_1_fu_38/mul_16s_13ns_29_1_1_U17/tmp_product/DSP_A_B_DATA_INST/B2_DATA[9]
                            (internal pin)
  Destination:            thz_pipeline_top_i/mlkem_top_0/inst/process_phase_U0/grp_process_phase_Pipeline_VITIS_LOOP_44_1_fu_38/a_2_reg_250_pp0_iter2_reg_reg[9]_srl2/D
                            (rising edge-triggered cell SRL16E clocked by clk_pl_0  {rise@0.000ns fall@1.666ns period=3.333ns})
  Path Group:             (none)
  Path Type:              Hold (Min at Fast Process Corner)
  Data Path Delay:        0.319ns  (logic 0.250ns (78.278%)  route 0.069ns (21.722%))
  Logic Levels:           5  (DSP_ALU=1 DSP_M_DATA=1 DSP_MULTIPLIER=1 DSP_OUTPUT=1 DSP_PREADD_DATA=1)
  Clock Uncertainty:      0.100ns  ((TSJ^2 + DJ^2)^1/2) / 2 + PE
    Total System Jitter     (TSJ):    0.050ns
    Discrete Jitter          (DJ):    0.195ns
    Phase Error              (PE):    0.000ns
  Clock Net Delay (Destination): 1.180ns (routing 0.352ns, distribution 0.828ns)

    Location             Delay type                Incr(ns)  Path(ns)    Netlist Resource(s)
  -------------------------------------------------------------------    -------------------
    DSP48E2_X5Y97        DSP_A_B_DATA                 0.000     0.000 r  thz_pipeline_top_i/mlkem_top_0/inst/process_phase_U0/grp_process_phase_Pipeline_VITIS_LOOP_44_1_fu_38/mul_16s_13ns_29_1_1_U17/tmp_product/DSP_A_B_DATA_INST/B2_DATA[9]
                         net (fo=1, routed)           0.000     0.000    thz_pipeline_top_i/mlkem_top_0/inst/process_phase_U0/grp_process_phase_Pipeline_VITIS_LOOP_44_1_fu_38/mul_16s_13ns_29_1_1_U17/tmp_product/DSP_A_B_DATA.B2_DATA<9>
    DSP48E2_X5Y97        DSP_PREADD_DATA (Prop_DSP_PREADD_DATA_DSP48E2_B2_DATA[9]_B2B1[9])
                                                      0.020     0.020 r  thz_pipeline_top_i/mlkem_top_0/inst/process_phase_U0/grp_process_phase_Pipeline_VITIS_LOOP_44_1_fu_38/mul_16s_13ns_29_1_1_U17/tmp_product/DSP_PREADD_DATA_INST/B2B1[9]
                         net (fo=1, routed)           0.000     0.020    thz_pipeline_top_i/mlkem_top_0/inst/process_phase_U0/grp_process_phase_Pipeline_VITIS_LOOP_44_1_fu_38/mul_16s_13ns_29_1_1_U17/tmp_product/DSP_PREADD_DATA.B2B1<9>
    DSP48E2_X5Y97        DSP_MULTIPLIER (Prop_DSP_MULTIPLIER_DSP48E2_B2B1[9]_U[9])
                                                      0.075     0.095 f  thz_pipeline_top_i/mlkem_top_0/inst/process_phase_U0/grp_process_phase_Pipeline_VITIS_LOOP_44_1_fu_38/mul_16s_13ns_29_1_1_U17/tmp_product/DSP_MULTIPLIER_INST/U[9]
                         net (fo=1, routed)           0.000     0.095    thz_pipeline_top_i/mlkem_top_0/inst/process_phase_U0/grp_process_phase_Pipeline_VITIS_LOOP_44_1_fu_38/mul_16s_13ns_29_1_1_U17/tmp_product/DSP_MULTIPLIER.U<9>
    DSP48E2_X5Y97        DSP_M_DATA (Prop_DSP_M_DATA_DSP48E2_U[9]_U_DATA[9])
                                                      0.012     0.107 r  thz_pipeline_top_i/mlkem_top_0/inst/process_phase_U0/grp_process_phase_Pipeline_VITIS_LOOP_44_1_fu_38/mul_16s_13ns_29_1_1_U17/tmp_product/DSP_M_DATA_INST/U_DATA[9]
                         net (fo=1, routed)           0.000     0.107    thz_pipeline_top_i/mlkem_top_0/inst/process_phase_U0/grp_process_phase_Pipeline_VITIS_LOOP_44_1_fu_38/mul_16s_13ns_29_1_1_U17/tmp_product/DSP_M_DATA.U_DATA<9>
    DSP48E2_X5Y97        DSP_ALU (Prop_DSP_ALU_DSP48E2_U_DATA[9]_ALU_OUT[9])
                                                      0.113     0.220 f  thz_pipeline_top_i/mlkem_top_0/inst/process_phase_U0/grp_process_phase_Pipeline_VITIS_LOOP_44_1_fu_38/mul_16s_13ns_29_1_1_U17/tmp_product/DSP_ALU_INST/ALU_OUT[9]
                         net (fo=1, routed)           0.000     0.220    thz_pipeline_top_i/mlkem_top_0/inst/process_phase_U0/grp_process_phase_Pipeline_VITIS_LOOP_44_1_fu_38/mul_16s_13ns_29_1_1_U17/tmp_product/DSP_ALU.ALU_OUT<9>
    DSP48E2_X5Y97        DSP_OUTPUT (Prop_DSP_OUTPUT_DSP48E2_ALU_OUT[9]_P[9])
                                                      0.030     0.250 r  thz_pipeline_top_i/mlkem_top_0/inst/process_phase_U0/grp_process_phase_Pipeline_VITIS_LOOP_44_1_fu_38/mul_16s_13ns_29_1_1_U17/tmp_product/DSP_OUTPUT_INST/P[9]
                         net (fo=2, routed)           0.069     0.319    thz_pipeline_top_i/mlkem_top_0/inst/process_phase_U0/grp_process_phase_Pipeline_VITIS_LOOP_44_1_fu_38/mul_16s_13ns_29_1_1_U17_n_532
    SLICE_X56Y241        SRL16E                                       r  thz_pipeline_top_i/mlkem_top_0/inst/process_phase_U0/grp_process_phase_Pipeline_VITIS_LOOP_44_1_fu_38/a_2_reg_250_pp0_iter2_reg_reg[9]_srl2/D
  -------------------------------------------------------------------    -------------------

                         (clock clk_pl_0 rise edge)
                                                      0.000     0.000 r  
    PS8_X0Y0             PS8                          0.000     0.000 r  thz_pipeline_top_i/zynq_ultra_ps_e_0/inst/PS8_i/PLCLK[0]
                         net (fo=1, routed)           0.154     0.154    thz_pipeline_top_i/zynq_ultra_ps_e_0/inst/pl_clk_unbuffered[0]
    BUFG_PS_X0Y80        BUFG_PS (Prop_BUFG_PS_I_O)
                                                      0.018     0.172 r  thz_pipeline_top_i/zynq_ultra_ps_e_0/inst/buffer_pl_clk_0.PL_CLK_0_BUFG/O
    X1Y2 (CLOCK_ROOT)    net (fo=30604, routed)       1.180     1.352    thz_pipeline_top_i/mlkem_top_0/inst/process_phase_U0/grp_process_phase_Pipeline_VITIS_LOOP_44_1_fu_38/ap_clk
    SLICE_X56Y241        SRL16E                                       r  thz_pipeline_top_i/mlkem_top_0/inst/process_phase_U0/grp_process_phase_Pipeline_VITIS_LOOP_44_1_fu_38/a_2_reg_250_pp0_iter2_reg_reg[9]_srl2/CLK

Slack:                    inf
  Source:                 thz_pipeline_top_i/mlkem_top_0/inst/process_phase_U0/grp_process_phase_Pipeline_VITIS_LOOP_44_1_fu_38/mul_16s_12ns_28_1_1_U18/tmp_product/DSP_A_B_DATA_INST/B2_DATA[7]
                            (internal pin)
  Destination:            thz_pipeline_top_i/mlkem_top_0/inst/process_phase_U0/grp_process_phase_Pipeline_VITIS_LOOP_44_1_fu_38/a_1_reg_260_pp0_iter2_reg_reg[7]_srl2/D
                            (rising edge-triggered cell SRL16E clocked by clk_pl_0  {rise@0.000ns fall@1.666ns period=3.333ns})
  Path Group:             (none)
  Path Type:              Hold (Min at Fast Process Corner)
  Data Path Delay:        0.322ns  (logic 0.250ns (77.549%)  route 0.072ns (22.451%))
  Logic Levels:           5  (DSP_ALU=1 DSP_M_DATA=1 DSP_MULTIPLIER=1 DSP_OUTPUT=1 DSP_PREADD_DATA=1)
  Clock Uncertainty:      0.100ns  ((TSJ^2 + DJ^2)^1/2) / 2 + PE
    Total System Jitter     (TSJ):    0.050ns
    Discrete Jitter          (DJ):    0.195ns
    Phase Error              (PE):    0.000ns
  Clock Net Delay (Destination): 1.169ns (routing 0.352ns, distribution 0.817ns)

    Location             Delay type                Incr(ns)  Path(ns)    Netlist Resource(s)
  -------------------------------------------------------------------    -------------------
    DSP48E2_X4Y97        DSP_A_B_DATA                 0.000     0.000 r  thz_pipeline_top_i/mlkem_top_0/inst/process_phase_U0/grp_process_phase_Pipeline_VITIS_LOOP_44_1_fu_38/mul_16s_12ns_28_1_1_U18/tmp_product/DSP_A_B_DATA_INST/B2_DATA[7]
                         net (fo=1, routed)           0.000     0.000    thz_pipeline_top_i/mlkem_top_0/inst/process_phase_U0/grp_process_phase_Pipeline_VITIS_LOOP_44_1_fu_38/mul_16s_12ns_28_1_1_U18/tmp_product/DSP_A_B_DATA.B2_DATA<7>
    DSP48E2_X4Y97        DSP_PREADD_DATA (Prop_DSP_PREADD_DATA_DSP48E2_B2_DATA[7]_B2B1[7])
                                                      0.020     0.020 r  thz_pipeline_top_i/mlkem_top_0/inst/process_phase_U0/grp_process_phase_Pipeline_VITIS_LOOP_44_1_fu_38/mul_16s_12ns_28_1_1_U18/tmp_product/DSP_PREADD_DATA_INST/B2B1[7]
                         net (fo=1, routed)           0.000     0.020    thz_pipeline_top_i/mlkem_top_0/inst/process_phase_U0/grp_process_phase_Pipeline_VITIS_LOOP_44_1_fu_38/mul_16s_12ns_28_1_1_U18/tmp_product/DSP_PREADD_DATA.B2B1<7>
    DSP48E2_X4Y97        DSP_MULTIPLIER (Prop_DSP_MULTIPLIER_DSP48E2_B2B1[7]_U[7])
                                                      0.075     0.095 f  thz_pipeline_top_i/mlkem_top_0/inst/process_phase_U0/grp_process_phase_Pipeline_VITIS_LOOP_44_1_fu_38/mul_16s_12ns_28_1_1_U18/tmp_product/DSP_MULTIPLIER_INST/U[7]
                         net (fo=1, routed)           0.000     0.095    thz_pipeline_top_i/mlkem_top_0/inst/process_phase_U0/grp_process_phase_Pipeline_VITIS_LOOP_44_1_fu_38/mul_16s_12ns_28_1_1_U18/tmp_product/DSP_MULTIPLIER.U<7>
    DSP48E2_X4Y97        DSP_M_DATA (Prop_DSP_M_DATA_DSP48E2_U[7]_U_DATA[7])
                                                      0.012     0.107 r  thz_pipeline_top_i/mlkem_top_0/inst/process_phase_U0/grp_process_phase_Pipeline_VITIS_LOOP_44_1_fu_38/mul_16s_12ns_28_1_1_U18/tmp_product/DSP_M_DATA_INST/U_DATA[7]
                         net (fo=1, routed)           0.000     0.107    thz_pipeline_top_i/mlkem_top_0/inst/process_phase_U0/grp_process_phase_Pipeline_VITIS_LOOP_44_1_fu_38/mul_16s_12ns_28_1_1_U18/tmp_product/DSP_M_DATA.U_DATA<7>
    DSP48E2_X4Y97        DSP_ALU (Prop_DSP_ALU_DSP48E2_U_DATA[7]_ALU_OUT[7])
                                                      0.113     0.220 f  thz_pipeline_top_i/mlkem_top_0/inst/process_phase_U0/grp_process_phase_Pipeline_VITIS_LOOP_44_1_fu_38/mul_16s_12ns_28_1_1_U18/tmp_product/DSP_ALU_INST/ALU_OUT[7]
                         net (fo=1, routed)           0.000     0.220    thz_pipeline_top_i/mlkem_top_0/inst/process_phase_U0/grp_process_phase_Pipeline_VITIS_LOOP_44_1_fu_38/mul_16s_12ns_28_1_1_U18/tmp_product/DSP_ALU.ALU_OUT<7>
    DSP48E2_X4Y97        DSP_OUTPUT (Prop_DSP_OUTPUT_DSP48E2_ALU_OUT[7]_P[7])
                                                      0.030     0.250 r  thz_pipeline_top_i/mlkem_top_0/inst/process_phase_U0/grp_process_phase_Pipeline_VITIS_LOOP_44_1_fu_38/mul_16s_12ns_28_1_1_U18/tmp_product/DSP_OUTPUT_INST/P[7]
                         net (fo=2, routed)           0.072     0.322    thz_pipeline_top_i/mlkem_top_0/inst/process_phase_U0/grp_process_phase_Pipeline_VITIS_LOOP_44_1_fu_38/mul_16s_12ns_28_1_1_U18_n_533
    SLICE_X53Y240        SRL16E                                       r  thz_pipeline_top_i/mlkem_top_0/inst/process_phase_U0/grp_process_phase_Pipeline_VITIS_LOOP_44_1_fu_38/a_1_reg_260_pp0_iter2_reg_reg[7]_srl2/D
  -------------------------------------------------------------------    -------------------

                         (clock clk_pl_0 rise edge)
                                                      0.000     0.000 r  
    PS8_X0Y0             PS8                          0.000     0.000 r  thz_pipeline_top_i/zynq_ultra_ps_e_0/inst/PS8_i/PLCLK[0]
                         net (fo=1, routed)           0.154     0.154    thz_pipeline_top_i/zynq_ultra_ps_e_0/inst/pl_clk_unbuffered[0]
    BUFG_PS_X0Y80        BUFG_PS (Prop_BUFG_PS_I_O)
                                                      0.018     0.172 r  thz_pipeline_top_i/zynq_ultra_ps_e_0/inst/buffer_pl_clk_0.PL_CLK_0_BUFG/O
    X1Y2 (CLOCK_ROOT)    net (fo=30604, routed)       1.169     1.341    thz_pipeline_top_i/mlkem_top_0/inst/process_phase_U0/grp_process_phase_Pipeline_VITIS_LOOP_44_1_fu_38/ap_clk
    SLICE_X53Y240        SRL16E                                       r  thz_pipeline_top_i/mlkem_top_0/inst/process_phase_U0/grp_process_phase_Pipeline_VITIS_LOOP_44_1_fu_38/a_1_reg_260_pp0_iter2_reg_reg[7]_srl2/CLK

Slack:                    inf
  Source:                 thz_pipeline_top_i/mlkem_top_0/inst/process_phase_U0/grp_process_phase_Pipeline_VITIS_LOOP_44_1_fu_38/mul_16s_12ns_28_1_1_U18/tmp_product/DSP_A_B_DATA_INST/B2_DATA[17]
                            (internal pin)
  Destination:            thz_pipeline_top_i/mlkem_top_0/inst/process_phase_U0/grp_process_phase_Pipeline_VITIS_LOOP_44_1_fu_38/a_1_reg_260_pp0_iter2_reg_reg[22]_srl2/D
                            (rising edge-triggered cell SRL16E clocked by clk_pl_0  {rise@0.000ns fall@1.666ns period=3.333ns})
  Path Group:             (none)
  Path Type:              Hold (Min at Fast Process Corner)
  Data Path Delay:        0.323ns  (logic 0.250ns (77.399%)  route 0.073ns (22.601%))
  Logic Levels:           5  (DSP_ALU=1 DSP_M_DATA=1 DSP_MULTIPLIER=1 DSP_OUTPUT=1 DSP_PREADD_DATA=1)
  Clock Uncertainty:      0.100ns  ((TSJ^2 + DJ^2)^1/2) / 2 + PE
    Total System Jitter     (TSJ):    0.050ns
    Discrete Jitter          (DJ):    0.195ns
    Phase Error              (PE):    0.000ns
  Clock Net Delay (Destination): 1.169ns (routing 0.352ns, distribution 0.817ns)

    Location             Delay type                Incr(ns)  Path(ns)    Netlist Resource(s)
  -------------------------------------------------------------------    -------------------
    DSP48E2_X4Y97        DSP_A_B_DATA                 0.000     0.000 r  thz_pipeline_top_i/mlkem_top_0/inst/process_phase_U0/grp_process_phase_Pipeline_VITIS_LOOP_44_1_fu_38/mul_16s_12ns_28_1_1_U18/tmp_product/DSP_A_B_DATA_INST/B2_DATA[17]
                         net (fo=1, routed)           0.000     0.000    thz_pipeline_top_i/mlkem_top_0/inst/process_phase_U0/grp_process_phase_Pipeline_VITIS_LOOP_44_1_fu_38/mul_16s_12ns_28_1_1_U18/tmp_product/DSP_A_B_DATA.B2_DATA<17>
    DSP48E2_X4Y97        DSP_PREADD_DATA (Prop_DSP_PREADD_DATA_DSP48E2_B2_DATA[17]_B2B1[17])
                                                      0.020     0.020 r  thz_pipeline_top_i/mlkem_top_0/inst/process_phase_U0/grp_process_phase_Pipeline_VITIS_LOOP_44_1_fu_38/mul_16s_12ns_28_1_1_U18/tmp_product/DSP_PREADD_DATA_INST/B2B1[17]
                         net (fo=1, routed)           0.000     0.020    thz_pipeline_top_i/mlkem_top_0/inst/process_phase_U0/grp_process_phase_Pipeline_VITIS_LOOP_44_1_fu_38/mul_16s_12ns_28_1_1_U18/tmp_product/DSP_PREADD_DATA.B2B1<17>
    DSP48E2_X4Y97        DSP_MULTIPLIER (Prop_DSP_MULTIPLIER_DSP48E2_B2B1[17]_U[22])
                                                      0.075     0.095 f  thz_pipeline_top_i/mlkem_top_0/inst/process_phase_U0/grp_process_phase_Pipeline_VITIS_LOOP_44_1_fu_38/mul_16s_12ns_28_1_1_U18/tmp_product/DSP_MULTIPLIER_INST/U[22]
                         net (fo=1, routed)           0.000     0.095    thz_pipeline_top_i/mlkem_top_0/inst/process_phase_U0/grp_process_phase_Pipeline_VITIS_LOOP_44_1_fu_38/mul_16s_12ns_28_1_1_U18/tmp_product/DSP_MULTIPLIER.U<22>
    DSP48E2_X4Y97        DSP_M_DATA (Prop_DSP_M_DATA_DSP48E2_U[22]_U_DATA[22])
                                                      0.012     0.107 r  thz_pipeline_top_i/mlkem_top_0/inst/process_phase_U0/grp_process_phase_Pipeline_VITIS_LOOP_44_1_fu_38/mul_16s_12ns_28_1_1_U18/tmp_product/DSP_M_DATA_INST/U_DATA[22]
                         net (fo=1, routed)           0.000     0.107    thz_pipeline_top_i/mlkem_top_0/inst/process_phase_U0/grp_process_phase_Pipeline_VITIS_LOOP_44_1_fu_38/mul_16s_12ns_28_1_1_U18/tmp_product/DSP_M_DATA.U_DATA<22>
    DSP48E2_X4Y97        DSP_ALU (Prop_DSP_ALU_DSP48E2_U_DATA[22]_ALU_OUT[22])
                                                      0.113     0.220 f  thz_pipeline_top_i/mlkem_top_0/inst/process_phase_U0/grp_process_phase_Pipeline_VITIS_LOOP_44_1_fu_38/mul_16s_12ns_28_1_1_U18/tmp_product/DSP_ALU_INST/ALU_OUT[22]
                         net (fo=1, routed)           0.000     0.220    thz_pipeline_top_i/mlkem_top_0/inst/process_phase_U0/grp_process_phase_Pipeline_VITIS_LOOP_44_1_fu_38/mul_16s_12ns_28_1_1_U18/tmp_product/DSP_ALU.ALU_OUT<22>
    DSP48E2_X4Y97        DSP_OUTPUT (Prop_DSP_OUTPUT_DSP48E2_ALU_OUT[22]_P[22])
                                                      0.030     0.250 r  thz_pipeline_top_i/mlkem_top_0/inst/process_phase_U0/grp_process_phase_Pipeline_VITIS_LOOP_44_1_fu_38/mul_16s_12ns_28_1_1_U18/tmp_product/DSP_OUTPUT_INST/P[22]
                         net (fo=1, routed)           0.073     0.323    thz_pipeline_top_i/mlkem_top_0/inst/process_phase_U0/grp_process_phase_Pipeline_VITIS_LOOP_44_1_fu_38/mul_16s_12ns_28_1_1_U18_n_518
    SLICE_X53Y242        SRL16E                                       r  thz_pipeline_top_i/mlkem_top_0/inst/process_phase_U0/grp_process_phase_Pipeline_VITIS_LOOP_44_1_fu_38/a_1_reg_260_pp0_iter2_reg_reg[22]_srl2/D
  -------------------------------------------------------------------    -------------------

                         (clock clk_pl_0 rise edge)
                                                      0.000     0.000 r  
    PS8_X0Y0             PS8                          0.000     0.000 r  thz_pipeline_top_i/zynq_ultra_ps_e_0/inst/PS8_i/PLCLK[0]
                         net (fo=1, routed)           0.154     0.154    thz_pipeline_top_i/zynq_ultra_ps_e_0/inst/pl_clk_unbuffered[0]
    BUFG_PS_X0Y80        BUFG_PS (Prop_BUFG_PS_I_O)
                                                      0.018     0.172 r  thz_pipeline_top_i/zynq_ultra_ps_e_0/inst/buffer_pl_clk_0.PL_CLK_0_BUFG/O
    X1Y2 (CLOCK_ROOT)    net (fo=30604, routed)       1.169     1.341    thz_pipeline_top_i/mlkem_top_0/inst/process_phase_U0/grp_process_phase_Pipeline_VITIS_LOOP_44_1_fu_38/ap_clk
    SLICE_X53Y242        SRL16E                                       r  thz_pipeline_top_i/mlkem_top_0/inst/process_phase_U0/grp_process_phase_Pipeline_VITIS_LOOP_44_1_fu_38/a_1_reg_260_pp0_iter2_reg_reg[22]_srl2/CLK

Slack:                    inf
  Source:                 thz_pipeline_top_i/mlkem_top_0/inst/process_phase_U0/grp_process_phase_Pipeline_VITIS_LOOP_44_1_fu_38/mul_16s_13ns_29_1_1_U17/tmp_product/DSP_A_B_DATA_INST/B2_DATA[17]
                            (internal pin)
  Destination:            thz_pipeline_top_i/mlkem_top_0/inst/process_phase_U0/grp_process_phase_Pipeline_VITIS_LOOP_44_1_fu_38/a_2_reg_250_pp0_iter2_reg_reg[22]_srl2/D
                            (rising edge-triggered cell SRL16E clocked by clk_pl_0  {rise@0.000ns fall@1.666ns period=3.333ns})
  Path Group:             (none)
  Path Type:              Hold (Min at Fast Process Corner)
  Data Path Delay:        0.323ns  (logic 0.250ns (77.399%)  route 0.073ns (22.601%))
  Logic Levels:           5  (DSP_ALU=1 DSP_M_DATA=1 DSP_MULTIPLIER=1 DSP_OUTPUT=1 DSP_PREADD_DATA=1)
  Clock Uncertainty:      0.100ns  ((TSJ^2 + DJ^2)^1/2) / 2 + PE
    Total System Jitter     (TSJ):    0.050ns
    Discrete Jitter          (DJ):    0.195ns
    Phase Error              (PE):    0.000ns
  Clock Net Delay (Destination): 1.175ns (routing 0.352ns, distribution 0.823ns)

    Location             Delay type                Incr(ns)  Path(ns)    Netlist Resource(s)
  -------------------------------------------------------------------    -------------------
    DSP48E2_X5Y97        DSP_A_B_DATA                 0.000     0.000 r  thz_pipeline_top_i/mlkem_top_0/inst/process_phase_U0/grp_process_phase_Pipeline_VITIS_LOOP_44_1_fu_38/mul_16s_13ns_29_1_1_U17/tmp_product/DSP_A_B_DATA_INST/B2_DATA[17]
                         net (fo=1, routed)           0.000     0.000    thz_pipeline_top_i/mlkem_top_0/inst/process_phase_U0/grp_process_phase_Pipeline_VITIS_LOOP_44_1_fu_38/mul_16s_13ns_29_1_1_U17/tmp_product/DSP_A_B_DATA.B2_DATA<17>
    DSP48E2_X5Y97        DSP_PREADD_DATA (Prop_DSP_PREADD_DATA_DSP48E2_B2_DATA[17]_B2B1[17])
                                                      0.020     0.020 r  thz_pipeline_top_i/mlkem_top_0/inst/process_phase_U0/grp_process_phase_Pipeline_VITIS_LOOP_44_1_fu_38/mul_16s_13ns_29_1_1_U17/tmp_product/DSP_PREADD_DATA_INST/B2B1[17]
                         net (fo=1, routed)           0.000     0.020    thz_pipeline_top_i/mlkem_top_0/inst/process_phase_U0/grp_process_phase_Pipeline_VITIS_LOOP_44_1_fu_38/mul_16s_13ns_29_1_1_U17/tmp_product/DSP_PREADD_DATA.B2B1<17>
    DSP48E2_X5Y97        DSP_MULTIPLIER (Prop_DSP_MULTIPLIER_DSP48E2_B2B1[17]_U[22])
                                                      0.075     0.095 f  thz_pipeline_top_i/mlkem_top_0/inst/process_phase_U0/grp_process_phase_Pipeline_VITIS_LOOP_44_1_fu_38/mul_16s_13ns_29_1_1_U17/tmp_product/DSP_MULTIPLIER_INST/U[22]
                         net (fo=1, routed)           0.000     0.095    thz_pipeline_top_i/mlkem_top_0/inst/process_phase_U0/grp_process_phase_Pipeline_VITIS_LOOP_44_1_fu_38/mul_16s_13ns_29_1_1_U17/tmp_product/DSP_MULTIPLIER.U<22>
    DSP48E2_X5Y97        DSP_M_DATA (Prop_DSP_M_DATA_DSP48E2_U[22]_U_DATA[22])
                                                      0.012     0.107 r  thz_pipeline_top_i/mlkem_top_0/inst/process_phase_U0/grp_process_phase_Pipeline_VITIS_LOOP_44_1_fu_38/mul_16s_13ns_29_1_1_U17/tmp_product/DSP_M_DATA_INST/U_DATA[22]
                         net (fo=1, routed)           0.000     0.107    thz_pipeline_top_i/mlkem_top_0/inst/process_phase_U0/grp_process_phase_Pipeline_VITIS_LOOP_44_1_fu_38/mul_16s_13ns_29_1_1_U17/tmp_product/DSP_M_DATA.U_DATA<22>
    DSP48E2_X5Y97        DSP_ALU (Prop_DSP_ALU_DSP48E2_U_DATA[22]_ALU_OUT[22])
                                                      0.113     0.220 f  thz_pipeline_top_i/mlkem_top_0/inst/process_phase_U0/grp_process_phase_Pipeline_VITIS_LOOP_44_1_fu_38/mul_16s_13ns_29_1_1_U17/tmp_product/DSP_ALU_INST/ALU_OUT[22]
                         net (fo=1, routed)           0.000     0.220    thz_pipeline_top_i/mlkem_top_0/inst/process_phase_U0/grp_process_phase_Pipeline_VITIS_LOOP_44_1_fu_38/mul_16s_13ns_29_1_1_U17/tmp_product/DSP_ALU.ALU_OUT<22>
    DSP48E2_X5Y97        DSP_OUTPUT (Prop_DSP_OUTPUT_DSP48E2_ALU_OUT[22]_P[22])
                                                      0.030     0.250 r  thz_pipeline_top_i/mlkem_top_0/inst/process_phase_U0/grp_process_phase_Pipeline_VITIS_LOOP_44_1_fu_38/mul_16s_13ns_29_1_1_U17/tmp_product/DSP_OUTPUT_INST/P[22]
                         net (fo=1, routed)           0.073     0.323    thz_pipeline_top_i/mlkem_top_0/inst/process_phase_U0/grp_process_phase_Pipeline_VITIS_LOOP_44_1_fu_38/mul_16s_13ns_29_1_1_U17_n_519
    SLICE_X56Y242        SRL16E                                       r  thz_pipeline_top_i/mlkem_top_0/inst/process_phase_U0/grp_process_phase_Pipeline_VITIS_LOOP_44_1_fu_38/a_2_reg_250_pp0_iter2_reg_reg[22]_srl2/D
  -------------------------------------------------------------------    -------------------

                         (clock clk_pl_0 rise edge)
                                                      0.000     0.000 r  
    PS8_X0Y0             PS8                          0.000     0.000 r  thz_pipeline_top_i/zynq_ultra_ps_e_0/inst/PS8_i/PLCLK[0]
                         net (fo=1, routed)           0.154     0.154    thz_pipeline_top_i/zynq_ultra_ps_e_0/inst/pl_clk_unbuffered[0]
    BUFG_PS_X0Y80        BUFG_PS (Prop_BUFG_PS_I_O)
                                                      0.018     0.172 r  thz_pipeline_top_i/zynq_ultra_ps_e_0/inst/buffer_pl_clk_0.PL_CLK_0_BUFG/O
    X1Y2 (CLOCK_ROOT)    net (fo=30604, routed)       1.175     1.347    thz_pipeline_top_i/mlkem_top_0/inst/process_phase_U0/grp_process_phase_Pipeline_VITIS_LOOP_44_1_fu_38/ap_clk
    SLICE_X56Y242        SRL16E                                       r  thz_pipeline_top_i/mlkem_top_0/inst/process_phase_U0/grp_process_phase_Pipeline_VITIS_LOOP_44_1_fu_38/a_2_reg_250_pp0_iter2_reg_reg[22]_srl2/CLK





